DateHeure;H13D;H110D;HMAXD;HSIGMA;HRMSD;H2%D;TH13D;TH110D;TAVGD;THMAXD;TMAXD;ETAMAX;ETAMIN;SZ13D;SZMAXD;TSZMAXD;NBRE_VAG;SKEW;KURT;RHH;HM0;TP;T02;TE;EPS2;KAPA;THETAP;THETAM;SIGMAP;SIGMAM;QUALITE;NBSYS;HM0_S1;TP_S1;T02_S1;TE_S1;EPS2_S1;KAPA_S1;THETAP_S1;THETAM_S1;SIGMAP_S1;SIGMAM_S1;HM0_S2;TP_S2;T02_S2;TE_S2;EPS2_S2;KAPA_S2;THETAP_S2;THETAM_S2;SIGMAP_S2;SIGMAM_S2;HM0_S3;TP_S3;T02_S3;TE_S3;EPS2_S3;KAPA_S3;THETAP_S3;THETAM_S3;SIGMAP_S3;SIGMAM_S3;HM0_S4;TP_S4;T02_S4;TE_S4;EPS2_S4;KAPA_S4;THETAP_S4;THETAM_S4;SIGMAP_S4;SIGMAM_S4
2009-11-09 14:30:00;1.64;2.15;2.46;1.72;1.16;2.41;14.00;14.00;12.20;14.00;19.20;1.28;1.32;0.008;0.013;4.30;116;-0.006;3.109;0.53;999.999;999.999;999.999;999.999;999.999;999.999;999.999;999.999;999.999;999.999;;;;;;;;;;;;;;;;;;;;;;;;;;;;;;;;;;;;;;;;;;
2009-11-09 15:00:00;999.999;999.999;999.999;999.999;999.999;999.999;999.999;999.999;999.999;999.999;999.999;999.999;999.999;999.999;999.999;999.999;999;999.999;999.999;999.999;999.999;999.999;999.999;999.999;999.999;999.999;999.999;999.999;999.999;999.999;;;;;;;;;;;;;;;;;;;;;;;;;;;;;;;;;;;;;;;;;;
2009-11-09 15:30:00;1.92;2.50;3.17;2.10;1.37;2.75;11.10;11.20;9.40;11.90;15.70;1.73;1.58;0.019;0.136;1.40;78;0.073;2.727;0.47;999.999;999.999;999.999;999.999;999.999;999.999;999.999;999.999;999.999;999.999;;;;;;;;;;;;;;;;;;;;;;;;;;;;;;;;;;;;;;;;;;
2009-11-09 16:00:00;1.66;2.09;3.13;1.76;1.18;2.41;10.60;10.50;8.50;10.10;14.60;1.59;1.54;0.020;0.089;1.00;188;0.009;3.098;0.40;1.75;11.40;8.30;10.20;0.44;0.45;293.20;290.00;24.00;28.20;;;;;;;;;;;;;;;;;;;;;;;;;;;;;;;;;;;;;;;;;;
2009-11-09 16:30:00;1.84;2.21;2.52;1.96;1.32;2.32;10.60;10.80;9.00;7.80;16.10;1.39;1.58;0.018;0.111;1.60;176;0.099;2.706;0.32;1.96;12.20;8.80;10.60;0.41;0.46;291.90;289.80;20.30;25.50;;;;;;;;;;;;;;;;;;;;;;;;;;;;;;;;;;;;;;;;;;
2009-11-09 17:00:00;1.65;2.06;2.47;1.70;1.18;2.27;10.50;10.20;8.90;10.30;16.40;1.33;1.26;0.017;0.040;3.40;178;0.094;2.948;0.25;1.68;12.20;8.30;10.10;0.44;0.43;292.40;288.00;23.70;29.50;;;;;;;;;;;;;;;;;;;;;;;;;;;;;;;;;;;;;;;;;;
2009-11-09 17:30:00;1.76;2.18;2.85;1.88;1.28;2.51;10.60;10.70;9.00;11.40;16.80;1.44;1.48;0.017;0.046;3.50;176;0.088;2.794;0.40;1.80;11.80;8.50;10.30;0.43;0.46;295.00;290.00;20.30;27.40;;;;;;;;;;;;;;;;;;;;;;;;;;;;;;;;;;;;;;;;;;
2009-11-09 18:00:00;1.83;2.26;3.56;1.91;1.28;2.37;10.70;10.90;8.50;10.80;15.20;1.88;1.68;0.019;0.092;1.20;188;0.081;3.112;0.48;1.86;11.70;8.60;10.30;0.42;0.48;290.00;284.90;23.60;28.50;;;;;;;;;;;;;;;;;;;;;;;;;;;;;;;;;;;;;;;;;;
2009-11-09 18:30:00;1.58;2.06;2.91;1.72;1.12;2.73;10.40;10.70;7.90;12.30;15.20;1.53;1.66;0.024;0.141;0.90;201;-0.049;3.411;0.37;1.68;12.10;8.20;10.10;0.46;0.43;287.70;285.00;27.60;33.60;;;;;;;;;;;;;;;;;;;;;;;;;;;;;;;;;;;;;;;;;;
2009-11-09 19:00:00;1.69;2.02;2.39;1.80;1.21;2.17;10.30;10.70;8.10;11.30;14.00;1.29;1.40;0.024;0.115;1.00;196;0.059;2.776;0.40;1.81;12.10;7.90;9.80;0.45;0.42;288.00;284.30;25.30;30.10;;;;;;;;;;;;;;;;;;;;;;;;;;;;;;;;;;;;;;;;;;
2009-11-09 19:30:00;1.72;2.15;2.61;1.80;1.18;2.40;10.00;10.00;7.70;9.50;15.70;1.39;1.36;0.026;0.139;0.90;207;0.047;2.924;0.41;1.80;11.70;7.90;9.90;0.47;0.46;290.20;285.50;23.20;28.90;;;;;;;;;;;;;;;;;;;;;;;;;;;;;;;;;;;;;;;;;;
2009-11-09 20:00:00;1.75;2.19;2.80;1.83;1.20;2.43;9.90;10.10;7.50;9.30;14.80;1.50;1.68;0.030;0.251;1.00;212;-0.036;3.089;0.42;1.86;11.30;7.70;9.70;0.49;0.50;289.90;285.30;21.10;29.30;;;;;;;;;;;;;;;;;;;;;;;;;;;;;;;;;;;;;;;;;;
2009-11-09 20:30:00;1.61;2.00;2.62;1.71;1.13;2.23;9.80;9.80;7.20;9.50;14.00;1.49;1.38;0.040;0.431;1.00;223;0.104;2.938;0.37;1.67;10.20;7.10;9.40;0.53;0.47;293.90;284.10;27.10;34.10;;;;;;;;;;;;;;;;;;;;;;;;;;;;;;;;;;;;;;;;;;
2009-11-09 21:00:00;1.69;2.12;3.20;1.80;1.20;2.52;9.20;9.40;7.40;8.50;14.10;1.82;1.39;0.031;0.114;1.30;215;-0.008;3.038;0.35;1.73;10.10;6.90;9.10;0.53;0.43;294.40;283.30;26.10;31.90;;;;;;;;;;;;;;;;;;;;;;;;;;;;;;;;;;;;;;;;;;
2009-11-09 21:30:00;1.71;2.13;3.05;1.84;1.23;2.40;9.90;10.00;7.50;9.70;13.40;1.76;1.52;0.033;0.288;1.00;212;0.023;2.852;0.26;1.83;11.40;7.10;9.60;0.55;0.48;294.20;286.80;25.50;30.80;;;;;;;;;;;;;;;;;;;;;;;;;;;;;;;;;;;;;;;;;;
2009-11-09 22:00:00;1.66;2.08;2.83;1.77;1.15;2.28;9.40;9.90;6.70;9.30;13.00;1.62;1.43;0.038;0.275;1.00;238;0.018;3.013;0.36;1.74;10.50;6.80;9.20;0.55;0.46;295.90;281.00;29.80;33.20;;;;;;;;;;;;;;;;;;;;;;;;;;;;;;;;;;;;;;;;;;
2009-11-09 22:30:00;1.61;2.06;2.50;1.75;1.13;2.36;8.80;9.30;6.40;10.30;13.00;1.50;1.38;0.046;0.436;0.90;247;-0.024;2.972;0.28;1.76;11.40;6.40;8.70;0.54;0.43;293.70;282.70;30.60;32.80;;;;;;;;;;;;;;;;;;;;;;;;;;;;;;;;;;;;;;;;;;
2009-11-09 23:00:00;1.63;1.99;2.62;1.78;1.16;2.11;9.30;9.80;6.80;8.80;14.20;1.45;1.25;0.039;0.146;1.30;235;0.026;2.728;0.19;1.75;11.80;6.50;9.00;0.56;0.43;293.60;282.90;24.80;31.80;;;;;;;;;;;;;;;;;;;;;;;;;;;;;;;;;;;;;;;;;;
2009-11-09 23:30:00;1.62;2.00;2.64;1.73;1.14;2.18;8.90;9.20;6.30;8.90;13.30;1.41;1.30;0.050;0.196;1.10;255;-0.008;2.863;0.22;1.70;10.10;5.90;8.40;0.57;0.50;291.40;278.90;30.30;31.50;;;;;;;;;;;;;;;;;;;;;;;;;;;;;;;;;;;;;;;;;;
2009-11-10 00:00:00;1.57;1.96;2.37;1.72;1.09;2.16;8.40;8.70;5.90;10.10;13.80;1.36;1.35;0.047;0.181;1.40;270;0.059;2.871;0.24;1.70;11.00;5.80;8.20;0.55;0.51;293.60;276.60;30.90;33.00;;;;;;;;;;;;;;;;;;;;;;;;;;;;;;;;;;;;;;;;;;
2009-11-10 00:30:00;1.49;1.92;2.58;1.65;1.05;2.19;8.20;8.80;5.70;8.90;13.60;1.51;1.32;0.048;0.277;1.00;278;0.064;3.048;0.29;1.67;11.40;5.90;8.40;0.56;0.51;289.60;276.10;29.90;33.50;;;;;;;;;;;;;;;;;;;;;;;;;;;;;;;;;;;;;;;;;;
2009-11-10 01:00:00;1.53;1.91;2.45;1.68;1.09;2.33;8.10;8.60;5.90;9.00;12.10;1.45;1.39;0.046;0.110;2.20;268;0.109;3.035;0.17;1.66;11.10;5.70;8.20;0.56;0.51;289.30;272.10;30.80;34.40;;;;;;;;;;;;;;;;;;;;;;;;;;;;;;;;;;;;;;;;;;
2009-11-10 01:30:00;1.45;1.80;2.23;1.59;1.04;1.99;7.50;8.10;5.60;9.00;13.10;1.41;1.26;0.053;0.165;1.40;285;0.098;2.984;0.19;1.59;10.60;5.40;7.60;0.53;0.45;287.70;269.10;27.90;34.40;;;;;;;;;;;;;;;;;;;;;;;;;;;;;;;;;;;;;;;;;;
2009-11-10 02:00:00;1.57;2.00;2.50;1.71;1.11;2.31;8.00;8.90;5.80;9.60;12.40;1.34;1.45;0.051;0.321;1.20;274;0.012;3.059;0.23;1.68;10.50;5.60;7.80;0.53;0.42;287.40;268.60;35.10;34.70;;;;;;;;;;;;;;;;;;;;;;;;;;;;;;;;;;;;;;;;;;
2009-11-10 02:30:00;1.47;1.79;2.27;1.64;1.03;1.90;7.20;8.60;5.30;8.20;12.30;1.27;1.30;0.058;0.352;1.10;300;0.121;2.903;0.13;1.59;11.70;5.30;7.60;0.53;0.33;292.70;264.70;30.70;35.70;;;;;;;;;;;;;;;;;;;;;;;;;;;;;;;;;;;;;;;;;;
2009-11-10 03:00:00;1.44;1.76;2.26;1.60;1.04;1.87;6.70;7.30;5.30;7.80;13.10;1.38;1.42;0.058;0.380;1.00;300;0.034;2.974;0.06;1.61;11.10;5.20;7.40;0.50;0.27;288.50;258.20;31.10;36.90;;;;;;;;;;;;;;;;;;;;;;;;;;;;;;;;;;;;;;;;;;
2009-11-10 03:30:00;1.40;1.81;2.31;1.57;1.02;1.96;6.20;6.50;5.00;6.50;12.40;1.80;1.24;0.056;0.254;1.00;319;0.126;3.220;0.07;1.57;11.10;4.80;6.60;0.46;0.08;285.40;246.50;39.50;38.30;;;;;;;;;;;;;;;;;;;;;;;;;;;;;;;;;;;;;;;;;;
2009-11-10 04:00:00;1.51;1.88;3.10;1.67;1.09;2.04;6.20;6.60;5.00;6.30;11.80;1.65;1.45;0.065;0.587;0.90;320;0.020;3.035;0.08;1.63;11.00;4.90;6.60;0.45;0.02;286.90;242.50;40.30;37.20;;;;;;;;;;;;;;;;;;;;;;;;;;;;;;;;;;;;;;;;;;
2009-11-10 04:30:00;1.49;1.82;2.28;1.64;1.08;1.93;5.80;6.40;4.90;5.80;12.50;1.58;1.34;0.055;0.154;2.20;326;0.165;2.995;0.09;1.62;4.90;4.70;6.30;0.43;0.06;222.10;236.60;28.60;35.40;;;;;;;;;;;;;;;;;;;;;;;;;;;;;;;;;;;;;;;;;;
2009-11-10 05:00:00;1.52;1.93;2.85;1.71;1.10;2.14;5.80;6.30;4.80;9.00;11.20;1.88;1.41;0.058;0.402;0.90;329;0.172;3.319;0.23;1.69;4.90;4.80;6.50;0.45;0.02;216.20;234.90;33.00;36.50;;;;;;;;;;;;;;;;;;;;;;;;;;;;;;;;;;;;;;;;;;
2009-11-10 05:30:00;1.56;1.93;2.61;1.73;1.12;2.07;6.30;6.70;5.00;6.90;12.50;1.65;1.63;0.060;0.269;1.00;321;0.029;2.918;0.13;1.78;4.90;5.10;6.80;0.45;0.05;209.10;233.50;26.10;35.40;;;;;;;;;;;;;;;;;;;;;;;;;;;;;;;;;;;;;;;;;;
2009-11-10 06:00:00;1.61;2.00;3.49;1.81;1.17;2.31;6.40;6.50;5.00;7.40;11.60;1.94;1.55;0.058;0.291;1.10;316;0.114;3.148;0.08;1.79;11.00;5.00;6.70;0.45;0.04;290.50;237.40;33.00;35.90;;;;;;;;;;;;;;;;;;;;;;;;;;;;;;;;;;;;;;;;;;
2009-11-10 06:30:00;1.66;2.05;2.72;1.84;1.22;2.24;6.10;6.20;5.10;9.00;11.00;1.83;1.51;0.057;0.226;1.00;310;0.089;2.949;0.17;1.85;5.20;5.00;6.30;0.41;0.14;208.70;232.10;29.10;34.80;;;;;;;;;;;;;;;;;;;;;;;;;;;;;;;;;;;;;;;;;;
2009-11-10 07:00:00;1.88;2.34;2.92;2.05;1.34;2.62;6.10;6.50;5.10;6.90;10.80;1.67;1.81;0.062;0.320;1.20;314;0.057;3.046;0.21;2.04;5.50;5.10;6.40;0.39;0.23;214.20;231.10;26.90;33.60;;;;;;;;;;;;;;;;;;;;;;;;;;;;;;;;;;;;;;;;;;
2009-11-10 07:30:00;1.77;2.16;2.56;1.95;1.29;2.36;6.60;6.10;5.40;6.50;12.80;1.61;1.62;0.054;0.270;1.10;294;0.028;2.906;0.19;1.90;5.60;5.30;6.80;0.42;0.13;210.70;229.20;36.50;38.90;;;;;;;;;;;;;;;;;;;;;;;;;;;;;;;;;;;;;;;;;;
2009-11-10 08:00:00;1.63;1.99;2.70;1.83;1.16;2.18;6.20;6.50;4.90;6.50;11.50;1.59;1.48;0.068;0.444;0.90;323;0.051;3.039;0.29;1.83;5.50;5.00;6.70;0.46;0.21;205.70;242.40;38.10;40.60;;;;;;;;;;;;;;;;;;;;;;;;;;;;;;;;;;;;;;;;;;
2009-11-10 08:30:00;1.60;1.92;2.70;1.74;1.14;2.04;6.00;6.00;4.80;5.40;11.90;1.35;1.37;0.066;0.347;0.90;331;0.054;2.940;0.19;1.73;5.30;4.70;6.20;0.43;0.20;207.60;251.30;45.30;43.80;;;;;;;;;;;;;;;;;;;;;;;;;;;;;;;;;;;;;;;;;;
2009-11-10 09:00:00;1.65;2.02;2.64;1.82;1.20;2.22;6.00;6.30;4.80;5.80;11.00;1.56;1.59;0.067;0.333;0.90;329;0.116;3.030;0.20;1.78;5.60;4.70;6.10;0.43;0.16;226.80;259.60;39.30;42.20;;;;;;;;;;;;;;;;;;;;;;;;;;;;;;;;;;;;;;;;;;
2009-11-10 09:30:00;1.60;1.98;2.33;1.78;1.17;2.25;6.10;6.50;5.00;5.20;11.90;1.65;1.48;0.061;0.272;1.30;319;0.124;2.947;0.21;1.76;5.50;4.80;6.30;0.43;0.15;214.70;261.30;42.90;42.10;;;;;;;;;;;;;;;;;;;;;;;;;;;;;;;;;;;;;;;;;;
2009-11-10 10:00:00;1.57;1.95;2.58;1.76;1.12;2.20;5.80;6.30;4.60;6.60;12.60;1.65;1.45;0.070;0.310;1.00;349;0.020;3.025;0.22;1.71;5.50;4.80;6.30;0.44;0.13;229.10;269.40;40.00;43.30;;;;;;;;;;;;;;;;;;;;;;;;;;;;;;;;;;;;;;;;;;
2009-11-10 10:30:00;1.62;2.00;2.55;1.78;1.16;2.17;6.20;6.00;4.90;6.10;11.40;1.43;1.40;0.065;0.291;1.00;322;-0.037;2.847;0.13;1.76;6.10;4.80;6.30;0.44;0.14;249.40;274.60;37.30;42.50;;;;;;;;;;;;;;;;;;;;;;;;;;;;;;;;;;;;;;;;;;
2009-11-10 11:00:00;1.59;1.90;2.36;1.72;1.12;2.11;6.20;6.40;4.80;7.60;11.50;1.42;1.15;0.066;0.300;1.10;332;0.144;2.889;0.20;1.69;5.80;4.90;6.30;0.43;0.16;243.20;273.80;45.50;44.00;;;;;;;;;;;;;;;;;;;;;;;;;;;;;;;;;;;;;;;;;;
2009-11-10 11:30:00;1.69;2.14;2.73;1.84;1.20;2.46;6.10;6.10;5.00;5.10;11.60;1.81;1.48;0.063;0.334;0.90;319;0.139;3.242;0.27;1.81;6.10;5.00;6.30;0.41;0.30;262.70;277.50;31.30;38.30;;;;;;;;;;;;;;;;;;;;;;;;;;;;;;;;;;;;;;;;;;
2009-11-10 12:00:00;1.63;2.00;2.61;1.80;1.17;2.24;5.90;6.00;4.90;7.20;9.90;1.61;1.34;0.068;0.678;0.90;324;0.127;2.986;0.13;1.78;6.00;4.90;6.20;0.42;0.25;262.30;278.60;36.10;41.00;;;;;;;;;;;;;;;;;;;;;;;;;;;;;;;;;;;;;;;;;;
2009-11-10 12:30:00;1.65;2.10;3.32;1.82;1.20;2.49;6.20;6.60;5.10;6.70;10.20;2.14;1.58;0.051;0.136;1.30;314;0.116;3.213;0.22;1.81;6.30;5.10;6.30;0.41;0.29;269.80;278.40;36.60;40.30;;;;;;;;;;;;;;;;;;;;;;;;;;;;;;;;;;;;;;;;;;
2009-11-10 13:00:00;1.65;2.03;2.69;1.78;1.19;2.36;6.30;6.10;5.20;6.50;9.80;1.49;1.61;0.051;0.206;1.00;307;0.062;2.866;0.17;1.78;6.50;5.10;6.40;0.41;0.30;268.70;279.10;26.90;38.40;;;;;;;;;;;;;;;;;;;;;;;;;;;;;;;;;;;;;;;;;;
2009-11-10 13:30:00;1.70;2.13;3.31;1.86;1.22;2.40;6.50;6.50;5.30;6.20;11.60;1.87;1.44;0.052;0.234;1.10;304;0.150;3.065;0.22;1.86;6.30;5.30;6.50;0.40;0.37;270.80;277.80;32.90;35.90;;;;;;;;;;;;;;;;;;;;;;;;;;;;;;;;;;;;;;;;;;
2009-11-10 14:00:00;1.57;2.01;2.62;1.71;1.13;2.15;6.40;6.50;5.20;6.00;12.20;1.64;1.45;0.064;0.514;0.90;306;0.156;3.103;0.24;1.69;6.50;5.30;6.60;0.41;0.32;274.70;279.80;34.50;37.10;;;;;;;;;;;;;;;;;;;;;;;;;;;;;;;;;;;;;;;;;;
2009-11-10 14:30:00;1.60;1.97;2.65;1.75;1.14;2.14;6.60;6.80;5.30;6.90;10.80;1.27;1.38;0.049;0.252;1.10;301;0.051;2.892;0.33;1.69;6.50;5.20;6.60;0.43;0.35;269.50;279.20;30.90;36.60;;;;;;;;;;;;;;;;;;;;;;;;;;;;;;;;;;;;;;;;;;
2009-11-10 15:00:00;1.54;1.90;2.60;1.67;1.09;2.13;6.70;6.90;5.40;6.60;11.40;1.34;1.42;0.052;0.233;1.10;296;0.106;2.965;0.16;1.66;6.80;5.30;6.80;0.44;0.37;274.40;279.90;26.90;35.20;;;;;;;;;;;;;;;;;;;;;;;;;;;;;;;;;;;;;;;;;;
2009-11-10 15:30:00;1.55;1.99;2.52;1.70;1.09;2.23;6.80;7.00;5.20;6.30;11.90;1.43;1.61;0.044;0.194;1.10;305;0.147;3.154;0.28;1.68;6.80;5.40;6.70;0.42;0.32;281.20;280.50;29.00;34.70;;;;;;;;;;;;;;;;;;;;;;;;;;;;;;;;;;;;;;;;;;
2009-11-10 16:00:00;1.72;2.17;2.98;1.86;1.22;2.40;6.70;7.00;5.50;7.60;11.40;1.53;1.57;0.048;0.134;1.50;291;0.018;3.100;0.28;1.85;7.00;5.60;6.70;0.39;0.37;277.90;277.20;25.10;31.90;;;;;;;;;;;;;;;;;;;;;;;;;;;;;;;;;;;;;;;;;;
2009-11-10 16:30:00;1.61;1.93;2.70;1.75;1.15;2.07;6.90;6.90;5.70;6.00;11.30;1.43;1.38;0.039;0.122;1.60;282;0.094;2.919;0.31;1.75;6.90;5.60;6.90;0.40;0.37;276.00;278.20;28.60;31.60;;;;;;;;;;;;;;;;;;;;;;;;;;;;;;;;;;;;;;;;;;
2009-11-10 17:00:00;1.61;1.95;2.35;1.73;1.16;2.10;7.00;7.20;5.80;7.40;11.10;1.41;1.20;0.039;0.138;1.30;272;0.075;2.836;0.27;1.74;7.30;5.70;7.00;0.41;0.35;285.40;281.70;24.50;32.30;;;;;;;;;;;;;;;;;;;;;;;;;;;;;;;;;;;;;;;;;;
2009-11-10 17:30:00;1.60;2.02;2.89;1.72;1.13;2.23;7.10;7.70;5.80;5.90;11.80;1.61;1.58;0.042;0.237;1.30;274;0.060;3.097;0.28;1.71;7.70;5.70;7.20;0.43;0.39;281.40;281.10;23.00;32.90;;;;;;;;;;;;;;;;;;;;;;;;;;;;;;;;;;;;;;;;;;
2009-11-10 18:00:00;1.71;2.18;3.09;1.81;1.19;2.38;7.40;7.70;5.70;7.20;11.30;1.82;1.60;0.043;0.163;1.90;278;-0.006;3.260;0.27;1.77;7.80;5.80;7.30;0.43;0.36;286.60;280.50;21.60;31.90;;;;;;;;;;;;;;;;;;;;;;;;;;;;;;;;;;;;;;;;;;
2009-11-10 18:30:00;1.65;2.03;2.57;1.76;1.20;2.25;7.70;7.90;6.20;7.40;11.80;1.40;1.50;0.036;0.169;1.10;258;0.049;2.812;0.35;1.76;7.00;5.80;7.40;0.45;0.37;283.50;279.80;25.60;30.80;;;;;;;;;;;;;;;;;;;;;;;;;;;;;;;;;;;;;;;;;;
2009-11-10 19:00:00;1.68;2.03;2.44;1.80;1.22;2.23;7.50;7.40;6.20;6.30;11.20;1.61;1.46;0.041;0.232;1.10;257;0.051;2.882;0.26;1.79;7.20;5.90;7.40;0.43;0.38;280.50;280.90;25.50;31.40;;;;;;;;;;;;;;;;;;;;;;;;;;;;;;;;;;;;;;;;;;
2009-11-10 19:30:00;1.71;2.21;2.73;1.85;1.22;2.56;7.40;7.90;5.90;8.30;12.40;1.53;1.67;0.040;0.141;1.00;271;0.080;3.168;0.25;1.86;7.50;6.00;7.50;0.43;0.36;292.00;281.60;24.10;33.20;;;;;;;;;;;;;;;;;;;;;;;;;;;;;;;;;;;;;;;;;;
2009-11-10 20:00:00;1.67;2.09;2.72;1.88;1.20;2.23;7.20;7.80;5.70;7.90;11.30;1.58;1.52;0.045;0.307;0.80;278;0.117;2.989;0.24;1.85;7.00;5.90;7.50;0.45;0.30;283.50;282.30;30.40;34.40;;;;;;;;;;;;;;;;;;;;;;;;;;;;;;;;;;;;;;;;;;
2009-11-10 20:30:00;1.60;2.05;3.21;1.76;1.14;2.38;7.70;7.80;5.90;7.70;12.30;1.50;1.86;0.041;0.108;1.80;272;-0.050;3.302;0.16;1.73;7.80;5.90;7.90;0.49;0.33;290.90;281.40;29.90;36.10;;;;;;;;;;;;;;;;;;;;;;;;;;;;;;;;;;;;;;;;;;
2009-11-10 21:00:00;1.71;2.24;3.12;1.84;1.22;2.52;7.90;7.60;6.20;8.80;12.10;1.77;1.57;0.037;0.141;1.20;257;0.080;3.267;0.18;1.85;8.00;6.00;7.80;0.45;0.33;296.50;279.10;24.30;34.50;;;;;;;;;;;;;;;;;;;;;;;;;;;;;;;;;;;;;;;;;;
2009-11-10 21:30:00;1.78;2.16;2.59;1.90;1.26;2.41;8.40;9.20;6.50;7.10;13.90;1.40;1.31;0.038;0.166;1.60;246;0.088;2.914;0.28;1.91;10.60;6.50;8.50;0.48;0.33;277.60;278.10;23.00;33.00;;;;;;;;;;;;;;;;;;;;;;;;;;;;;;;;;;;;;;;;;;
2009-11-10 22:00:00;1.84;2.22;2.76;2.01;1.35;2.38;8.80;9.20;7.00;7.00;12.90;1.51;1.53;0.033;0.106;2.20;227;0.020;2.750;0.20;2.03;9.40;6.70;8.60;0.47;0.37;279.50;279.00;23.70;31.00;;;;;;;;;;;;;;;;;;;;;;;;;;;;;;;;;;;;;;;;;;
2009-11-10 22:30:00;1.80;2.18;2.77;1.95;1.29;2.35;8.40;8.80;6.50;8.10;13.90;1.56;1.51;0.038;0.172;1.20;246;0.041;2.926;0.22;1.95;10.90;6.60;8.60;0.47;0.27;278.20;274.40;24.20;34.30;;;;;;;;;;;;;;;;;;;;;;;;;;;;;;;;;;;;;;;;;;
2009-11-10 23:00:00;1.82;2.26;2.70;1.98;1.27;2.48;8.60;8.40;6.40;8.80;12.90;1.73;1.54;0.038;0.249;1.20;248;0.075;3.007;0.22;1.94;9.90;6.60;8.50;0.47;0.33;285.20;279.30;20.50;32.80;;;;;;;;;;;;;;;;;;;;;;;;;;;;;;;;;;;;;;;;;;
2009-11-10 23:30:00;1.92;2.46;3.20;2.06;1.36;2.88;8.50;9.20;6.90;7.90;14.20;1.73;1.80;0.034;0.103;1.60;231;-0.023;3.120;0.06;2.09;10.60;6.90;8.90;0.46;0.33;279.40;277.60;19.60;30.70;;;;;;;;;;;;;;;;;;;;;;;;;;;;;;;;;;;;;;;;;;
2009-11-11 00:00:00;1.91;2.30;2.73;2.05;1.37;2.55;9.10;9.80;7.20;7.80;15.00;1.65;1.34;0.034;0.110;1.70;221;0.190;2.790;0.27;2.01;9.40;6.80;8.90;0.47;0.35;285.50;276.60;21.50;29.40;;;;;;;;;;;;;;;;;;;;;;;;;;;;;;;;;;;;;;;;;;
2009-11-11 00:30:00;1.92;2.40;2.88;2.08;1.39;2.73;8.80;9.00;7.00;7.70;15.10;1.92;1.55;0.036;0.281;1.00;227;0.204;2.851;0.24;2.09;8.40;6.90;8.70;0.43;0.24;283.90;277.70;20.00;30.30;;;;;;;;;;;;;;;;;;;;;;;;;;;;;;;;;;;;;;;;;;
2009-11-11 01:00:00;1.88;2.30;2.93;2.00;1.34;2.54;8.90;8.70;7.10;9.40;13.80;1.69;1.47;0.037;0.128;2.40;225;0.055;2.932;0.21;1.97;10.30;6.90;9.00;0.48;0.28;278.60;277.20;20.40;31.10;;;;;;;;;;;;;;;;;;;;;;;;;;;;;;;;;;;;;;;;;;
2009-11-11 01:30:00;1.91;2.25;2.74;2.06;1.37;2.53;9.30;9.90;7.30;13.20;14.10;1.89;1.58;0.031;0.232;1.30;218;0.056;2.862;0.12;2.06;12.20;7.20;9.30;0.47;0.28;277.00;277.10;20.20;28.80;;;;;;;;;;;;;;;;;;;;;;;;;;;;;;;;;;;;;;;;;;
2009-11-11 02:00:00;2.04;2.39;2.89;2.21;1.50;2.56;9.60;9.10;7.70;8.90;14.40;1.67;1.45;0.033;0.117;1.40;206;0.047;2.594;0.05;2.22;11.60;7.30;9.40;0.46;0.27;281.30;277.10;19.00;28.00;;;;;;;;;;;;;;;;;;;;;;;;;;;;;;;;;;;;;;;;;;
2009-11-11 02:30:00;2.00;2.65;3.31;2.15;1.43;3.16;9.70;9.90;7.60;9.80;15.30;1.76;1.93;0.026;0.049;2.90;209;-0.010;3.152;0.19;2.15;11.50;7.40;9.50;0.46;0.28;283.60;279.00;20.40;29.30;;;;;;;;;;;;;;;;;;;;;;;;;;;;;;;;;;;;;;;;;;
2009-11-11 03:00:00;2.12;2.63;3.34;2.25;1.51;2.99;10.30;9.60;7.90;10.20;15.50;1.72;1.70;0.027;0.061;2.70;202;0.019;2.801;0.22;2.25;12.50;7.70;9.80;0.46;0.30;282.40;279.60;18.90;26.80;;;;;;;;;;;;;;;;;;;;;;;;;;;;;;;;;;;;;;;;;;
2009-11-11 03:30:00;1.96;2.40;3.30;2.15;1.41;2.61;9.80;10.70;7.70;8.10;16.70;1.86;1.73;0.028;0.113;2.00;205;0.016;2.886;0.28;2.15;13.10;7.60;9.90;0.47;0.26;286.00;278.00;15.30;26.90;;;;;;;;;;;;;;;;;;;;;;;;;;;;;;;;;;;;;;;;;;
2009-11-11 04:00:00;1.99;2.52;3.36;2.08;1.41;2.80;10.00;11.00;8.10;11.20;15.20;2.05;2.00;0.028;0.130;1.20;197;0.017;3.193;0.28;2.06;12.20;7.80;10.00;0.47;0.36;286.40;280.50;19.80;29.70;;;;;;;;;;;;;;;;;;;;;;;;;;;;;;;;;;;;;;;;;;
2009-11-11 04:30:00;2.07;2.60;3.36;2.22;1.49;2.85;10.90;10.60;8.50;9.70;16.30;1.92;1.83;0.025;0.079;2.60;186;-0.035;2.872;0.36;2.27;13.10;8.30;10.70;0.49;0.40;289.90;281.80;15.90;27.10;;;;;;;;;;;;;;;;;;;;;;;;;;;;;;;;;;;;;;;;;;
2009-11-11 05:00:00;2.08;2.59;3.48;2.25;1.51;3.01;10.70;10.60;8.30;10.30;16.70;2.12;2.10;0.027;0.055;2.20;191;-0.082;3.019;0.19;2.28;13.10;8.10;10.50;0.47;0.31;288.30;281.40;16.40;26.80;;;;;;;;;;;;;;;;;;;;;;;;;;;;;;;;;;;;;;;;;;
2009-11-11 05:30:00;2.01;2.57;3.53;2.13;1.41;2.93;10.50;10.60;7.90;8.60;15.00;2.08;1.76;0.031;0.239;0.90;202;-0.007;3.197;0.34;2.16;12.20;8.00;10.20;0.46;0.35;290.20;281.10;19.20;29.10;;;;;;;;;;;;;;;;;;;;;;;;;;;;;;;;;;;;;;;;;;
2009-11-11 06:00:00;2.06;2.57;3.20;2.21;1.46;2.96;10.90;11.70;8.40;13.50;16.40;2.09;2.04;0.024;0.121;1.80;189;0.003;3.122;0.31;2.17;12.70;8.30;10.70;0.48;0.40;290.90;282.20;19.90;28.90;;;;;;;;;;;;;;;;;;;;;;;;;;;;;;;;;;;;;;;;;;
2009-11-11 06:30:00;2.05;2.58;3.40;2.23;1.46;2.91;10.90;11.40;8.20;9.20;15.20;1.81;1.81;0.024;0.060;3.70;194;-0.028;2.908;0.38;2.27;12.20;8.50;10.50;0.45;0.40;289.60;283.20;22.50;29.00;;;;;;;;;;;;;;;;;;;;;;;;;;;;;;;;;;;;;;;;;;
2009-11-11 07:00:00;2.03;2.51;2.91;2.17;1.45;2.75;10.70;11.40;8.40;8.90;15.40;1.54;1.64;0.023;0.064;2.40;190;-0.127;2.862;0.30;2.14;12.60;8.20;10.40;0.46;0.40;290.80;282.30;20.00;30.60;;;;;;;;;;;;;;;;;;;;;;;;;;;;;;;;;;;;;;;;;;
2009-11-11 07:30:00;1.90;2.34;2.97;2.02;1.35;2.51;11.00;11.40;8.10;10.70;15.20;1.73;1.60;0.028;0.146;1.00;196;0.055;2.846;0.25;2.00;12.20;7.90;10.30;0.49;0.42;288.90;282.80;22.70;30.40;;;;;;;;;;;;;;;;;;;;;;;;;;;;;;;;;;;;;;;;;;
2009-11-11 08:00:00;1.90;2.36;2.76;2.03;1.34;2.52;11.00;11.50;8.40;10.10;14.70;1.57;1.51;0.021;0.075;1.20;190;-0.011;2.894;0.47;2.00;12.10;8.40;10.60;0.47;0.49;288.30;282.80;22.00;30.40;;;;;;;;;;;;;;;;;;;;;;;;;;;;;;;;;;;;;;;;;;
2009-11-11 08:30:00;2.00;2.53;3.17;2.13;1.41;2.87;11.40;11.80;8.80;12.20;15.30;1.90;1.56;0.023;0.064;1.50;182;0.161;3.176;0.31;2.12;12.70;8.60;11.00;0.49;0.51;292.00;284.20;20.30;28.40;;;;;;;;;;;;;;;;;;;;;;;;;;;;;;;;;;;;;;;;;;
2009-11-11 09:00:00;1.79;2.32;3.15;1.90;1.25;2.63;10.60;10.50;7.90;11.70;16.10;1.67;1.97;0.030;0.266;0.90;201;0.024;3.252;0.25;1.87;13.00;7.70;10.20;0.52;0.36;287.70;276.10;24.10;32.20;;;;;;;;;;;;;;;;;;;;;;;;;;;;;;;;;;;;;;;;;;
2009-11-11 09:30:00;1.96;2.51;3.49;2.06;1.36;2.93;11.00;11.00;8.00;12.10;14.40;1.85;1.78;0.034;0.129;1.20;197;-0.023;3.222;0.35;2.07;12.70;8.00;10.70;0.56;0.47;291.70;280.90;21.50;30.00;;;;;;;;;;;;;;;;;;;;;;;;;;;;;;;;;;;;;;;;;;
2009-11-11 10:00:00;1.84;2.40;3.32;2.03;1.30;2.75;10.10;11.00;7.40;11.30;14.60;1.72;1.77;0.035;0.114;1.50;215;-0.015;3.013;0.37;1.96;12.20;7.20;10.10;0.59;0.46;290.00;277.80;18.60;29.50;;;;;;;;;;;;;;;;;;;;;;;;;;;;;;;;;;;;;;;;;;
2009-11-11 10:30:00;2.02;2.47;3.18;2.16;1.41;2.79;10.90;11.20;7.70;12.00;16.90;1.66;1.62;0.044;0.193;1.10;207;-0.008;2.826;0.35;2.12;11.80;7.50;10.30;0.58;0.48;292.20;276.60;19.40;28.90;;;;;;;;;;;;;;;;;;;;;;;;;;;;;;;;;;;;;;;;;;
2009-11-11 11:00:00;1.98;2.52;3.24;2.10;1.36;2.78;10.80;11.60;7.50;12.40;16.70;1.71;1.78;0.043;0.291;1.10;213;0.075;3.043;0.49;2.09;12.30;7.40;10.50;0.62;0.52;292.00;280.40;17.50;27.70;;;;;;;;;;;;;;;;;;;;;;;;;;;;;;;;;;;;;;;;;;
2009-11-11 11:30:00;1.88;2.47;3.40;2.11;1.29;2.77;10.10;10.80;6.70;12.60;15.60;2.04;1.61;0.041;0.109;1.40;237;0.085;3.143;0.42;2.06;12.30;7.10;10.30;0.61;0.47;291.10;277.90;20.30;29.40;;;;;;;;;;;;;;;;;;;;;;;;;;;;;;;;;;;;;;;;;;
2009-11-11 12:00:00;1.90;2.38;3.50;2.08;1.35;2.63;10.30;10.70;7.40;9.30;13.80;1.70;1.95;0.042;0.160;0.90;216;0.008;2.961;0.31;2.11;12.20;7.20;10.10;0.58;0.49;293.20;278.90;20.70;28.80;;;;;;;;;;;;;;;;;;;;;;;;;;;;;;;;;;;;;;;;;;
2009-11-11 12:30:00;1.96;2.44;2.81;2.13;1.37;2.72;10.50;11.00;7.30;12.90;16.20;1.80;1.72;0.045;0.438;0.90;218;0.035;2.867;0.42;2.08;12.10;7.20;10.20;0.59;0.51;290.90;276.60;18.20;26.90;;;;;;;;;;;;;;;;;;;;;;;;;;;;;;;;;;;;;;;;;;
2009-11-11 13:00:00;2.03;2.51;3.24;2.18;1.42;2.73;10.80;11.20;7.50;9.60;14.20;1.81;1.74;0.040;0.114;2.60;211;0.056;2.719;0.33;2.20;12.20;7.40;10.30;0.59;0.52;289.50;275.20;16.90;26.60;;;;;;;;;;;;;;;;;;;;;;;;;;;;;;;;;;;;;;;;;;
2009-11-11 13:30:00;2.01;2.49;2.87;2.16;1.41;2.78;9.80;10.50;7.10;11.40;15.10;1.81;1.69;0.045;0.233;1.20;224;0.035;2.978;0.25;2.22;12.20;7.00;9.80;0.57;0.48;290.70;273.20;18.50;28.90;;;;;;;;;;;;;;;;;;;;;;;;;;;;;;;;;;;;;;;;;;
2009-11-11 14:00:00;1.91;2.39;3.17;2.07;1.35;2.53;10.00;10.70;7.00;8.80;15.10;1.84;1.51;0.043;0.174;1.80;227;0.038;2.787;0.21;2.09;12.10;6.80;9.70;0.58;0.48;286.20;267.70;18.20;28.70;;;;;;;;;;;;;;;;;;;;;;;;;;;;;;;;;;;;;;;;;;
2009-11-11 14:30:00;1.84;2.27;2.67;1.98;1.30;2.50;10.10;10.60;6.90;12.70;16.60;1.59;1.63;0.052;0.521;0.90;230;-0.012;2.819;0.26;1.97;12.70;6.60;9.80;0.60;0.44;290.00;266.00;20.30;31.30;;;;;;;;;;;;;;;;;;;;;;;;;;;;;;;;;;;;;;;;;;
2009-11-11 15:00:00;1.99;2.49;3.49;2.12;1.41;2.84;10.30;11.00;7.10;9.80;15.50;2.34;1.86;0.047;0.225;1.80;224;0.084;3.062;0.33;2.11;12.20;6.70;9.80;0.61;0.52;288.40;266.00;19.40;31.20;;;;;;;;;;;;;;;;;;;;;;;;;;;;;;;;;;;;;;;;;;
2009-11-11 15:30:00;1.81;2.22;2.70;2.03;1.28;2.43;9.30;10.40;6.50;9.80;14.10;1.76;1.64;0.047;0.194;1.10;246;0.081;2.799;0.19;2.05;12.70;6.30;9.30;0.59;0.47;288.70;259.30;21.20;33.90;;;;;;;;;;;;;;;;;;;;;;;;;;;;;;;;;;;;;;;;;;
2009-11-11 16:00:00;1.84;2.26;2.79;2.00;1.30;2.50;9.00;8.80;6.30;10.60;13.80;1.63;1.69;0.054;0.226;1.20;254;-0.003;2.893;0.10;2.00;11.40;6.00;8.60;0.55;0.44;284.50;248.70;23.10;34.80;;;;;;;;;;;;;;;;;;;;;;;;;;;;;;;;;;;;;;;;;;
2009-11-11 16:30:00;1.76;2.22;3.08;1.96;1.27;2.49;8.60;9.80;6.20;10.80;16.50;1.59;1.56;0.053;0.216;1.70;259;0.097;2.975;0.15;1.99;12.70;6.10;9.10;0.59;0.45;288.30;253.90;22.00;35.60;;;;;;;;;;;;;;;;;;;;;;;;;;;;;;;;;;;;;;;;;;
2009-11-11 17:00:00;2.04;2.48;2.95;2.24;1.44;2.62;8.90;9.90;6.30;11.10;14.70;1.84;1.74;0.055;0.286;1.20;252;0.037;2.837;0.16;2.18;13.00;6.10;9.00;0.57;0.43;291.00;253.60;23.40;34.40;;;;;;;;;;;;;;;;;;;;;;;;;;;;;;;;;;;;;;;;;;
2009-11-11 17:30:00;1.86;2.30;2.81;2.06;1.32;2.54;8.20;9.50;6.00;12.40;14.20;1.60;1.48;0.058;0.401;1.00;266;-0.009;2.888;0.21;2.06;13.10;5.90;8.80;0.56;0.35;288.30;250.20;21.20;34.70;;;;;;;;;;;;;;;;;;;;;;;;;;;;;;;;;;;;;;;;;;
2009-11-11 18:00:00;2.06;2.59;3.56;2.26;1.47;2.77;8.20;9.40;6.20;10.00;13.70;2.10;1.62;0.052;0.189;1.30;255;0.204;3.144;0.21;2.27;12.20;6.00;8.50;0.52;0.32;284.20;248.00;22.00;32.10;;;;;;;;;;;;;;;;;;;;;;;;;;;;;;;;;;;;;;;;;;
2009-11-11 18:30:00;1.86;2.35;2.98;2.09;1.31;2.62;7.80;9.00;5.80;8.20;14.20;1.84;1.58;0.054;0.199;0.90;277;0.163;2.967;0.18;2.04;12.70;5.90;8.20;0.50;0.25;288.80;243.50;26.60;35.90;;;;;;;;;;;;;;;;;;;;;;;;;;;;;;;;;;;;;;;;;;
2009-11-11 19:00:00;1.91;2.34;2.90;2.07;1.36;2.51;8.20;9.30;6.30;7.90;14.10;1.54;1.64;0.055;0.364;1.10;254;-0.021;3.012;0.17;2.02;12.70;6.10;8.50;0.51;0.23;290.20;248.40;22.70;33.80;;;;;;;;;;;;;;;;;;;;;;;;;;;;;;;;;;;;;;;;;;
2009-11-11 19:30:00;1.96;2.34;3.30;2.14;1.41;2.44;8.40;8.70;6.30;7.20;13.40;1.90;1.67;0.054;0.301;1.10;252;0.054;2.945;0.14;2.17;12.20;6.30;8.60;0.50;0.26;288.00;247.30;21.50;32.20;;;;;;;;;;;;;;;;;;;;;;;;;;;;;;;;;;;;;;;;;;
2009-11-11 20:00:00;1.81;2.30;3.08;1.96;1.28;2.53;7.70;8.20;6.10;6.60;13.80;1.75;1.68;0.050;0.272;0.90;261;0.094;3.226;0.13;1.95;12.30;6.00;8.10;0.49;0.19;291.50;241.90;33.20;36.70;;;;;;;;;;;;;;;;;;;;;;;;;;;;;;;;;;;;;;;;;;
2009-11-11 20:30:00;1.97;2.40;3.28;2.15;1.42;2.55;7.90;8.10;6.30;9.00;13.20;1.88;1.71;0.053;0.281;0.90;254;0.160;2.923;0.25;2.15;7.80;6.10;8.00;0.48;0.33;221.50;241.90;29.30;34.50;;;;;;;;;;;;;;;;;;;;;;;;;;;;;;;;;;;;;;;;;;
2009-11-11 21:00:00;2.01;2.49;3.17;2.18;1.43;2.69;8.10;8.60;6.30;5.50;13.30;1.85;1.70;0.047;0.163;1.20;253;0.026;2.999;0.15;2.22;12.70;6.40;8.40;0.48;0.21;289.90;244.80;22.10;31.80;;;;;;;;;;;;;;;;;;;;;;;;;;;;;;;;;;;;;;;;;;
2009-11-11 21:30:00;2.02;2.55;3.14;2.22;1.46;2.79;8.20;8.40;6.50;9.10;14.10;2.12;1.66;0.041;0.137;1.10;244;0.087;3.069;0.14;2.19;12.20;6.40;8.30;0.47;0.24;284.90;240.00;27.70;33.50;;;;;;;;;;;;;;;;;;;;;;;;;;;;;;;;;;;;;;;;;;
2009-11-11 22:00:00;2.13;2.68;3.21;2.27;1.51;2.96;8.80;9.40;6.70;8.80;14.40;1.99;1.93;0.041;0.125;2.00;237;0.013;3.183;0.07;2.23;12.70;6.60;8.90;0.50;0.24;286.10;247.50;19.60;30.90;;;;;;;;;;;;;;;;;;;;;;;;;;;;;;;;;;;;;;;;;;
2009-11-11 22:30:00;2.14;2.66;3.39;2.24;1.50;3.03;8.30;8.60;6.60;8.20;13.60;2.33;1.83;0.045;0.281;0.90;241;0.115;3.198;0.23;2.20;7.80;6.40;8.10;0.44;0.34;229.10;240.80;28.40;32.40;;;;;;;;;;;;;;;;;;;;;;;;;;;;;;;;;;;;;;;;;;
2009-11-11 23:00:00;2.02;2.49;3.11;2.18;1.42;2.66;8.60;8.60;6.50;7.60;13.50;1.53;1.80;0.041;0.176;1.50;246;0.005;2.929;0.37;2.16;7.80;6.50;8.40;0.46;0.31;221.50;243.00;27.60;33.30;;;;;;;;;;;;;;;;;;;;;;;;;;;;;;;;;;;;;;;;;;
2009-11-11 23:30:00;2.00;2.46;3.08;2.17;1.43;2.66;8.30;8.00;6.40;7.80;14.00;1.59;1.85;0.047;0.492;0.90;249;-0.022;2.806;0.21;2.11;7.80;6.30;8.10;0.45;0.33;231.40;242.10;30.80;34.00;;;;;;;;;;;;;;;;;;;;;;;;;;;;;;;;;;;;;;;;;;
2009-11-12 00:00:00;2.05;2.59;3.58;2.24;1.44;2.82;8.20;8.60;6.40;8.80;13.00;2.03;1.63;0.041;0.128;1.20;247;0.126;3.083;0.24;2.22;8.00;6.60;8.30;0.45;0.37;233.30;244.40;27.60;34.20;;;;;;;;;;;;;;;;;;;;;;;;;;;;;;;;;;;;;;;;;;
2009-11-12 00:30:00;2.23;2.74;3.48;2.36;1.60;2.96;8.80;8.60;7.00;8.50;14.50;2.05;1.75;0.041;0.143;1.30;229;0.072;2.853;0.40;2.35;7.80;6.80;8.50;0.44;0.37;225.50;241.90;32.70;34.40;;;;;;;;;;;;;;;;;;;;;;;;;;;;;;;;;;;;;;;;;;
2009-11-12 01:00:00;2.22;2.77;3.93;2.38;1.60;3.02;8.40;8.60;6.90;8.90;15.00;2.24;1.96;0.040;0.220;1.10;232;0.095;2.954;0.38;2.40;8.40;6.70;8.30;0.43;0.46;232.40;241.00;27.60;33.80;;;;;;;;;;;;;;;;;;;;;;;;;;;;;;;;;;;;;;;;;;
2009-11-12 01:30:00;2.25;2.80;4.58;2.42;1.63;2.91;8.70;8.90;6.90;8.30;12.80;2.52;2.06;0.044;0.334;1.00;229;0.047;3.025;0.19;2.33;8.60;6.70;8.50;0.47;0.41;231.70;247.70;31.10;34.50;;;;;;;;;;;;;;;;;;;;;;;;;;;;;;;;;;;;;;;;;;
2009-11-12 02:00:00;2.27;2.79;3.55;2.46;1.64;3.13;8.50;8.70;6.90;8.50;14.10;1.96;1.87;0.047;0.280;1.00;232;0.044;2.858;0.21;2.42;7.80;6.70;8.30;0.42;0.38;243.40;252.30;26.30;32.60;;;;;;;;;;;;;;;;;;;;;;;;;;;;;;;;;;;;;;;;;;
2009-11-12 02:30:00;2.31;2.97;4.12;2.46;1.65;3.30;8.40;8.40;7.00;8.30;14.90;2.27;1.97;0.042;0.188;1.30;228;0.124;3.258;0.24;2.47;8.30;6.80;8.50;0.43;0.42;241.80;251.30;30.20;34.40;;;;;;;;;;;;;;;;;;;;;;;;;;;;;;;;;;;;;;;;;;
2009-11-12 03:00:00;2.14;2.64;3.33;2.33;1.54;3.02;8.40;8.70;6.70;9.30;12.40;2.07;1.86;0.046;0.375;0.80;236;0.035;2.834;0.42;2.35;8.40;6.70;8.40;0.46;0.47;246.70;255.10;29.90;34.50;;;;;;;;;;;;;;;;;;;;;;;;;;;;;;;;;;;;;;;;;;
2009-11-12 03:30:00;2.35;2.96;3.83;2.52;1.70;3.23;8.50;8.50;6.90;8.50;13.20;2.13;2.05;0.038;0.110;1.60;230;0.029;2.926;0.32;2.51;8.60;6.70;8.30;0.44;0.43;239.00;248.90;29.90;32.80;;;;;;;;;;;;;;;;;;;;;;;;;;;;;;;;;;;;;;;;;;
2009-11-12 04:00:00;2.13;2.75;3.44;2.35;1.51;3.15;8.60;9.50;6.50;8.90;12.30;1.87;1.80;0.043;0.121;1.70;244;0.091;3.008;0.24;2.38;9.20;6.70;8.60;0.48;0.45;248.60;256.40;29.40;34.40;;;;;;;;;;;;;;;;;;;;;;;;;;;;;;;;;;;;;;;;;;
2009-11-12 04:30:00;2.07;2.56;3.27;2.27;1.49;2.73;8.50;9.20;6.60;8.70;13.10;1.94;1.57;0.048;0.266;1.00;241;0.043;2.765;0.32;2.24;9.60;6.40;8.50;0.50;0.42;250.00;259.30;33.90;35.80;;;;;;;;;;;;;;;;;;;;;;;;;;;;;;;;;;;;;;;;;;
2009-11-12 05:00:00;2.15;2.63;3.27;2.30;1.52;2.96;8.60;8.70;6.60;8.30;12.60;1.99;1.77;0.043;0.127;1.00;242;0.036;2.846;0.25;2.35;8.90;6.60;8.40;0.47;0.44;246.20;256.70;35.30;35.60;;;;;;;;;;;;;;;;;;;;;;;;;;;;;;;;;;;;;;;;;;
2009-11-12 05:30:00;2.22;2.75;3.25;2.40;1.58;3.17;8.50;8.50;6.60;8.00;14.40;2.00;1.69;0.047;0.142;1.10;243;0.099;2.890;0.22;2.41;8.40;6.70;8.40;0.45;0.42;252.00;256.40;29.90;34.30;;;;;;;;;;;;;;;;;;;;;;;;;;;;;;;;;;;;;;;;;;
2009-11-12 06:00:00;2.19;2.67;3.34;2.35;1.54;2.84;8.30;8.70;6.40;7.90;13.50;1.87;1.95;0.045;0.136;1.40;246;-0.045;2.899;0.36;2.39;9.00;6.50;8.20;0.45;0.44;251.90;254.30;26.80;33.80;;;;;;;;;;;;;;;;;;;;;;;;;;;;;;;;;;;;;;;;;;
2009-11-12 06:30:00;2.21;2.78;3.47;2.44;1.56;3.09;8.40;8.50;6.40;9.60;13.30;2.10;2.04;0.056;0.292;1.00;250;0.040;2.950;0.21;2.46;8.40;6.60;8.40;0.47;0.38;248.50;256.80;31.10;34.40;;;;;;;;;;;;;;;;;;;;;;;;;;;;;;;;;;;;;;;;;;
2009-11-12 07:00:00;2.30;2.90;4.10;2.46;1.62;3.08;8.60;8.60;6.50;8.80;12.30;1.82;2.37;0.047;0.165;2.10;244;-0.036;3.079;0.32;2.44;9.40;6.40;8.30;0.48;0.39;247.90;254.60;28.80;31.90;;;;;;;;;;;;;;;;;;;;;;;;;;;;;;;;;;;;;;;;;;
2009-11-12 07:30:00;2.10;2.60;3.23;2.26;1.50;2.74;8.60;9.20;6.50;10.30;14.90;1.86;1.94;0.053;0.211;1.00;247;0.005;3.047;0.34;2.29;8.70;6.30;8.30;0.50;0.41;248.70;252.70;31.20;34.00;;;;;;;;;;;;;;;;;;;;;;;;;;;;;;;;;;;;;;;;;;
2009-11-12 08:00:00;2.15;2.66;3.73;2.36;1.54;2.94;8.10;8.50;6.30;9.20;12.90;2.12;1.83;0.059;0.630;0.90;252;0.127;2.936;0.25;2.28;8.60;6.20;8.10;0.48;0.38;242.50;247.80;30.40;33.40;;;;;;;;;;;;;;;;;;;;;;;;;;;;;;;;;;;;;;;;;;
2009-11-12 08:30:00;2.28;2.88;4.49;2.39;1.60;3.15;8.30;8.70;6.60;8.00;13.80;2.56;2.18;0.053;0.423;1.10;243;0.134;3.342;0.20;2.40;9.30;6.50;8.40;0.49;0.47;253.10;253.80;29.30;31.80;;;;;;;;;;;;;;;;;;;;;;;;;;;;;;;;;;;;;;;;;;
2009-11-12 09:00:00;2.14;2.56;3.03;2.32;1.52;2.78;8.70;8.60;6.40;8.70;13.90;1.70;1.60;0.053;0.366;1.00;248;0.046;2.670;0.19;2.28;9.40;6.30;8.20;0.49;0.41;256.70;251.70;31.80;35.00;;;;;;;;;;;;;;;;;;;;;;;;;;;;;;;;;;;;;;;;;;
2009-11-12 09:30:00;2.11;2.56;3.00;2.28;1.50;2.74;8.10;8.70;6.30;7.80;13.70;1.80;1.80;0.047;0.185;1.10;252;0.075;2.792;0.25;2.27;8.70;6.10;8.00;0.48;0.41;254.10;247.50;30.40;32.70;;;;;;;;;;;;;;;;;;;;;;;;;;;;;;;;;;;;;;;;;;
2009-11-12 10:00:00;2.19;2.70;3.57;2.38;1.58;2.90;8.20;8.20;6.20;9.10;11.40;2.00;1.70;0.061;0.445;1.00;257;0.096;2.760;0.20;2.34;8.60;5.90;7.80;0.48;0.40;251.00;247.70;30.30;33.80;;;;;;;;;;;;;;;;;;;;;;;;;;;;;;;;;;;;;;;;;;
2009-11-12 10:30:00;2.41;2.98;3.74;2.57;1.70;3.40;8.10;8.20;6.20;7.40;12.00;2.47;2.00;0.054;0.174;1.10;255;0.071;2.978;0.26;2.58;8.10;6.20;7.90;0.46;0.39;244.20;245.10;25.90;31.10;;;;;;;;;;;;;;;;;;;;;;;;;;;;;;;;;;;;;;;;;;
2009-11-12 11:00:00;2.31;2.78;3.76;2.52;1.68;3.16;7.80;7.90;6.20;7.20;13.70;1.83;2.07;0.055;0.184;1.80;255;0.030;2.802;0.20;2.50;8.30;5.90;7.60;0.46;0.36;251.30;249.30;28.10;33.10;;;;;;;;;;;;;;;;;;;;;;;;;;;;;;;;;;;;;;;;;;
2009-11-12 11:30:00;2.34;2.93;3.55;2.54;1.68;3.20;7.40;8.40;5.90;7.60;12.10;2.05;2.11;0.055;0.189;2.00;268;0.000;3.020;0.29;2.52;8.30;5.80;7.40;0.44;0.31;262.00;243.50;27.20;32.60;;;;;;;;;;;;;;;;;;;;;;;;;;;;;;;;;;;;;;;;;;
2009-11-12 12:00:00;2.47;3.06;4.37;2.67;1.77;3.42;7.60;8.20;6.10;9.00;11.90;2.94;2.27;0.058;0.146;2.00;262;0.094;3.169;0.27;2.68;9.10;6.00;7.60;0.44;0.32;261.80;244.90;26.40;31.30;;;;;;;;;;;;;;;;;;;;;;;;;;;;;;;;;;;;;;;;;;
2009-11-12 12:30:00;2.54;3.12;4.23;2.71;1.82;3.31;7.50;7.70;6.10;7.40;11.40;2.13;2.46;0.055;0.144;2.80;259;0.010;2.967;0.23;2.64;8.90;5.90;7.50;0.44;0.27;262.60;243.90;28.30;32.30;;;;;;;;;;;;;;;;;;;;;;;;;;;;;;;;;;;;;;;;;;
2009-11-12 13:00:00;2.26;2.80;3.49;2.48;1.65;3.13;7.40;8.10;6.00;7.70;13.80;2.02;2.52;0.058;0.250;1.10;263;0.030;3.095;0.15;2.42;8.60;5.80;7.40;0.44;0.31;255.50;239.50;28.40;35.70;;;;;;;;;;;;;;;;;;;;;;;;;;;;;;;;;;;;;;;;;;
2009-11-12 13:30:00;2.53;3.02;4.13;2.71;1.80;3.38;7.60;7.90;6.10;7.60;11.70;2.34;2.05;0.065;0.443;0.80;261;0.131;3.003;0.14;2.73;8.60;6.00;7.50;0.43;0.28;258.70;241.00;29.90;33.10;;;;;;;;;;;;;;;;;;;;;;;;;;;;;;;;;;;;;;;;;;
2009-11-12 14:00:00;2.49;3.04;3.87;2.68;1.77;3.33;7.40;7.80;6.00;6.90;11.60;2.15;2.09;0.052;0.131;3.30;268;0.081;2.919;0.32;2.64;7.80;5.90;7.30;0.43;0.36;255.00;240.30;32.50;35.10;;;;;;;;;;;;;;;;;;;;;;;;;;;;;;;;;;;;;;;;;;
2009-11-12 14:30:00;2.70;3.33;4.23;2.86;1.91;3.52;7.60;7.80;6.20;8.10;11.60;2.48;2.24;0.067;0.383;1.00;257;0.134;2.962;0.22;2.88;8.30;6.10;7.40;0.41;0.32;258.20;239.50;29.70;34.40;;;;;;;;;;;;;;;;;;;;;;;;;;;;;;;;;;;;;;;;;;
2009-11-12 15:00:00;2.79;3.44;4.70;2.97;2.00;3.56;7.70;8.10;6.40;7.50;12.50;2.57;2.36;0.057;0.406;1.20;249;0.063;2.952;0.30;3.00;7.80;6.20;7.60;0.41;0.35;232.30;241.70;31.10;32.40;;;;;;;;;;;;;;;;;;;;;;;;;;;;;;;;;;;;;;;;;;
2009-11-12 15:30:00;2.87;3.58;4.47;3.06;2.07;4.02;7.80;8.10;6.40;8.10;13.00;2.64;2.32;0.057;0.189;2.80;250;0.099;2.973;0.21;3.13;8.00;6.20;7.70;0.42;0.39;256.70;245.50;29.20;34.30;;;;;;;;;;;;;;;;;;;;;;;;;;;;;;;;;;;;;;;;;;
2009-11-12 16:00:00;2.97;3.64;4.75;3.16;2.14;4.10;7.90;8.20;6.50;6.70;12.40;2.50;2.47;0.056;0.161;1.10;245;0.041;2.898;0.31;3.14;8.90;6.30;7.80;0.42;0.42;265.80;247.20;30.70;33.10;;;;;;;;;;;;;;;;;;;;;;;;;;;;;;;;;;;;;;;;;;
2009-11-12 16:30:00;3.13;3.87;5.64;3.39;2.28;4.15;8.00;8.20;6.50;8.70;12.90;3.13;2.70;0.061;0.135;2.80;244;0.075;2.992;0.24;3.36;8.40;6.40;7.80;0.42;0.38;276.30;245.60;21.70;31.00;;;;;;;;;;;;;;;;;;;;;;;;;;;;;;;;;;;;;;;;;;
2009-11-12 17:00:00;3.14;3.93;4.89;3.35;2.23;4.21;8.70;8.90;6.80;10.40;14.30;2.96;2.72;0.051;0.096;2.80;234;0.020;3.069;0.29;3.24;9.90;6.60;8.30;0.44;0.36;276.40;249.90;25.90;33.80;;;;;;;;;;;;;;;;;;;;;;;;;;;;;;;;;;;;;;;;;;
2009-11-12 17:30:00;3.59;4.35;5.96;3.81;2.51;4.55;8.30;8.50;6.70;9.30;12.90;3.10;2.86;0.060;0.304;1.80;237;0.060;2.860;0.39;3.77;9.50;6.90;8.30;0.41;0.43;274.10;251.10;22.80;29.90;;;;;;;;;;;;;;;;;;;;;;;;;;;;;;;;;;;;;;;;;;
2009-11-12 18:00:00;3.53;4.52;6.16;3.79;2.49;4.92;8.50;8.50;6.80;9.70;14.10;3.32;3.44;0.070;0.554;1.00;235;0.083;3.224;0.35;3.74;9.90;6.90;8.50;0.42;0.38;273.90;251.40;26.80;31.70;;;;;;;;;;;;;;;;;;;;;;;;;;;;;;;;;;;;;;;;;;
2009-11-12 18:30:00;3.60;4.43;5.71;3.87;2.56;4.75;8.50;8.70;7.00;7.80;13.10;3.03;2.89;0.069;0.662;0.90;226;0.061;2.845;0.33;3.84;9.30;6.90;8.30;0.41;0.40;260.10;248.60;27.60;32.10;;;;;;;;;;;;;;;;;;;;;;;;;;;;;;;;;;;;;;;;;;
2009-11-12 19:00:00;3.64;4.55;5.93;3.90;2.64;5.32;9.20;9.50;7.50;7.00;13.60;3.81;3.05;0.058;0.261;0.80;212;0.227;2.992;0.31;3.81;10.20;7.10;9.00;0.46;0.48;274.60;257.40;20.70;29.80;;;;;;;;;;;;;;;;;;;;;;;;;;;;;;;;;;;;;;;;;;
2009-11-12 19:30:00;3.73;4.82;6.84;3.95;2.66;5.36;9.10;8.80;7.20;8.00;12.90;3.45;3.39;0.071;0.571;1.10;220;0.104;3.147;0.25;3.92;10.60;7.00;8.70;0.44;0.38;273.70;251.70;24.70;32.20;;;;;;;;;;;;;;;;;;;;;;;;;;;;;;;;;;;;;;;;;;
2009-11-12 20:00:00;3.79;4.74;8.59;4.03;2.67;5.32;9.20;9.60;7.30;10.80;13.70;4.76;3.83;0.076;0.679;0.90;218;0.207;3.821;0.29;4.10;10.70;7.40;9.30;0.45;0.42;273.10;255.10;21.30;30.10;;;;;;;;;;;;;;;;;;;;;;;;;;;;;;;;;;;;;;;;;;
2009-11-12 20:30:00;4.09;5.29;7.22;4.30;2.88;6.40;9.40;9.30;7.50;8.10;13.60;3.94;3.53;0.069;0.633;1.00;213;0.139;3.263;0.19;4.22;10.90;7.30;9.20;0.46;0.46;277.00;256.00;21.60;28.80;;;;;;;;;;;;;;;;;;;;;;;;;;;;;;;;;;;;;;;;;;
2009-11-12 21:00:00;4.39;5.22;6.73;4.65;3.10;5.80;9.70;9.60;7.80;9.20;14.00;4.53;3.93;0.061;0.488;1.10;203;0.081;2.903;0.30;4.59;10.90;7.70;9.40;0.43;0.47;271.00;254.20;23.10;27.30;;;;;;;;;;;;;;;;;;;;;;;;;;;;;;;;;;;;;;;;;;
2009-11-12 21:30:00;3.93;4.85;7.04;4.17;2.83;5.46;9.70;9.70;7.80;9.90;14.60;4.22;3.41;0.050;0.110;3.30;205;0.116;2.923;0.26;4.11;10.20;7.40;9.20;0.44;0.47;271.80;254.50;22.50;30.50;;;;;;;;;;;;;;;;;;;;;;;;;;;;;;;;;;;;;;;;;;
2009-11-12 22:00:00;4.00;4.86;6.44;4.30;2.87;5.41;9.80;9.90;7.90;10.40;15.70;3.28;3.16;0.049;0.096;3.50;201;0.047;2.876;0.38;4.30;11.40;7.70;9.50;0.44;0.40;274.50;255.50;21.40;28.50;;;;;;;;;;;;;;;;;;;;;;;;;;;;;;;;;;;;;;;;;;
2009-11-12 22:30:00;4.07;4.99;5.77;4.28;2.92;5.34;9.50;9.60;7.90;8.80;14.40;3.25;3.27;0.056;0.338;1.10;200;0.032;2.759;0.22;4.19;10.60;7.60;9.40;0.44;0.44;269.90;253.40;23.40;29.80;;;;;;;;;;;;;;;;;;;;;;;;;;;;;;;;;;;;;;;;;;
2009-11-12 23:00:00;3.84;4.72;5.44;4.02;2.72;5.18;9.70;9.30;7.90;9.00;16.00;3.26;2.73;0.045;0.111;1.90;201;0.123;2.968;0.20;4.06;10.30;7.70;9.40;0.43;0.42;269.30;253.30;24.20;29.90;;;;;;;;;;;;;;;;;;;;;;;;;;;;;;;;;;;;;;;;;;
2009-11-12 23:30:00;4.24;5.03;6.66;4.52;3.03;5.36;10.60;10.40;8.40;10.20;14.70;3.88;3.52;0.051;0.213;1.80;189;0.106;2.825;0.31;4.52;11.40;8.30;10.20;0.45;0.48;269.50;257.10;19.70;27.10;;;;;;;;;;;;;;;;;;;;;;;;;;;;;;;;;;;;;;;;;;
2009-11-13 00:00:00;3.98;4.90;6.67;4.16;2.83;5.16;9.90;9.80;8.00;9.20;15.00;3.84;2.90;0.052;0.216;1.00;197;0.062;2.940;0.27;4.04;10.50;7.50;9.50;0.46;0.38;270.90;252.60;26.30;31.00;;;;;;;;;;;;;;;;;;;;;;;;;;;;;;;;;;;;;;;;;;
2009-11-13 00:30:00;4.12;5.15;7.01;4.36;2.94;5.46;10.60;10.10;8.20;10.20;15.40;3.33;3.95;0.051;0.134;2.10;195;-0.015;2.997;0.29;4.29;11.00;7.80;10.00;0.47;0.43;269.00;256.70;22.00;30.10;;;;;;;;;;;;;;;;;;;;;;;;;;;;;;;;;;;;;;;;;;
2009-11-13 01:00:00;4.06;5.11;8.88;4.40;2.91;5.85;10.00;10.00;7.80;10.40;15.50;5.60;3.90;0.055;0.265;1.90;204;0.116;3.475;0.29;4.40;10.80;7.90;9.90;0.45;0.43;271.00;260.00;22.40;29.40;;;;;;;;;;;;;;;;;;;;;;;;;;;;;;;;;;;;;;;;;;
2009-11-13 01:30:00;4.02;4.86;5.70;4.24;2.94;5.19;10.30;10.90;8.60;10.20;15.80;3.48;3.06;0.043;0.120;2.10;185;0.139;2.735;0.18;4.12;11.70;7.80;9.90;0.47;0.43;270.30;253.00;26.40;31.90;;;;;;;;;;;;;;;;;;;;;;;;;;;;;;;;;;;;;;;;;;
2009-11-13 02:00:00;4.18;5.14;6.44;4.48;2.99;5.46;10.40;10.10;7.90;10.00;15.30;3.80;3.64;0.053;0.119;2.70;201;-0.033;2.981;0.33;4.47;13.10;7.80;9.90;0.47;0.32;277.30;256.10;23.50;32.10;;;;;;;;;;;;;;;;;;;;;;;;;;;;;;;;;;;;;;;;;;
2009-11-13 02:30:00;4.27;5.39;8.29;4.54;3.01;5.63;10.50;10.80;8.00;12.20;15.10;4.71;3.70;0.052;0.128;2.30;199;0.123;3.297;0.32;4.67;12.00;8.00;10.20;0.47;0.40;271.60;256.50;18.70;29.10;;;;;;;;;;;;;;;;;;;;;;;;;;;;;;;;;;;;;;;;;;
2009-11-13 03:00:00;4.05;4.97;6.38;4.33;2.90;5.40;10.50;10.60;8.00;9.80;14.50;3.68;3.11;0.054;0.211;1.20;198;0.141;2.870;0.16;4.34;12.10;7.90;10.20;0.48;0.38;268.70;252.90;22.30;30.80;;;;;;;;;;;;;;;;;;;;;;;;;;;;;;;;;;;;;;;;;;
2009-11-13 03:30:00;3.91;4.69;5.53;4.16;2.81;5.17;10.20;9.80;7.90;12.40;15.10;3.38;2.97;0.051;0.137;2.10;201;0.142;2.823;0.20;4.12;12.70;7.60;9.80;0.47;0.31;273.20;256.60;21.20;33.60;;;;;;;;;;;;;;;;;;;;;;;;;;;;;;;;;;;;;;;;;;
2009-11-13 04:00:00;4.12;4.94;6.33;4.63;2.98;5.63;10.20;10.30;7.80;12.40;15.00;3.83;3.29;0.058;0.205;0.90;177;0.083;2.539;0.15;999.999;999.999;999.999;999.999;999.999;999.999;999.999;999.999;999.999;999.999;;;;;;;;;;;;;;;;;;;;;;;;;;;;;;;;;;;;;;;;;;
2009-11-13 04:30:00;4.11;5.06;6.89;4.45;2.93;5.77;9.90;10.50;7.60;9.30;14.80;3.79;3.75;0.075;0.557;1.00;210;0.042;3.055;0.24;4.42;12.50;7.40;9.60;0.47;0.29;277.60;247.90;25.00;33.30;;;;;;;;;;;;;;;;;;;;;;;;;;;;;;;;;;;;;;;;;;
2009-11-13 05:00:00;4.63;5.61;8.33;4.92;3.29;6.02;9.70;10.10;7.80;9.30;14.80;5.69;4.06;0.057;0.142;2.20;202;0.121;3.162;0.20;4.92;11.60;7.60;9.60;0.44;0.31;275.20;248.20;26.50;33.70;;;;;;;;;;;;;;;;;;;;;;;;;;;;;;;;;;;;;;;;;;
2009-11-13 05:30:00;4.74;5.96;6.89;5.05;3.41;6.70;9.80;10.20;8.00;9.60;14.50;4.10;5.03;0.055;0.144;1.80;199;0.035;3.083;0.28;5.04;13.00;7.80;9.80;0.45;0.31;277.90;247.20;23.90;32.90;;;;;;;;;;;;;;;;;;;;;;;;;;;;;;;;;;;;;;;;;;
2009-11-13 06:00:00;4.64;5.63;6.48;4.92;3.32;6.21;10.00;10.10;8.00;10.80;15.30;4.14;3.46;0.063;0.229;1.30;198;0.036;2.882;0.31;4.90;10.60;7.70;9.80;0.46;0.38;257.80;247.80;31.00;33.20;;;;;;;;;;;;;;;;;;;;;;;;;;;;;;;;;;;;;;;;;;
2009-11-13 06:30:00;4.79;6.05;7.59;5.13;3.38;6.74;9.90;9.40;7.70;9.80;16.10;3.93;4.66;0.060;0.158;2.60;206;0.004;3.128;0.21;5.13;10.90;7.70;9.60;0.43;0.36;261.00;247.20;29.10;31.60;;;;;;;;;;;;;;;;;;;;;;;;;;;;;;;;;;;;;;;;;;
2009-11-13 07:00:00;5.31;6.59;10.17;5.60;3.73;7.10;10.20;10.00;8.20;10.00;15.10;5.17;5.00;0.060;0.174;1.90;195;0.087;3.176;0.25;5.62;10.40;8.10;10.00;0.42;0.40;251.90;247.50;27.20;30.90;;;;;;;;;;;;;;;;;;;;;;;;;;;;;;;;;;;;;;;;;;
2009-11-13 07:30:00;4.75;5.84;8.83;5.14;3.47;6.36;10.20;10.10;8.20;9.40;15.90;5.24;3.59;0.061;0.451;1.20;192;0.118;2.845;0.16;5.10;11.80;7.90;9.90;0.45;0.34;255.10;244.20;34.00;33.20;;;;;;;;;;;;;;;;;;;;;;;;;;;;;;;;;;;;;;;;;;
2009-11-13 08:00:00;4.87;5.80;7.18;5.29;3.55;6.48;10.30;10.60;8.30;12.70;16.20;4.38;4.07;0.061;0.260;2.60;192;0.113;2.684;0.25;5.29;12.50;7.80;9.90;0.45;0.34;276.00;247.20;20.90;30.20;;;;;;;;;;;;;;;;;;;;;;;;;;;;;;;;;;;;;;;;;;
2009-11-13 08:30:00;4.56;5.59;7.39;5.61;3.29;7.01;9.70;9.90;7.80;9.70;14.10;4.04;3.77;0.078;0.814;0.80;147;0.049;2.282;0.14;999.999;999.999;999.999;999.999;999.999;999.999;999.999;999.999;999.999;999.999;;;;;;;;;;;;;;;;;;;;;;;;;;;;;;;;;;;;;;;;;;
2009-11-13 09:00:00;4.80;6.05;7.21;5.18;3.44;6.64;10.20;10.40;7.90;10.30;15.40;4.48;4.26;0.061;0.181;1.70;202;0.103;2.947;0.16;5.16;12.70;7.90;10.00;0.45;0.34;273.00;244.10;21.40;30.20;;;;;;;;;;;;;;;;;;;;;;;;;;;;;;;;;;;;;;;;;;
2009-11-13 09:30:00;4.57;5.68;8.87;4.94;3.24;6.42;10.10;10.50;7.80;10.80;14.90;4.24;4.91;0.066;0.286;1.30;200;0.084;3.064;0.36;4.98;11.00;7.90;9.90;0.45;0.44;254.90;247.30;23.00;30.00;;;;;;;;;;;;;;;;;;;;;;;;;;;;;;;;;;;;;;;;;;
2009-11-13 10:00:00;4.49;5.47;6.56;4.94;3.27;6.18;9.50;9.70;7.90;11.80;14.60;4.47;3.75;0.067;0.464;1.00;202;0.081;2.695;0.27;4.85;10.80;7.60;9.50;0.44;0.37;246.30;243.40;26.30;30.60;;;;;;;;;;;;;;;;;;;;;;;;;;;;;;;;;;;;;;;;;;
2009-11-13 10:30:00;4.78;6.00;7.77;5.11;3.48;7.21;9.90;10.00;8.10;9.10;15.20;4.95;4.21;0.060;0.168;3.40;195;0.157;2.944;0.24;5.20;10.00;7.80;9.60;0.42;0.42;250.70;245.50;23.70;29.80;;;;;;;;;;;;;;;;;;;;;;;;;;;;;;;;;;;;;;;;;;
2009-11-13 11:00:00;4.66;5.87;7.34;5.03;3.30;6.61;10.30;10.40;7.90;10.90;15.00;4.21;4.12;0.059;0.127;2.00;200;0.099;2.847;0.31;4.91;11.30;7.90;9.90;0.46;0.45;267.90;247.30;25.40;31.10;;;;;;;;;;;;;;;;;;;;;;;;;;;;;;;;;;;;;;;;;;
2009-11-13 11:30:00;4.14;4.96;6.54;4.58;2.99;5.64;9.70;10.20;7.70;12.20;15.10;3.71;3.53;0.058;0.163;1.30;204;0.007;2.753;0.32;4.52;10.80;7.50;9.50;0.46;0.41;262.70;242.00;28.50;32.30;;;;;;;;;;;;;;;;;;;;;;;;;;;;;;;;;;;;;;;;;;
2009-11-13 12:00:00;4.72;5.63;7.28;5.00;3.35;6.41;9.90;10.20;8.20;11.10;15.10;4.41;3.42;0.058;0.176;2.00;195;0.054;2.844;0.29;5.13;10.70;8.00;9.80;0.43;0.44;249.40;247.20;23.20;28.90;;;;;;;;;;;;;;;;;;;;;;;;;;;;;;;;;;;;;;;;;;
2009-11-13 12:30:00;4.51;5.78;7.63;4.73;3.21;6.11;10.00;10.30;8.00;9.40;15.30;4.51;3.59;0.057;0.154;3.20;199;0.137;3.138;0.23;4.79;12.70;7.90;9.90;0.45;0.32;266.10;243.70;26.00;31.30;;;;;;;;;;;;;;;;;;;;;;;;;;;;;;;;;;;;;;;;;;
2009-11-13 13:00:00;4.48;5.48;6.62;4.71;3.13;6.04;10.00;10.30;7.80;12.20;14.40;4.22;3.32;0.054;0.173;2.10;205;0.128;3.024;0.35;4.79;11.40;7.90;9.80;0.44;0.37;261.70;246.00;25.00;31.30;;;;;;;;;;;;;;;;;;;;;;;;;;;;;;;;;;;;;;;;;;
2009-11-13 13:30:00;4.10;5.17;7.31;4.45;3.00;6.06;9.70;9.80;7.90;8.80;13.90;3.81;3.50;0.052;0.106;3.10;202;0.015;2.862;0.24;4.38;10.50;7.70;9.40;0.43;0.40;252.80;243.60;29.40;33.40;;;;;;;;;;;;;;;;;;;;;;;;;;;;;;;;;;;;;;;;;;
2009-11-13 14:00:00;4.30;5.39;8.37;4.63;3.15;6.18;9.90;9.90;7.90;11.50;14.20;5.53;4.05;0.061;0.306;1.10;201;0.124;3.131;0.28;4.77;10.70;7.60;9.40;0.43;0.36;254.10;242.80;28.30;33.60;;;;;;;;;;;;;;;;;;;;;;;;;;;;;;;;;;;;;;;;;;
2009-11-13 14:30:00;4.67;5.73;7.53;4.96;3.33;6.55;10.00;10.40;8.20;9.00;14.80;4.81;4.49;0.065;0.217;1.80;194;0.080;3.060;0.29;4.85;11.00;7.90;9.90;0.44;0.43;256.30;243.30;24.60;31.10;;;;;;;;;;;;;;;;;;;;;;;;;;;;;;;;;;;;;;;;;;
2009-11-13 15:00:00;4.05;5.27;6.87;4.50;2.90;6.11;9.80;10.20;7.40;8.10;13.70;4.13;3.33;0.056;0.239;0.90;214;0.112;3.071;0.26;4.54;11.70;7.60;9.50;0.44;0.35;260.60;240.90;27.90;32.30;;;;;;;;;;;;;;;;;;;;;;;;;;;;;;;;;;;;;;;;;;
2009-11-13 15:30:00;4.06;5.04;6.61;4.29;2.90;5.77;9.50;10.30;7.70;10.10;14.50;3.64;3.62;0.062;0.720;0.90;207;0.020;3.007;0.30;4.29;11.30;7.40;9.40;0.46;0.36;266.40;244.00;28.50;34.50;;;;;;;;;;;;;;;;;;;;;;;;;;;;;;;;;;;;;;;;;;
2009-11-13 16:00:00;4.32;5.38;7.26;4.63;3.10;5.80;9.60;10.20;7.80;9.90;14.00;3.76;3.99;0.066;0.273;1.30;203;0.143;3.013;0.28;4.65;11.00;7.70;9.60;0.44;0.39;264.50;246.90;24.90;30.10;;;;;;;;;;;;;;;;;;;;;;;;;;;;;;;;;;;;;;;;;;
2009-11-13 16:30:00;4.01;4.94;6.99;4.29;2.88;5.30;9.40;9.60;7.70;9.70;16.20;3.97;3.02;0.059;0.373;1.20;207;0.184;2.877;0.28;4.28;11.40;7.40;9.50;0.46;0.37;267.20;244.50;28.30;34.50;;;;;;;;;;;;;;;;;;;;;;;;;;;;;;;;;;;;;;;;;;
2009-11-13 17:00:00;4.16;5.13;6.83;4.44;2.98;5.46;9.90;10.30;7.70;11.10;14.80;4.83;3.67;0.063;0.208;1.20;207;0.059;3.098;0.25;4.45;11.30;7.50;9.70;0.48;0.41;273.60;247.20;25.70;32.00;;;;;;;;;;;;;;;;;;;;;;;;;;;;;;;;;;;;;;;;;;
2009-11-13 17:30:00;4.39;5.49;7.25;4.61;3.10;6.70;10.10;9.90;7.70;10.00;14.90;3.90;3.54;0.092;1.650;0.80;207;0.123;3.154;0.25;4.56;12.20;7.50;9.60;0.48;0.38;268.80;241.90;27.70;32.90;;;;;;;;;;;;;;;;;;;;;;;;;;;;;;;;;;;;;;;;;;
2009-11-13 18:00:00;4.41;5.48;7.69;4.68;3.23;6.01;9.40;9.40;7.90;9.90;15.20;4.10;3.68;0.073;0.774;0.90;200;0.098;2.942;0.26;4.52;10.00;7.20;9.10;0.45;0.38;253.10;236.90;24.90;32.30;;;;;;;;;;;;;;;;;;;;;;;;;;;;;;;;;;;;;;;;;;
2009-11-13 18:30:00;4.19;5.18;6.65;4.58;3.01;5.87;9.70;10.20;7.40;11.40;14.90;3.80;4.18;0.062;0.132;3.50;214;0.072;3.013;0.29;4.49;10.80;7.20;9.30;0.47;0.43;266.20;237.90;27.10;31.20;;;;;;;;;;;;;;;;;;;;;;;;;;;;;;;;;;;;;;;;;;
2009-11-13 19:00:00;4.36;5.34;6.57;4.78;3.06;6.01;9.90;10.60;7.20;8.80;14.30;3.97;4.02;0.079;0.425;1.10;212;0.098;2.819;0.36;4.69;11.40;7.50;9.50;0.46;0.38;254.70;235.90;26.50;31.60;;;;;;;;;;;;;;;;;;;;;;;;;;;;;;;;;;;;;;;;;;
2009-11-13 19:30:00;4.45;5.70;7.30;5.52;3.12;6.23;10.00;10.80;7.30;10.90;14.90;4.04;4.16;0.069;0.358;1.00;160;0.100;2.324;0.33;999.999;999.999;999.999;999.999;999.999;999.999;999.999;999.999;999.999;999.999;;;;;;;;;;;;;;;;;;;;;;;;;;;;;;;;;;;;;;;;;;
2009-11-13 20:00:00;4.79;5.98;8.16;5.89;3.44;6.94;9.80;10.00;7.80;8.90;15.00;4.44;4.24;0.068;0.215;1.90;148;0.138;2.450;0.34;999.999;999.999;999.999;999.999;999.999;999.999;999.999;999.999;999.999;999.999;;;;;;;;;;;;;;;;;;;;;;;;;;;;;;;;;;;;;;;;;;
2009-11-13 20:30:00;4.62;5.99;10.35;5.98;3.32;7.01;9.60;10.10;7.60;9.60;14.40;5.67;4.68;0.062;0.113;1.30;111;0.036;2.405;0.21;999.999;999.999;999.999;999.999;999.999;999.999;999.999;999.999;999.999;999.999;;;;;;;;;;;;;;;;;;;;;;;;;;;;;;;;;;;;;;;;;;
2009-11-13 21:00:00;5.34;6.91;10.33;6.30;3.81;7.86;10.30;10.80;8.10;11.50;14.10;5.85;4.48;0.079;0.717;0.90;159;0.097;2.665;0.44;999.999;999.999;999.999;999.999;999.999;999.999;999.999;999.999;999.999;999.999;;;;;;;;;;;;;;;;;;;;;;;;;;;;;;;;;;;;;;;;;;
2009-11-13 21:30:00;5.52;7.04;9.66;5.82;3.90;7.68;10.40;10.90;8.40;10.20;15.00;5.74;4.43;0.060;0.137;1.20;189;0.098;3.258;0.39;5.86;11.40;8.20;10.00;0.44;0.48;259.20;244.90;21.80;26.80;;;;;;;;;;;;;;;;;;;;;;;;;;;;;;;;;;;;;;;;;;
2009-11-13 22:00:00;5.60;7.08;8.15;5.84;3.89;7.77;10.70;11.10;8.50;11.10;15.70;4.25;5.06;0.061;0.134;1.30;188;0.031;3.088;0.42;5.88;12.20;8.40;10.50;0.46;0.48;267.10;252.00;21.60;27.40;;;;;;;;;;;;;;;;;;;;;;;;;;;;;;;;;;;;;;;;;;
2009-11-13 22:30:00;5.47;6.92;10.42;5.95;3.88;7.74;10.50;10.80;8.10;9.70;14.80;5.68;4.74;0.065;0.301;1.90;195;0.142;3.061;0.41;6.01;12.20;8.30;10.50;0.46;0.49;266.10;250.60;21.30;27.20;;;;;;;;;;;;;;;;;;;;;;;;;;;;;;;;;;;;;;;;;;
2009-11-13 23:00:00;5.41;7.11;11.20;5.71;3.85;7.95;10.30;11.10;8.20;11.00;14.50;6.74;4.46;0.065;0.181;2.10;186;0.246;3.444;0.37;999.999;999.999;999.999;999.999;999.999;999.999;999.999;999.999;999.999;999.999;;;;;;;;;;;;;;;;;;;;;;;;;;;;;;;;;;;;;;;;;;
2009-11-13 23:30:00;5.58;7.03;10.39;5.80;3.98;7.89;10.70;10.80;8.60;10.90;14.70;5.56;4.83;0.061;0.131;3.80;185;0.088;3.117;0.36;5.68;11.40;8.30;10.20;0.44;0.53;252.40;241.80;24.20;29.20;;;;;;;;;;;;;;;;;;;;;;;;;;;;;;;;;;;;;;;;;;
2009-11-14 00:00:00;5.48;6.81;8.61;5.83;3.94;7.36;10.70;10.50;8.50;10.90;14.20;4.67;4.91;0.064;0.339;2.20;187;0.148;2.905;0.32;5.80;12.20;8.20;10.20;0.45;0.44;251.70;239.20;25.30;30.30;;;;;;;;;;;;;;;;;;;;;;;;;;;;;;;;;;;;;;;;;;
2009-11-14 00:30:00;5.44;6.91;8.01;5.71;3.86;7.52;10.70;11.10;8.50;11.20;16.00;4.57;4.93;0.062;0.227;2.00;188;-0.081;3.016;0.37;5.71;12.20;8.30;10.40;0.45;0.45;248.10;238.80;25.10;30.70;;;;;;;;;;;;;;;;;;;;;;;;;;;;;;;;;;;;;;;;;;
2009-11-14 01:00:00;5.52;6.78;9.16;5.77;3.87;7.26;10.80;10.90;8.40;12.50;15.50;4.32;4.84;0.063;0.418;1.00;189;-0.005;3.009;0.36;5.85;12.20;8.40;10.40;0.44;0.44;247.70;240.10;24.90;30.20;;;;;;;;;;;;;;;;;;;;;;;;;;;;;;;;;;;;;;;;;;
2009-11-14 01:30:00;5.36;6.67;9.52;5.74;3.85;7.19;10.80;11.10;8.60;11.40;14.70;6.06;4.44;0.061;0.277;1.10;184;0.177;2.984;0.40;5.64;12.70;8.40;10.50;0.45;0.40;246.70;237.40;27.90;33.10;;;;;;;;;;;;;;;;;;;;;;;;;;;;;;;;;;;;;;;;;;
2009-11-14 02:00:00;5.33;6.52;8.60;5.72;3.76;7.22;10.70;10.50;8.30;9.60;15.80;5.68;3.85;0.059;0.214;1.90;191;0.133;2.968;0.32;5.73;12.10;8.20;10.20;0.44;0.43;247.90;239.80;30.40;33.70;;;;;;;;;;;;;;;;;;;;;;;;;;;;;;;;;;;;;;;;;;
2009-11-14 02:30:00;5.60;6.96;8.87;5.97;3.96;7.48;10.60;10.90;8.70;11.00;16.00;4.88;5.07;0.055;0.161;2.70;180;0.072;2.906;0.21;6.00;12.70;8.60;10.60;0.43;0.37;239.90;236.20;25.90;31.10;;;;;;;;;;;;;;;;;;;;;;;;;;;;;;;;;;;;;;;;;;
2009-11-14 03:00:00;5.02;6.19;8.55;5.44;3.68;6.64;10.50;10.50;8.50;10.60;18.00;4.60;4.83;0.069;0.411;1.60;187;-0.018;2.843;0.24;5.55;12.70;8.40;10.30;0.44;0.36;248.80;236.30;33.50;33.80;;;;;;;;;;;;;;;;;;;;;;;;;;;;;;;;;;;;;;;;;;
2009-11-14 03:30:00;5.81;7.22;9.94;6.25;4.27;8.29;10.90;10.90;9.20;10.40;17.10;5.37;4.94;0.056;0.127;3.20;169;0.061;2.742;0.29;6.28;12.30;8.50;10.50;0.44;0.44;249.70;241.00;26.80;31.60;;;;;;;;;;;;;;;;;;;;;;;;;;;;;;;;;;;;;;;;;;
2009-11-14 04:00:00;6.09;7.38;9.78;6.79;4.32;7.55;10.80;11.30;8.80;11.80;15.80;5.03;4.79;0.068;0.245;1.10;141;0.048;2.478;0.33;999.999;999.999;999.999;999.999;999.999;999.999;999.999;999.999;999.999;999.999;;;;;;;;;;;;;;;;;;;;;;;;;;;;;;;;;;;;;;;;;;
2009-11-14 04:30:00;5.52;6.96;10.25;6.25;3.86;7.69;11.30;11.50;8.50;12.00;15.50;6.76;6.25;0.059;0.305;1.40;166;0.085;3.274;0.36;999.999;999.999;999.999;999.999;999.999;999.999;999.999;999.999;999.999;999.999;;;;;;;;;;;;;;;;;;;;;;;;;;;;;;;;;;;;;;;;;;
2009-11-14 05:00:00;5.54;7.48;10.10;5.99;3.93;8.51;11.20;11.10;8.90;12.30;15.90;4.81;5.29;0.057;0.279;1.80;174;0.037;3.218;0.28;5.73;12.70;8.70;10.90;0.46;0.46;245.20;240.90;29.00;34.50;;;;;;;;;;;;;;;;;;;;;;;;;;;;;;;;;;;;;;;;;;
2009-11-14 05:30:00;5.47;6.83;10.02;5.94;3.84;7.62;11.00;11.30;8.60;11.00;16.30;5.27;4.75;0.068;0.575;0.90;183;0.116;3.036;0.31;5.85;12.70;8.60;10.70;0.45;0.42;253.60;245.40;27.50;33.30;;;;;;;;;;;;;;;;;;;;;;;;;;;;;;;;;;;;;;;;;;
2009-11-14 06:00:00;6.21;7.70;9.61;6.58;4.44;8.83;11.10;11.60;9.20;11.70;18.10;4.93;5.78;0.054;0.162;1.60;172;0.066;2.833;0.30;6.39;12.30;9.10;11.00;0.42;0.45;250.60;242.10;27.70;32.00;;;;;;;;;;;;;;;;;;;;;;;;;;;;;;;;;;;;;;;;;;
2009-11-14 06:30:00;6.29;7.79;9.81;6.66;4.49;8.59;11.60;11.60;9.20;9.70;16.40;5.60;4.88;0.066;0.391;1.10;172;0.023;2.854;0.44;6.70;12.70;9.20;11.30;0.44;0.52;254.30;246.80;25.30;31.40;;;;;;;;;;;;;;;;;;;;;;;;;;;;;;;;;;;;;;;;;;
2009-11-14 07:00:00;6.28;7.99;10.63;6.65;4.39;8.45;10.90;11.70;8.80;10.80;16.20;5.59;5.31;0.061;0.137;3.20;179;0.043;3.069;0.41;6.51;12.70;8.80;10.90;0.45;0.46;257.70;248.00;29.40;33.60;;;;;;;;;;;;;;;;;;;;;;;;;;;;;;;;;;;;;;;;;;
2009-11-14 07:30:00;6.46;7.97;10.00;6.83;4.55;8.69;11.10;11.40;8.90;11.00;15.60;5.82;5.47;0.059;0.287;1.00;177;0.042;3.001;0.34;6.76;12.70;8.80;10.70;0.42;0.41;253.20;241.40;26.00;33.10;;;;;;;;;;;;;;;;;;;;;;;;;;;;;;;;;;;;;;;;;;
2009-11-14 08:00:00;6.31;7.69;11.31;6.74;4.60;9.01;11.80;11.70;9.60;11.10;17.10;6.29;5.02;0.055;0.113;3.50;164;0.119;2.827;0.23;6.89;12.70;9.20;11.20;0.43;0.47;253.60;244.40;28.30;32.40;;;;;;;;;;;;;;;;;;;;;;;;;;;;;;;;;;;;;;;;;;
2009-11-14 08:30:00;6.48;7.77;9.82;6.84;4.60;8.44;11.70;11.80;9.40;10.70;16.30;5.75;5.21;0.057;0.212;2.40;167;-0.016;2.739;0.39;6.79;13.10;9.10;11.20;0.44;0.43;254.10;245.50;26.70;32.60;;;;;;;;;;;;;;;;;;;;;;;;;;;;;;;;;;;;;;;;;;
2009-11-14 09:00:00;7.22;9.47;12.52;7.67;5.01;11.11;11.30;11.50;8.90;12.40;15.30;6.18;7.17;0.070;0.611;0.90;178;0.038;3.249;0.34;7.56;12.70;9.30;11.20;0.42;0.49;251.80;245.20;25.30;30.40;;;;;;;;;;;;;;;;;;;;;;;;;;;;;;;;;;;;;;;;;;
2009-11-14 09:30:00;7.18;9.17;10.76;7.67;5.12;10.47;11.40;11.70;9.40;11.60;16.70;6.18;5.78;0.065;0.349;0.90;169;0.079;2.937;0.30;7.80;12.70;9.30;11.40;0.44;0.48;254.00;246.40;25.90;30.10;;;;;;;;;;;;;;;;;;;;;;;;;;;;;;;;;;;;;;;;;;
2009-11-14 10:00:00;7.60;9.12;11.17;8.08;5.55;10.00;12.20;11.90;10.20;9.70;17.20;7.06;5.09;0.054;0.096;3.70;155;0.159;2.710;0.33;7.91;13.60;9.50;11.60;0.43;0.48;254.20;247.90;23.80;28.50;;;;;;;;;;;;;;;;;;;;;;;;;;;;;;;;;;;;;;;;;;
2009-11-14 10:30:00;6.95;8.71;10.52;7.30;5.00;9.88;11.50;11.60;9.60;11.80;17.20;5.93;6.65;0.065;0.258;1.00;166;0.146;2.946;0.33;7.22;13.10;9.20;11.40;0.46;0.47;258.80;249.70;21.60;29.40;;;;;;;;;;;;;;;;;;;;;;;;;;;;;;;;;;;;;;;;;;
2009-11-14 11:00:00;7.21;8.70;10.33;7.55;5.16;9.78;12.00;12.00;10.00;11.80;16.60;5.89;5.64;0.052;0.113;3.10;158;0.031;2.881;0.35;7.27;13.50;9.10;11.50;0.47;0.49;252.60;248.10;25.80;31.40;;;;;;;;;;;;;;;;;;;;;;;;;;;;;;;;;;;;;;;;;;
2009-11-14 11:30:00;7.07;8.69;11.32;7.60;5.06;9.97;11.80;11.70;9.60;12.40;15.80;6.62;5.91;0.068;0.456;1.10;162;0.051;2.817;0.25;7.41;13.20;9.30;11.50;0.45;0.48;254.40;247.00;20.30;27.80;;;;;;;;;;;;;;;;;;;;;;;;;;;;;;;;;;;;;;;;;;
2009-11-14 12:00:00;6.76;8.61;12.40;7.24;4.76;11.64;11.20;11.40;9.10;13.20;15.60;7.97;6.36;0.061;0.194;2.60;169;0.165;3.412;0.52;6.90;12.30;9.00;11.10;0.44;0.49;249.80;245.50;25.60;29.90;;;;;;;;;;;;;;;;;;;;;;;;;;;;;;;;;;;;;;;;;;
2009-11-14 12:30:00;7.31;9.51;13.16;7.91;5.12;11.39;11.50;11.70;9.00;10.30;15.70;8.58;6.13;0.060;0.131;1.30;170;0.174;3.174;0.36;7.85;13.10;9.50;11.40;0.42;0.50;252.40;247.00;22.60;27.30;;;;;;;;;;;;;;;;;;;;;;;;;;;;;;;;;;;;;;;;;;
2009-11-14 13:00:00;6.75;8.37;12.18;7.20;4.85;9.18;11.60;11.80;9.20;11.80;15.00;6.21;6.08;0.070;0.362;1.20;170;0.097;2.822;0.27;7.27;13.10;9.20;11.30;0.44;0.44;253.50;247.20;26.20;30.10;;;;;;;;;;;;;;;;;;;;;;;;;;;;;;;;;;;;;;;;;;
2009-11-14 13:30:00;6.98;8.52;10.48;7.45;4.91;9.85;11.70;11.90;9.20;11.80;17.10;5.56;5.25;0.065;0.221;1.00;172;0.146;2.791;0.36;7.41;13.00;9.30;11.50;0.45;0.45;253.00;247.90;25.10;30.20;;;;;;;;;;;;;;;;;;;;;;;;;;;;;;;;;;;;;;;;;;
2009-11-14 14:00:00;6.75;8.04;9.73;6.98;4.75;8.74;12.30;12.10;9.70;13.20;18.60;4.94;5.06;0.060;0.165;2.60;165;0.126;2.817;0.43;7.12;13.50;9.40;11.80;0.47;0.48;252.70;248.70;25.40;31.80;;;;;;;;;;;;;;;;;;;;;;;;;;;;;;;;;;;;;;;;;;
2009-11-14 14:30:00;6.67;8.76;10.18;7.15;4.61;9.56;12.10;12.20;9.20;12.90;18.80;5.71;5.85;0.053;0.080;3.10;170;0.155;3.185;0.46;7.52;13.90;9.70;12.00;0.46;0.52;255.10;251.50;24.40;30.10;;;;;;;;;;;;;;;;;;;;;;;;;;;;;;;;;;;;;;;;;;
2009-11-14 15:00:00;6.46;7.78;9.43;6.86;4.62;8.20;11.40;12.40;9.40;13.70;17.00;4.99;5.02;0.054;0.119;2.80;168;0.100;2.654;0.27;6.85;13.50;9.20;11.50;0.45;0.43;251.10;246.10;26.40;31.20;;;;;;;;;;;;;;;;;;;;;;;;;;;;;;;;;;;;;;;;;;
2009-11-14 15:30:00;7.34;9.06;10.91;7.77;5.21;10.19;12.10;11.60;9.60;13.70;17.30;6.56;5.50;0.064;0.218;1.10;165;0.134;2.910;0.16;7.64;14.00;9.50;11.80;0.44;0.42;253.20;249.00;22.10;28.80;;;;;;;;;;;;;;;;;;;;;;;;;;;;;;;;;;;;;;;;;;
2009-11-14 16:00:00;6.49;8.06;10.53;6.93;4.67;8.27;12.40;12.70;10.00;11.60;16.50;5.43;6.25;0.057;0.154;2.30;157;0.015;2.898;0.41;6.71;13.20;9.40;11.80;0.48;0.51;257.30;253.80;23.00;31.40;;;;;;;;;;;;;;;;;;;;;;;;;;;;;;;;;;;;;;;;;;
2009-11-14 16:30:00;7.38;8.66;9.44;7.78;5.20;9.23;12.40;12.30;10.00;13.60;17.50;5.46;5.36;0.066;0.363;0.90;160;0.131;2.741;0.44;7.73;13.50;9.90;12.10;0.43;0.48;253.70;251.50;19.70;26.20;;;;;;;;;;;;;;;;;;;;;;;;;;;;;;;;;;;;;;;;;;
2009-11-14 17:00:00;6.97;8.47;10.01;7.48;5.04;9.84;12.10;12.10;10.00;12.70;16.70;5.95;5.90;0.053;0.247;2.40;155;-0.012;2.740;0.36;7.36;13.50;9.70;11.70;0.43;0.46;257.40;253.80;23.70;30.00;;;;;;;;;;;;;;;;;;;;;;;;;;;;;;;;;;;;;;;;;;
2009-11-14 17:30:00;6.28;7.56;10.68;7.05;4.50;8.49;12.80;12.00;10.00;12.80;17.20;6.68;4.72;0.053;0.168;1.20;142;0.073;2.691;0.37;999.999;999.999;999.999;999.999;999.999;999.999;999.999;999.999;999.999;999.999;;;;;;;;;;;;;;;;;;;;;;;;;;;;;;;;;;;;;;;;;;
2009-11-14 18:00:00;6.90;8.47;12.15;7.37;4.89;9.53;13.00;12.90;10.10;12.20;19.00;7.83;5.28;0.052;0.154;1.10;152;0.034;2.917;0.47;7.39;14.00;10.00;12.30;0.45;0.53;261.10;258.50;20.40;27.60;;;;;;;;;;;;;;;;;;;;;;;;;;;;;;;;;;;;;;;;;;
2009-11-14 18:30:00;5.82;7.18;8.40;6.20;4.14;8.10;12.30;12.30;9.60;13.50;18.90;4.71;4.52;0.049;0.154;1.50;165;0.039;2.768;0.34;6.16;14.00;9.50;11.90;0.47;0.47;258.10;253.60;23.40;30.60;;;;;;;;;;;;;;;;;;;;;;;;;;;;;;;;;;;;;;;;;;
2009-11-14 19:00:00;5.87;7.51;11.02;6.41;4.24;8.79;12.40;13.00;9.80;14.20;17.10;6.61;5.07;0.054;0.381;0.90;163;0.113;3.146;0.46;6.34;14.00;9.70;12.00;0.45;0.51;258.30;255.30;20.20;28.60;;;;;;;;;;;;;;;;;;;;;;;;;;;;;;;;;;;;;;;;;;
2009-11-14 19:30:00;6.01;8.15;10.95;6.41;4.24;9.88;12.30;12.50;9.60;12.50;16.70;5.91;6.31;0.049;0.182;0.90;166;-0.005;3.340;0.53;6.70;13.60;10.20;12.20;0.42;0.58;261.70;257.60;17.90;24.90;;;;;;;;;;;;;;;;;;;;;;;;;;;;;;;;;;;;;;;;;;
2009-11-14 20:00:00;5.52;6.80;8.33;5.79;3.87;8.00;12.30;12.60;9.70;13.50;17.50;4.45;4.88;0.046;0.125;1.90;163;0.048;2.899;0.43;5.62;14.00;9.40;11.90;0.48;0.46;258.90;253.60;26.90;32.30;;;;;;;;;;;;;;;;;;;;;;;;;;;;;;;;;;;;;;;;;;
2009-11-14 20:30:00;5.44;6.82;8.38;5.84;3.91;7.98;11.90;12.00;10.10;13.50;16.50;4.16;5.05;0.042;0.097;3.70;146;-0.022;2.910;0.48;5.67;13.10;9.20;11.50;0.47;0.50;259.90;256.30;27.00;32.20;;;;;;;;;;;;;;;;;;;;;;;;;;;;;;;;;;;;;;;;;;
2009-11-14 21:00:00;5.68;7.06;9.97;5.91;3.99;7.68;12.20;12.00;9.90;11.30;16.10;5.21;4.76;0.046;0.131;5.40;160;0.021;3.043;0.46;5.87;13.20;9.60;11.80;0.45;0.49;256.80;252.20;22.10;27.70;;;;;;;;;;;;;;;;;;;;;;;;;;;;;;;;;;;;;;;;;;
2009-11-14 21:30:00;5.56;6.61;7.61;5.87;3.94;6.99;11.90;12.10;9.50;11.80;17.50;4.12;4.17;0.054;0.162;1.80;166;-0.051;2.611;0.42;5.80;13.10;9.30;11.70;0.47;0.53;259.80;254.30;23.50;30.20;;;;;;;;;;;;;;;;;;;;;;;;;;;;;;;;;;;;;;;;;;
2009-11-14 22:00:00;5.29;7.20;9.21;5.68;3.70;8.36;11.90;12.30;8.90;12.10;15.20;5.22;4.77;0.060;0.293;1.70;173;-0.019;3.348;0.47;5.44;12.80;8.90;11.30;0.48;0.49;257.70;250.00;24.50;31.30;;;;;;;;;;;;;;;;;;;;;;;;;;;;;;;;;;;;;;;;;;
2009-11-14 22:30:00;5.02;6.26;7.09;5.96;3.57;6.60;11.20;12.50;9.30;11.80;15.40;3.70;4.26;0.058;0.655;0.90;144;0.034;2.476;0.35;999.999;999.999;999.999;999.999;999.999;999.999;999.999;999.999;999.999;999.999;;;;;;;;;;;;;;;;;;;;;;;;;;;;;;;;;;;;;;;;;;
2009-11-14 23:00:00;4.99;6.36;8.91;5.45;3.49;7.06;11.80;12.50;8.60;12.10;16.50;4.70;5.01;0.057;0.119;3.20;183;0.049;2.923;0.37;5.37;13.60;8.90;11.50;0.50;0.51;263.10;255.30;22.90;29.60;;;;;;;;;;;;;;;;;;;;;;;;;;;;;;;;;;;;;;;;;;
2009-11-14 23:30:00;5.23;6.40;8.61;5.50;3.72;6.80;11.60;11.80;9.00;11.70;17.00;5.40;3.95;0.056;0.188;1.20;177;0.106;2.967;0.32;5.62;13.60;8.80;11.10;0.47;0.42;257.50;250.50;24.30;29.80;;;;;;;;;;;;;;;;;;;;;;;;;;;;;;;;;;;;;;;;;;
2009-11-15 00:00:00;4.80;6.28;8.47;5.20;3.41;6.76;11.40;11.30;8.80;11.10;15.20;4.39;5.12;0.051;0.177;2.20;181;0.102;3.372;0.35;5.07;12.70;8.40;10.80;0.48;0.41;266.00;253.90;23.60;31.10;;;;;;;;;;;;;;;;;;;;;;;;;;;;;;;;;;;;;;;;;;
2009-11-15 00:30:00;4.95;6.10;7.06;5.30;3.49;6.53;11.80;12.10;8.80;13.40;15.90;4.35;3.82;0.055;0.104;1.50;180;0.140;2.871;0.37;5.24;13.10;8.70;11.10;0.49;0.48;261.50;253.10;22.60;29.90;;;;;;;;;;;;;;;;;;;;;;;;;;;;;;;;;;;;;;;;;;
2009-11-15 01:00:00;5.24;6.78;8.92;5.52;3.73;7.70;11.90;12.00;9.40;11.30;16.10;4.84;4.27;0.053;0.195;1.10;170;0.053;3.022;0.47;5.46;12.70;9.00;11.30;0.48;0.51;257.00;252.10;21.40;28.80;;;;;;;;;;;;;;;;;;;;;;;;;;;;;;;;;;;;;;;;;;
2009-11-15 01:30:00;4.76;5.74;7.18;5.08;3.46;6.64;11.30;11.20;9.00;11.00;15.80;4.87;3.66;0.051;0.186;1.70;177;0.075;2.761;0.26;5.10;12.70;8.40;10.80;0.49;0.43;258.60;251.90;24.00;31.20;;;;;;;;;;;;;;;;;;;;;;;;;;;;;;;;;;;;;;;;;;
2009-11-15 02:00:00;4.67;5.65;6.70;4.87;3.32;6.38;11.40;10.80;9.00;12.50;16.50;3.62;3.67;0.050;0.180;1.80;178;-0.072;2.872;0.30;4.76;13.10;8.50;10.80;0.48;0.39;251.80;247.90;29.30;34.50;;;;;;;;;;;;;;;;;;;;;;;;;;;;;;;;;;;;;;;;;;
2009-11-15 02:30:00;4.48;5.60;7.94;4.78;3.17;5.93;11.20;11.90;8.40;12.70;15.10;4.91;3.48;0.052;0.153;2.90;191;0.161;3.163;0.37;4.75;13.20;8.40;10.90;0.50;0.42;253.60;247.70;25.30;33.50;;;;;;;;;;;;;;;;;;;;;;;;;;;;;;;;;;;;;;;;;;
2009-11-15 03:00:00;4.66;5.57;7.39;4.95;3.33;5.84;11.00;11.00;8.80;12.70;16.30;3.86;3.87;0.053;0.209;1.90;180;-0.002;2.823;0.35;4.89;13.10;8.50;10.80;0.47;0.36;256.30;251.50;24.10;31.20;;;;;;;;;;;;;;;;;;;;;;;;;;;;;;;;;;;;;;;;;;
2009-11-15 03:30:00;5.04;6.07;7.09;5.18;3.60;7.01;11.60;11.30;9.40;12.10;17.50;4.18;4.15;0.053;0.273;1.20;169;-0.004;2.952;0.34;5.23;13.10;8.60;10.90;0.47;0.43;254.80;251.20;22.30;29.80;;;;;;;;;;;;;;;;;;;;;;;;;;;;;;;;;;;;;;;;;;
2009-11-15 04:00:00;4.87;5.94;7.58;5.21;3.47;6.77;11.40;11.50;9.00;11.80;15.00;4.28;4.02;0.055;0.482;1.10;176;0.118;2.932;0.36;5.25;13.10;8.90;11.20;0.47;0.49;250.50;249.10;23.80;30.80;;;;;;;;;;;;;;;;;;;;;;;;;;;;;;;;;;;;;;;;;;
2009-11-15 04:30:00;4.74;5.66;7.85;5.13;3.43;6.77;11.80;11.80;9.10;11.90;16.30;4.06;3.79;0.051;0.231;2.00;173;0.182;2.693;0.31;5.09;13.50;8.70;11.20;0.49;0.40;247.30;248.80;21.30;30.90;;;;;;;;;;;;;;;;;;;;;;;;;;;;;;;;;;;;;;;;;;
2009-11-15 05:00:00;4.70;5.77;7.85;4.98;3.35;7.08;11.40;11.90;8.70;11.70;15.30;4.49;3.85;0.056;0.142;1.50;183;0.058;2.895;0.34;5.01;13.10;8.80;11.20;0.48;0.48;253.40;250.40;18.60;29.10;;;;;;;;;;;;;;;;;;;;;;;;;;;;;;;;;;;;;;;;;;
2009-11-15 05:30:00;4.39;5.66;6.94;4.71;3.11;5.91;10.50;11.50;8.50;11.90;15.30;3.80;3.91;0.049;0.119;1.20;187;0.023;3.123;0.21;4.68;13.10;8.50;10.60;0.45;0.40;252.80;249.10;19.30;28.50;;;;;;;;;;;;;;;;;;;;;;;;;;;;;;;;;;;;;;;;;;
2009-11-15 06:00:00;4.09;5.38;7.14;4.43;2.90;6.02;10.80;11.40;8.40;11.10;17.40;3.67;4.47;0.058;0.373;1.20;191;-0.070;3.126;0.40;4.46;13.00;8.40;10.80;0.48;0.40;249.10;250.40;24.30;32.90;;;;;;;;;;;;;;;;;;;;;;;;;;;;;;;;;;;;;;;;;;
2009-11-15 06:30:00;4.50;5.43;6.66;4.80;3.28;6.09;10.90;11.10;9.10;12.50;16.70;3.48;3.91;0.047;0.167;2.10;175;0.032;2.713;0.15;4.75;11.60;8.50;10.60;0.45;0.40;255.60;250.80;26.50;30.50;;;;;;;;;;;;;;;;;;;;;;;;;;;;;;;;;;;;;;;;;;
2009-11-15 07:00:00;4.78;6.04;7.52;5.01;3.37;6.88;11.80;12.10;9.40;11.20;16.40;3.96;4.52;0.043;0.137;1.00;169;-0.069;3.089;0.32;4.77;13.10;9.10;11.60;0.48;0.43;257.60;257.20;20.00;28.00;;;;;;;;;;;;;;;;;;;;;;;;;;;;;;;;;;;;;;;;;;
2009-11-15 07:30:00;4.57;5.62;7.71;4.83;3.22;6.02;12.10;12.20;9.30;10.90;16.00;3.92;3.95;0.044;0.172;1.50;170;0.046;2.991;0.27;4.83;13.10;9.00;11.50;0.48;0.42;257.70;258.00;18.50;26.90;;;;;;;;;;;;;;;;;;;;;;;;;;;;;;;;;;;;;;;;;;
2009-11-15 08:00:00;4.08;5.21;7.41;4.43;2.89;6.17;11.60;12.00;9.00;13.70;17.10;3.56;4.05;0.053;0.307;1.20;176;-0.021;3.117;0.35;4.49;12.60;9.00;11.50;0.48;0.45;258.90;257.00;23.60;30.30;;;;;;;;;;;;;;;;;;;;;;;;;;;;;;;;;;;;;;;;;;
2009-11-15 08:30:00;4.07;5.09;7.54;4.33;2.90;5.41;10.70;11.10;8.80;11.80;17.10;4.13;3.73;0.052;0.479;1.00;182;0.031;3.041;0.45;4.42;12.20;8.80;11.00;0.47;0.41;265.00;258.20;23.10;29.60;;;;;;;;;;;;;;;;;;;;;;;;;;;;;;;;;;;;;;;;;;
2009-11-15 09:00:00;4.24;5.06;6.40;4.47;3.04;5.28;11.70;12.00;9.40;10.50;16.20;3.81;3.48;0.048;0.299;0.90;168;0.057;2.778;0.27;4.43;12.60;8.90;11.40;0.48;0.43;264.30;256.50;19.10;27.70;;;;;;;;;;;;;;;;;;;;;;;;;;;;;;;;;;;;;;;;;;
2009-11-15 09:30:00;4.47;5.65;6.50;4.82;3.20;6.13;11.40;11.90;9.20;10.20;16.90;3.09;3.64;0.038;0.171;1.60;173;-0.039;2.718;0.35;4.72;12.10;9.10;11.20;0.44;0.41;261.70;258.20;23.60;26.20;;;;;;;;;;;;;;;;;;;;;;;;;;;;;;;;;;;;;;;;;;
2009-11-15 10:00:00;4.69;6.03;7.62;4.96;3.32;7.38;11.50;11.70;9.40;12.10;19.30;4.03;4.48;0.043;0.238;1.60;168;-0.018;3.068;0.29;4.95;13.50;9.40;11.60;0.46;0.41;266.10;258.70;21.40;25.60;;;;;;;;;;;;;;;;;;;;;;;;;;;;;;;;;;;;;;;;;;
2009-11-15 10:30:00;4.56;5.48;7.32;4.84;3.21;5.88;12.30;11.80;9.70;10.40;18.20;3.65;3.67;0.042;0.157;1.10;164;0.040;2.774;0.32;4.77;13.50;9.60;12.00;0.47;0.50;262.30;258.20;19.00;24.90;;;;;;;;;;;;;;;;;;;;;;;;;;;;;;;;;;;;;;;;;;
2009-11-15 11:00:00;4.16;5.17;5.95;4.35;2.98;5.83;11.70;12.10;9.50;11.10;17.80;3.40;3.10;0.042;0.199;1.00;167;0.115;2.843;0.39;4.45;13.00;9.20;11.50;0.47;0.37;269.00;259.10;22.00;26.30;;;;;;;;;;;;;;;;;;;;;;;;;;;;;;;;;;;;;;;;;;
2009-11-15 11:30:00;4.44;5.63;7.95;4.69;3.07;5.90;11.80;11.20;9.00;10.90;17.80;4.25;3.70;0.043;0.135;1.80;177;0.005;3.097;0.41;4.73;12.60;9.20;11.40;0.46;0.48;264.20;258.30;20.30;26.00;;;;;;;;;;;;;;;;;;;;;;;;;;;;;;;;;;;;;;;;;;
2009-11-15 12:00:00;3.96;5.06;6.05;4.29;2.84;5.49;11.60;11.50;9.00;9.10;16.90;3.31;3.06;0.041;0.108;1.70;175;0.094;2.758;0.26;4.34;13.20;9.20;11.50;0.46;0.42;265.30;259.70;18.00;25.50;;;;;;;;;;;;;;;;;;;;;;;;;;;;;;;;;;;;;;;;;;
2009-11-15 12:30:00;4.20;5.14;6.24;4.42;2.93;5.57;11.80;11.90;9.30;10.60;15.70;4.16;3.10;0.040;0.142;1.50;171;0.111;2.914;0.39;4.29;13.10;9.10;11.40;0.47;0.48;267.00;260.60;21.40;27.70;;;;;;;;;;;;;;;;;;;;;;;;;;;;;;;;;;;;;;;;;;
2009-11-15 13:00:00;4.03;5.09;7.02;4.26;2.85;5.69;11.70;12.60;9.50;11.30;19.00;3.90;3.68;0.037;0.076;4.80;167;0.122;3.132;0.29;4.36;13.20;9.40;11.70;0.47;0.48;268.70;263.40;22.30;27.10;;;;;;;;;;;;;;;;;;;;;;;;;;;;;;;;;;;;;;;;;;
2009-11-15 13:30:00;3.91;4.89;6.43;4.09;2.79;5.26;12.00;11.80;9.40;10.90;18.10;4.01;2.76;0.039;0.097;3.10;170;0.113;2.925;0.31;4.11;13.50;8.80;11.30;0.49;0.41;275.30;262.70;21.20;27.20;;;;;;;;;;;;;;;;;;;;;;;;;;;;;;;;;;;;;;;;;;
2009-11-15 14:00:00;3.87;4.64;5.19;4.10;2.73;4.84;11.80;11.90;9.10;11.10;18.10;3.05;3.07;0.044;0.184;1.60;174;0.041;2.646;0.26;4.04;12.90;8.90;11.40;0.50;0.49;268.40;263.80;20.40;27.10;;;;;;;;;;;;;;;;;;;;;;;;;;;;;;;;;;;;;;;;;;
2009-11-15 14:30:00;3.82;4.74;6.99;4.09;2.65;5.27;11.70;11.80;8.50;13.30;16.10;4.58;3.93;0.045;0.189;1.30;186;-0.046;3.322;0.47;3.97;12.30;8.70;11.20;0.50;0.49;267.90;261.80;20.00;27.70;;;;;;;;;;;;;;;;;;;;;;;;;;;;;;;;;;;;;;;;;;
2009-11-15 15:00:00;3.71;4.56;6.11;3.94;2.61;4.88;11.60;11.50;8.50;11.80;16.50;3.18;2.93;0.041;0.131;2.10;186;0.079;2.777;0.41;3.80;12.20;8.30;10.80;0.50;0.47;268.40;262.10;24.40;29.80;;;;;;;;;;;;;;;;;;;;;;;;;;;;;;;;;;;;;;;;;;
2009-11-15 15:30:00;3.62;4.62;6.11;3.89;2.55;5.25;11.70;11.60;8.50;12.50;17.40;3.90;3.14;0.046;0.151;1.00;186;0.135;3.165;0.42;3.77;12.20;8.40;10.90;0.51;0.49;269.50;263.50;23.20;29.60;;;;;;;;;;;;;;;;;;;;;;;;;;;;;;;;;;;;;;;;;;
2009-11-15 16:00:00;3.61;4.43;6.70;3.84;2.64;5.01;11.10;10.60;9.00;10.20;16.90;3.53;3.69;0.039;0.108;0.90;177;0.035;2.913;0.24;3.75;11.50;8.30;10.50;0.47;0.43;266.70;263.70;23.00;28.90;;;;;;;;;;;;;;;;;;;;;;;;;;;;;;;;;;;;;;;;;;
2009-11-15 16:30:00;3.48;4.22;5.88;3.69;2.48;4.68;11.40;11.40;8.90;10.20;17.30;2.85;3.03;0.038;0.211;1.10;178;0.038;2.735;0.30;3.64;13.10;8.70;11.20;0.50;0.48;271.00;266.90;21.20;29.10;;;;;;;;;;;;;;;;;;;;;;;;;;;;;;;;;;;;;;;;;;
2009-11-15 17:00:00;3.23;3.98;5.26;3.45;2.32;4.33;11.10;11.20;8.60;11.70;16.20;2.88;2.83;0.038;0.115;3.60;185;0.061;2.948;0.25;3.42;12.10;8.20;10.60;0.50;0.46;266.30;263.70;25.10;31.00;;;;;;;;;;;;;;;;;;;;;;;;;;;;;;;;;;;;;;;;;;
2009-11-15 17:30:00;3.35;4.16;5.39;3.59;2.42;4.63;11.30;11.10;8.60;9.30;16.40;2.86;2.81;0.048;0.206;1.80;185;0.040;2.747;0.24;3.61;13.10;8.10;10.90;0.54;0.45;274.90;267.70;23.30;30.80;;;;;;;;;;;;;;;;;;;;;;;;;;;;;;;;;;;;;;;;;;
2009-11-15 18:00:00;3.61;4.58;5.95;3.84;2.54;5.53;11.10;11.80;8.20;11.30;16.20;3.76;3.16;0.056;0.376;1.20;195;0.115;3.040;0.33;3.82;12.70;7.90;10.50;0.53;0.47;273.90;265.20;20.40;28.40;;;;;;;;;;;;;;;;;;;;;;;;;;;;;;;;;;;;;;;;;;
2009-11-15 18:30:00;3.45;4.32;5.56;3.71;2.36;4.74;10.90;11.30;7.70;10.50;16.10;2.98;2.65;0.055;0.248;1.20;205;0.006;2.960;0.40;3.69;13.00;7.90;10.70;0.55;0.50;277.10;266.20;25.00;30.90;;;;;;;;;;;;;;;;;;;;;;;;;;;;;;;;;;;;;;;;;;
2009-11-15 19:00:00;3.27;4.05;4.62;3.51;2.35;4.50;10.00;10.50;7.60;10.00;16.50;2.77;2.67;0.066;0.270;1.20;208;0.080;2.807;0.23;3.43;12.70;7.30;10.10;0.55;0.40;276.80;260.10;29.70;34.50;;;;;;;;;;;;;;;;;;;;;;;;;;;;;;;;;;;;;;;;;;
2009-11-15 19:30:00;3.31;4.19;5.37;3.62;2.35;4.80;10.30;11.30;7.50;12.90;15.90;2.73;2.98;0.066;0.324;0.80;208;-0.022;2.973;0.28;3.63;13.10;7.40;10.20;0.56;0.47;277.90;260.70;22.10;30.20;;;;;;;;;;;;;;;;;;;;;;;;;;;;;;;;;;;;;;;;;;
2009-11-15 20:00:00;3.50;4.24;5.87;3.68;2.48;4.61;10.80;11.70;7.90;9.90;16.10;3.36;2.55;0.056;0.145;2.10;202;0.120;2.958;0.22;3.61;12.70;7.50;10.30;0.55;0.45;278.00;260.80;23.90;30.80;;;;;;;;;;;;;;;;;;;;;;;;;;;;;;;;;;;;;;;;;;
2009-11-15 20:30:00;3.11;3.73;5.44;3.40;2.24;3.94;10.30;11.00;7.40;10.00;15.30;3.16;2.32;0.062;0.247;1.70;214;0.100;2.800;0.35;3.35;13.00;7.10;10.00;0.56;0.45;278.60;255.40;25.00;32.30;;;;;;;;;;;;;;;;;;;;;;;;;;;;;;;;;;;;;;;;;;
2009-11-15 21:00:00;3.32;4.18;5.87;3.65;2.30;4.66;10.60;11.40;7.20;12.80;15.50;3.64;2.95;0.062;0.187;1.00;220;0.062;2.954;0.43;3.68;13.00;7.40;10.60;0.58;0.52;278.50;258.60;22.10;30.00;;;;;;;;;;;;;;;;;;;;;;;;;;;;;;;;;;;;;;;;;;
2009-11-15 21:30:00;3.19;3.97;6.34;3.51;2.29;4.23;10.70;11.30;7.40;10.20;15.10;3.72;2.73;0.064;0.183;1.70;215;0.019;2.968;0.21;3.53;13.10;7.20;10.40;0.58;0.52;275.80;255.40;23.60;31.60;;;;;;;;;;;;;;;;;;;;;;;;;;;;;;;;;;;;;;;;;;
2009-11-15 22:00:00;3.68;4.57;6.21;3.96;2.61;5.24;11.50;11.10;8.00;11.20;14.90;3.11;3.21;0.064;0.269;1.80;198;0.072;2.858;0.27;3.86;13.00;7.60;10.50;0.56;0.54;278.60;259.30;22.50;28.50;;;;;;;;;;;;;;;;;;;;;;;;;;;;;;;;;;;;;;;;;;
2009-11-15 22:30:00;3.26;4.07;4.58;3.57;2.30;4.39;10.90;11.80;7.70;11.20;16.20;2.44;2.72;0.059;0.340;1.20;208;-0.092;2.785;0.31;3.57;13.00;7.60;10.70;0.57;0.55;280.60;259.40;20.30;29.70;;;;;;;;;;;;;;;;;;;;;;;;;;;;;;;;;;;;;;;;;;
2009-11-15 23:00:00;2.96;3.76;4.90;3.26;2.08;4.13;9.50;10.00;6.80;12.20;14.50;2.69;2.83;0.052;0.125;2.30;234;-0.003;3.110;0.30;3.20;12.20;7.00;9.60;0.54;0.36;279.10;250.10;22.20;33.60;;;;;;;;;;;;;;;;;;;;;;;;;;;;;;;;;;;;;;;;;;
2009-11-15 23:30:00;3.06;3.82;4.78;3.23;2.16;4.30;10.30;11.00;7.50;11.40;15.90;2.55;2.79;0.059;0.506;1.00;212;0.034;3.076;0.19;3.21;13.00;7.00;9.80;0.55;0.37;273.80;246.90;22.70;34.10;;;;;;;;;;;;;;;;;;;;;;;;;;;;;;;;;;;;;;;;;;
2009-11-16 00:00:00;3.19;3.87;5.26;3.38;2.25;4.03;10.00;10.00;7.30;10.80;15.70;2.67;3.18;0.066;0.512;0.90;219;0.092;2.903;0.24;3.36;12.10;7.20;9.70;0.52;0.41;276.40;249.80;22.50;33.30;;;;;;;;;;;;;;;;;;;;;;;;;;;;;;;;;;;;;;;;;;
2009-11-16 00:30:00;3.29;4.17;6.09;3.51;2.32;4.61;10.20;11.40;7.50;11.10;14.80;2.94;3.15;0.059;0.485;0.90;212;-0.007;3.242;0.30;3.45;12.30;7.40;10.10;0.55;0.42;274.40;249.30;22.00;32.60;;;;;;;;;;;;;;;;;;;;;;;;;;;;;;;;;;;;;;;;;;
2009-11-16 01:00:00;2.83;3.68;5.32;3.19;2.01;4.29;9.30;10.90;6.70;11.70;14.60;3.03;2.98;0.060;0.393;0.90;236;0.060;3.176;0.32;3.12;12.70;6.90;9.60;0.55;0.35;277.40;245.00;23.00;35.50;;;;;;;;;;;;;;;;;;;;;;;;;;;;;;;;;;;;;;;;;;
2009-11-16 01:30:00;2.84;3.45;4.61;3.12;2.08;3.84;9.80;10.80;7.40;11.40;14.90;2.79;2.29;0.054;0.241;1.20;215;0.029;2.805;0.09;3.03;12.70;6.90;9.50;0.53;0.34;278.60;245.80;23.60;36.20;;;;;;;;;;;;;;;;;;;;;;;;;;;;;;;;;;;;;;;;;;
2009-11-16 02:00:00;3.12;3.98;5.01;3.40;2.23;4.42;9.40;9.90;7.00;10.10;15.50;2.76;2.76;0.060;0.564;1.10;226;0.140;3.009;0.25;3.39;11.50;6.90;9.30;0.51;0.33;271.50;241.90;24.50;35.40;;;;;;;;;;;;;;;;;;;;;;;;;;;;;;;;;;;;;;;;;;
2009-11-16 02:30:00;3.04;3.82;5.10;3.28;2.17;4.02;9.50;10.20;7.20;8.80;15.20;2.84;2.72;0.051;0.114;2.10;221;0.064;3.009;0.27;3.29;12.10;6.90;9.30;0.50;0.34;269.30;242.40;26.80;37.20;;;;;;;;;;;;;;;;;;;;;;;;;;;;;;;;;;;;;;;;;;
2009-11-16 03:00:00;3.12;3.69;4.74;3.38;2.22;3.77;9.00;8.90;6.90;9.40;13.10;2.68;2.52;0.055;0.125;2.30;232;-0.030;2.877;0.08;3.42;11.80;6.80;9.00;0.48;0.26;275.80;244.00;24.60;35.10;;;;;;;;;;;;;;;;;;;;;;;;;;;;;;;;;;;;;;;;;;
2009-11-16 03:30:00;3.01;3.50;4.60;3.20;2.14;3.91;9.80;9.60;7.30;8.80;15.00;2.33;2.68;0.055;0.332;1.60;216;0.002;2.818;0.31;3.15;11.70;6.80;9.00;0.50;0.34;274.90;247.60;29.80;38.50;;;;;;;;;;;;;;;;;;;;;;;;;;;;;;;;;;;;;;;;;;
2009-11-16 04:00:00;3.25;4.10;5.25;3.46;2.28;4.70;9.40;10.00;7.00;7.90;15.10;3.34;2.86;0.072;0.539;1.30;228;0.092;3.257;0.24;3.40;11.40;6.90;9.00;0.48;0.29;280.40;246.80;26.60;38.60;;;;;;;;;;;;;;;;;;;;;;;;;;;;;;;;;;;;;;;;;;
2009-11-16 04:30:00;3.23;4.12;6.10;3.52;2.32;4.89;9.30;9.90;7.20;10.00;15.80;3.23;2.87;0.054;0.254;0.90;219;0.058;3.097;0.10;3.37;12.20;6.90;9.20;0.49;0.27;278.70;245.80;26.60;38.10;;;;;;;;;;;;;;;;;;;;;;;;;;;;;;;;;;;;;;;;;;
2009-11-16 05:00:00;3.15;3.78;4.63;3.44;2.24;4.20;9.10;9.60;6.90;12.20;14.70;2.36;2.88;0.056;0.354;1.00;230;-0.040;2.813;0.17;3.42;11.40;6.80;8.80;0.47;0.30;280.20;248.20;28.40;37.40;;;;;;;;;;;;;;;;;;;;;;;;;;;;;;;;;;;;;;;;;;
2009-11-16 05:30:00;3.25;3.99;4.85;3.46;2.29;4.46;8.80;8.90;7.00;7.30;15.20;2.99;2.85;0.055;0.147;1.80;226;0.179;3.242;0.20;3.42;12.10;6.70;8.70;0.46;0.21;277.70;241.20;25.90;39.80;;;;;;;;;;;;;;;;;;;;;;;;;;;;;;;;;;;;;;;;;;
2009-11-16 06:00:00;3.02;3.86;5.27;3.28;2.15;4.47;8.70;9.20;6.70;7.90;12.90;2.74;2.85;0.056;0.245;1.70;240;0.039;3.082;0.28;3.36;11.40;6.70;8.60;0.45;0.23;273.30;241.60;27.00;38.80;;;;;;;;;;;;;;;;;;;;;;;;;;;;;;;;;;;;;;;;;;
2009-11-16 06:30:00;2.87;3.57;4.65;3.15;2.08;4.07;8.20;9.20;6.80;10.60;13.10;2.78;2.39;0.055;0.253;1.40;235;0.120;3.010;0.15;3.11;7.50;6.60;8.30;0.43;0.26;247.50;242.20;36.20;40.20;;;;;;;;;;;;;;;;;;;;;;;;;;;;;;;;;;;;;;;;;;
2009-11-16 07:00:00;2.87;3.49;4.17;3.10;2.04;3.80;8.50;8.70;6.80;7.90;14.20;2.58;2.54;0.050;0.098;3.50;234;0.024;2.945;0.32;3.12;11.70;6.60;8.50;0.45;0.23;273.80;248.90;27.00;39.30;;;;;;;;;;;;;;;;;;;;;;;;;;;;;;;;;;;;;;;;;;
2009-11-16 07:30:00;3.05;3.69;4.82;3.31;2.20;3.91;9.00;8.90;7.20;8.50;15.10;2.63;2.51;0.050;0.182;1.50;220;0.021;2.777;0.10;3.31;11.40;7.10;8.90;0.44;0.32;275.20;252.60;22.60;35.10;;;;;;;;;;;;;;;;;;;;;;;;;;;;;;;;;;;;;;;;;;
2009-11-16 08:00:00;3.02;3.73;4.59;3.20;2.15;4.17;8.80;9.00;7.20;8.70;14.10;2.75;2.60;0.058;0.706;0.80;221;0.101;2.976;0.18;3.26;11.30;7.10;8.90;0.43;0.29;276.30;256.50;24.00;36.20;;;;;;;;;;;;;;;;;;;;;;;;;;;;;;;;;;;;;;;;;;
2009-11-16 08:30:00;2.76;3.50;4.75;2.98;1.99;3.88;8.60;9.00;7.00;8.30;15.00;2.81;2.50;0.048;0.111;1.90;227;0.018;3.086;0.25;2.97;10.80;6.80;8.60;0.45;0.27;277.00;251.50;28.20;38.90;;;;;;;;;;;;;;;;;;;;;;;;;;;;;;;;;;;;;;;;;;
2009-11-16 09:00:00;3.08;3.93;4.82;3.31;2.20;4.37;8.80;9.30;7.30;11.10;14.20;3.26;2.67;0.048;0.360;1.10;219;0.139;3.164;0.35;3.26;10.90;7.20;8.90;0.43;0.32;275.40;258.40;24.70;34.60;;;;;;;;;;;;;;;;;;;;;;;;;;;;;;;;;;;;;;;;;;
2009-11-16 09:30:00;3.23;4.06;6.23;3.43;2.30;4.55;8.80;9.10;7.20;8.90;14.60;2.81;3.42;0.051;0.189;1.10;223;0.056;3.129;0.30;3.42;9.00;7.20;8.80;0.41;0.41;246.00;255.00;29.90;33.40;;;;;;;;;;;;;;;;;;;;;;;;;;;;;;;;;;;;;;;;;;
2009-11-16 10:00:00;3.18;3.88;4.91;3.42;2.29;4.49;9.20;9.00;7.30;7.70;13.40;2.57;2.89;0.054;0.357;0.90;217;0.072;2.843;0.10;3.38;11.20;7.20;9.00;0.43;0.32;274.40;256.60;25.60;32.50;;;;;;;;;;;;;;;;;;;;;;;;;;;;;;;;;;;;;;;;;;
2009-11-16 10:30:00;3.12;3.75;4.99;3.38;2.27;4.00;9.50;9.90;7.60;8.80;13.30;2.98;2.44;0.049;0.246;1.80;211;0.046;2.796;0.16;3.40;10.50;7.30;9.20;0.44;0.35;269.70;258.10;22.60;31.80;;;;;;;;;;;;;;;;;;;;;;;;;;;;;;;;;;;;;;;;;;
2009-11-16 11:00:00;3.28;4.06;5.92;3.48;2.33;4.44;9.40;9.10;7.40;9.30;14.60;3.10;3.15;0.052;0.179;2.10;215;0.095;3.161;0.19;3.45;10.90;7.20;9.00;0.45;0.38;274.30;254.30;25.80;33.20;;;;;;;;;;;;;;;;;;;;;;;;;;;;;;;;;;;;;;;;;;
2009-11-16 11:30:00;3.26;4.09;5.02;3.49;2.31;4.40;9.00;9.20;7.30;8.30;14.90;2.63;2.48;0.053;0.280;1.10;217;0.098;2.871;0.25;3.43;10.20;7.20;9.00;0.43;0.41;275.80;258.50;25.00;32.70;;;;;;;;;;;;;;;;;;;;;;;;;;;;;;;;;;;;;;;;;;
2009-11-16 12:00:00;3.25;4.07;5.94;3.49;2.34;4.38;9.60;9.90;7.60;10.30;13.80;3.44;3.15;0.049;0.192;0.90;211;-0.043;2.997;0.36;3.54;11.00;7.50;9.30;0.45;0.44;274.20;258.20;23.80;30.90;;;;;;;;;;;;;;;;;;;;;;;;;;;;;;;;;;;;;;;;;;
2009-11-16 12:30:00;3.21;4.03;5.48;3.43;2.29;4.48;9.50;9.70;7.40;7.70;14.10;2.72;3.48;0.046;0.141;2.60;215;0.055;3.069;0.38;3.43;10.70;7.40;9.10;0.43;0.43;276.40;261.00;23.30;30.10;;;;;;;;;;;;;;;;;;;;;;;;;;;;;;;;;;;;;;;;;;
2009-11-16 13:00:00;3.35;4.20;5.95;3.53;2.41;4.67;9.90;9.90;8.20;9.50;14.10;2.93;3.02;0.039;0.101;2.40;193;0.060;3.096;0.24;3.49;11.30;7.60;9.50;0.45;0.41;274.10;262.20;23.60;30.30;;;;;;;;;;;;;;;;;;;;;;;;;;;;;;;;;;;;;;;;;;
2009-11-16 13:30:00;3.40;4.16;5.05;3.50;2.36;4.73;9.90;9.80;7.70;10.90;13.80;3.02;2.92;0.049;0.213;1.40;207;0.078;3.092;0.36;3.51;10.70;7.60;9.30;0.44;0.49;272.10;263.30;19.80;27.30;;;;;;;;;;;;;;;;;;;;;;;;;;;;;;;;;;;;;;;;;;
2009-11-16 14:00:00;3.23;4.21;5.52;3.43;2.26;4.93;9.30;9.50;7.20;9.30;13.20;3.23;2.68;0.049;0.195;0.90;222;0.078;3.352;0.38;3.48;10.20;7.40;9.00;0.43;0.46;273.30;263.70;21.00;28.80;;;;;;;;;;;;;;;;;;;;;;;;;;;;;;;;;;;;;;;;;;
2009-11-16 14:30:00;3.21;4.05;5.35;3.40;2.26;4.61;9.40;9.50;7.40;10.70;13.60;3.04;2.62;0.052;0.246;1.20;214;0.119;3.071;0.37;3.37;10.60;7.30;9.00;0.44;0.49;280.60;264.70;21.50;29.90;;;;;;;;;;;;;;;;;;;;;;;;;;;;;;;;;;;;;;;;;;
2009-11-16 15:00:00;3.21;4.00;5.23;3.43;2.30;4.83;9.60;9.60;7.70;9.20;13.90;2.91;3.36;0.046;0.230;0.90;206;-0.031;2.910;0.33;3.38;11.00;7.60;9.30;0.45;0.46;280.90;268.50;21.00;29.30;;;;;;;;;;;;;;;;;;;;;;;;;;;;;;;;;;;;;;;;;;
2009-11-16 15:30:00;3.39;4.13;6.03;3.58;2.43;4.46;9.70;9.80;8.00;8.80;14.20;3.24;2.79;0.056;0.429;1.00;198;0.056;2.830;0.37;3.61;10.60;7.80;9.30;0.41;0.49;280.70;268.40;19.90;27.30;;;;;;;;;;;;;;;;;;;;;;;;;;;;;;;;;;;;;;;;;;
2009-11-16 16:00:00;3.01;3.83;5.14;3.21;2.13;4.25;9.00;8.90;7.40;9.10;12.90;2.55;2.62;0.046;0.208;1.20;213;0.005;2.976;0.46;3.17;9.60;7.30;8.80;0.41;0.49;276.10;265.60;24.30;31.40;;;;;;;;;;;;;;;;;;;;;;;;;;;;;;;;;;;;;;;;;;
2009-11-16 16:30:00;3.02;3.76;4.92;3.25;2.15;4.40;9.40;9.20;7.50;9.60;13.70;2.78;2.39;0.048;0.378;1.00;211;0.078;2.871;0.35;3.28;10.60;7.50;9.10;0.42;0.48;280.40;269.20;23.30;31.40;;;;;;;;;;;;;;;;;;;;;;;;;;;;;;;;;;;;;;;;;;
2009-11-16 17:00:00;2.97;3.66;4.53;3.12;2.11;4.12;9.30;9.60;7.40;8.20;12.90;2.49;2.37;0.052;0.445;0.90;215;-0.046;2.894;0.42;3.10;9.60;7.00;8.70;0.44;0.45;272.30;268.50;23.20;32.90;;;;;;;;;;;;;;;;;;;;;;;;;;;;;;;;;;;;;;;;;;
2009-11-16 17:30:00;3.13;3.92;5.39;3.26;2.19;4.39;9.40;9.70;7.40;9.70;13.40;2.54;2.85;0.041;0.155;2.60;216;0.057;3.069;0.37;3.30;9.90;7.50;9.10;0.43;0.52;279.60;272.40;20.70;29.50;;;;;;;;;;;;;;;;;;;;;;;;;;;;;;;;;;;;;;;;;;
2009-11-16 18:00:00;3.14;3.80;5.47;3.26;2.23;4.22;9.60;9.90;7.80;9.20;13.20;2.78;2.69;0.038;0.116;1.20;204;0.015;2.974;0.50;3.26;9.90;7.50;9.00;0.42;0.55;277.10;273.70;20.20;28.70;;;;;;;;;;;;;;;;;;;;;;;;;;;;;;;;;;;;;;;;;;
2009-11-16 18:30:00;3.01;3.75;4.89;3.12;2.11;4.09;9.40;9.40;7.80;8.60;13.90;2.53;2.58;0.040;0.210;0.90;204;0.038;3.053;0.40;3.09;9.90;7.50;9.10;0.42;0.53;275.40;270.40;22.40;29.50;;;;;;;;;;;;;;;;;;;;;;;;;;;;;;;;;;;;;;;;;;
2009-11-16 19:00:00;2.96;3.71;4.66;3.19;2.11;4.13;9.30;9.30;7.40;8.10;12.40;2.42;2.62;0.047;0.226;1.20;214;-0.036;2.894;0.38;3.15;10.20;7.50;9.10;0.43;0.48;277.70;273.30;21.40;29.00;;;;;;;;;;;;;;;;;;;;;;;;;;;;;;;;;;;;;;;;;;
2009-11-16 19:30:00;2.81;3.50;4.35;2.99;2.03;4.01;9.30;9.40;7.50;11.50;13.60;2.90;2.55;0.045;0.497;1.10;211;0.017;2.909;0.39;3.00;10.60;7.30;8.90;0.43;0.43;281.70;273.50;20.60;30.60;;;;;;;;;;;;;;;;;;;;;;;;;;;;;;;;;;;;;;;;;;
2009-11-16 20:00:00;2.71;3.34;4.56;2.92;1.95;4.05;9.20;9.40;7.40;8.60;15.20;2.34;2.23;0.045;0.373;1.00;216;-0.025;2.761;0.41;2.98;9.80;7.30;8.80;0.42;0.51;272.40;269.50;22.20;30.10;;;;;;;;;;;;;;;;;;;;;;;;;;;;;;;;;;;;;;;;;;
2009-11-16 20:30:00;2.53;3.22;4.00;2.65;1.78;3.68;9.20;9.20;7.50;10.40;13.00;2.08;2.60;0.045;0.387;1.10;212;-0.058;3.114;0.36;2.62;10.60;7.20;8.90;0.44;0.45;279.60;271.00;21.60;33.20;;;;;;;;;;;;;;;;;;;;;;;;;;;;;;;;;;;;;;;;;;
2009-11-16 21:00:00;2.40;2.91;3.78;2.63;1.72;3.28;9.20;9.10;7.20;9.70;13.00;2.06;2.35;0.035;0.081;2.40;221;-0.001;2.788;0.34;2.63;9.60;7.30;8.90;0.43;0.48;280.10;270.20;23.40;33.50;;;;;;;;;;;;;;;;;;;;;;;;;;;;;;;;;;;;;;;;;;
2009-11-16 21:30:00;2.45;2.99;3.97;2.63;1.75;3.23;8.90;8.70;7.30;8.50;13.30;2.20;2.36;0.044;0.612;0.90;217;0.039;2.967;0.29;2.64;9.50;7.10;8.70;0.43;0.44;277.70;269.50;22.90;32.80;;;;;;;;;;;;;;;;;;;;;;;;;;;;;;;;;;;;;;;;;;
2009-11-16 22:00:00;2.52;3.11;3.89;2.66;1.79;3.31;9.20;9.20;7.40;10.10;13.80;2.13;2.12;0.040;0.096;3.20;216;0.099;2.885;0.33;2.66;10.60;7.20;8.90;0.44;0.46;278.70;266.90;22.30;31.70;;;;;;;;;;;;;;;;;;;;;;;;;;;;;;;;;;;;;;;;;;
2009-11-16 22:30:00;2.48;3.19;5.56;2.65;1.76;3.78;9.10;9.20;7.30;10.00;13.50;2.62;2.94;0.034;0.100;1.30;218;0.122;3.407;0.39;2.62;10.60;7.30;8.90;0.43;0.43;275.50;265.50;21.40;30.60;;;;;;;;;;;;;;;;;;;;;;;;;;;;;;;;;;;;;;;;;;
2009-11-16 23:00:00;2.69;3.25;3.82;2.84;1.93;3.57;9.40;9.30;7.70;9.90;12.90;2.36;2.08;0.040;0.215;1.70;207;0.129;2.869;0.34;2.87;10.60;7.50;9.10;0.42;0.46;281.80;270.20;19.80;29.00;;;;;;;;;;;;;;;;;;;;;;;;;;;;;;;;;;;;;;;;;;
2009-11-16 23:30:00;2.39;2.93;3.88;2.53;1.76;3.43;9.20;8.90;7.70;8.10;13.40;2.03;2.39;0.035;0.073;1.80;207;-0.020;2.893;0.22;2.46;10.00;6.90;8.60;0.44;0.41;275.10;264.60;26.90;33.80;;;;;;;;;;;;;;;;;;;;;;;;;;;;;;;;;;;;;;;;;;
2009-11-17 00:00:00;2.57;3.12;4.58;2.65;1.82;3.35;9.30;9.10;7.50;8.40;14.00;2.68;1.96;0.038;0.145;1.30;213;0.080;2.991;0.28;2.59;10.20;7.10;8.80;0.44;0.42;278.00;263.20;24.50;31.40;;;;;;;;;;;;;;;;;;;;;;;;;;;;;;;;;;;;;;;;;;
2009-11-17 00:30:00;2.42;3.18;3.88;2.57;1.73;3.59;9.30;9.60;7.40;9.50;13.40;2.35;2.10;0.042;0.213;1.60;214;0.046;3.125;0.27;2.55;10.60;7.20;8.90;0.45;0.41;273.90;263.50;23.30;30.40;;;;;;;;;;;;;;;;;;;;;;;;;;;;;;;;;;;;;;;;;;
2009-11-17 01:00:00;2.39;3.06;4.46;2.57;1.71;3.32;9.10;9.20;7.40;9.20;12.80;2.20;2.26;0.036;0.078;2.60;215;0.034;3.178;0.31;2.50;10.30;7.10;8.80;0.44;0.47;270.40;262.50;24.70;31.60;;;;;;;;;;;;;;;;;;;;;;;;;;;;;;;;;;;;;;;;;;
2009-11-17 01:30:00;2.43;3.07;4.25;2.60;1.75;3.39;8.60;8.90;7.20;8.80;13.70;2.15;2.33;0.039;0.127;2.00;220;0.027;3.053;0.30;2.53;9.30;6.90;8.50;0.43;0.44;278.10;266.20;25.40;29.70;;;;;;;;;;;;;;;;;;;;;;;;;;;;;;;;;;;;;;;;;;
2009-11-17 02:00:00;2.38;3.16;4.55;2.57;1.70;3.72;9.10;9.20;7.10;9.60;12.40;2.39;2.48;0.038;0.119;1.40;225;0.069;3.401;0.41;2.49;9.90;7.00;8.70;0.45;0.48;274.80;265.00;23.90;31.40;;;;;;;;;;;;;;;;;;;;;;;;;;;;;;;;;;;;;;;;;;
2009-11-17 02:30:00;2.36;2.86;3.69;2.52;1.70;3.21;9.10;9.40;7.40;9.10;13.30;1.98;1.94;0.039;0.178;1.80;217;0.024;2.791;0.33;2.47;9.90;7.10;8.70;0.44;0.43;277.10;267.00;22.30;32.10;;;;;;;;;;;;;;;;;;;;;;;;;;;;;;;;;;;;;;;;;;
2009-11-17 03:00:00;2.47;3.09;4.57;2.59;1.75;3.44;8.60;9.00;7.20;9.80;15.20;2.35;2.22;0.035;0.080;2.50;222;0.035;3.045;0.38;2.57;9.80;7.20;8.60;0.41;0.46;275.30;264.80;23.10;29.90;;;;;;;;;;;;;;;;;;;;;;;;;;;;;;;;;;;;;;;;;;
2009-11-17 03:30:00;2.50;3.05;3.91;2.58;1.76;3.33;9.30;8.50;7.60;8.40;14.30;2.43;1.93;0.034;0.094;4.30;209;0.128;2.922;0.27;2.53;10.30;7.30;8.90;0.43;0.48;277.40;267.60;21.40;29.30;;;;;;;;;;;;;;;;;;;;;;;;;;;;;;;;;;;;;;;;;;
2009-11-17 04:00:00;2.45;3.06;3.87;2.59;1.74;3.47;9.30;9.50;7.50;10.40;13.40;2.17;2.06;0.040;0.266;1.40;211;0.020;2.983;0.42;2.61;9.90;7.30;8.90;0.43;0.53;278.70;270.00;22.60;29.50;;;;;;;;;;;;;;;;;;;;;;;;;;;;;;;;;;;;;;;;;;
2009-11-17 04:30:00;2.25;2.77;3.34;2.42;1.56;2.97;8.70;9.20;6.70;9.80;12.40;1.91;1.79;0.038;0.116;1.10;237;0.019;2.878;0.40;2.33;10.20;7.00;8.70;0.44;0.43;275.40;265.10;24.60;31.40;;;;;;;;;;;;;;;;;;;;;;;;;;;;;;;;;;;;;;;;;;
2009-11-17 05:00:00;2.26;2.93;4.23;2.40;1.57;3.22;8.80;9.00;6.90;9.70;13.00;2.11;2.20;0.034;0.113;2.20;232;0.005;3.306;0.46;2.41;9.90;7.20;8.70;0.42;0.47;278.00;269.70;23.40;30.90;;;;;;;;;;;;;;;;;;;;;;;;;;;;;;;;;;;;;;;;;;
2009-11-17 05:30:00;2.34;2.86;3.57;2.49;1.68;3.12;9.20;8.90;7.30;9.20;12.70;1.81;2.11;0.034;0.144;0.90;217;0.021;2.733;0.43;2.54;9.80;7.20;8.70;0.42;0.52;273.60;268.90;24.40;31.20;;;;;;;;;;;;;;;;;;;;;;;;;;;;;;;;;;;;;;;;;;
2009-11-17 06:00:00;2.30;2.91;3.68;2.43;1.63;3.40;8.90;8.80;7.10;8.60;12.60;2.00;1.81;0.037;0.135;1.20;223;-0.006;2.923;0.31;2.43;9.90;7.10;8.60;0.42;0.46;284.00;273.00;23.60;32.70;;;;;;;;;;;;;;;;;;;;;;;;;;;;;;;;;;;;;;;;;;
2009-11-17 06:30:00;2.19;2.69;3.41;2.30;1.59;2.81;8.80;8.70;7.60;7.20;13.30;1.91;1.73;0.031;0.094;1.40;211;0.012;2.831;0.36;2.33;9.60;7.00;8.40;0.42;0.47;283.60;276.10;22.40;30.60;;;;;;;;;;;;;;;;;;;;;;;;;;;;;;;;;;;;;;;;;;
2009-11-17 07:00:00;2.28;2.78;3.73;2.40;1.61;3.12;8.70;8.80;7.10;8.00;12.90;2.17;1.79;0.032;0.085;1.80;222;0.017;2.990;0.40;2.35;9.20;6.90;8.30;0.41;0.48;280.60;274.40;25.30;32.50;;;;;;;;;;;;;;;;;;;;;;;;;;;;;;;;;;;;;;;;;;
2009-11-17 07:30:00;2.15;2.65;3.60;2.26;1.51;2.92;8.80;8.70;7.30;8.60;13.60;1.93;1.67;0.032;0.152;1.10;219;0.080;2.933;0.45;2.29;9.20;7.20;8.70;0.42;0.47;277.20;270.50;26.80;30.70;;;;;;;;;;;;;;;;;;;;;;;;;;;;;;;;;;;;;;;;;;
2009-11-17 08:00:00;2.35;2.87;3.63;2.51;1.71;3.19;9.00;8.90;7.60;9.70;13.50;1.95;1.93;0.034;0.118;3.00;208;-0.008;2.777;0.41;2.57;9.70;7.40;8.80;0.40;0.52;279.90;273.60;18.20;25.20;;;;;;;;;;;;;;;;;;;;;;;;;;;;;;;;;;;;;;;;;;
2009-11-17 08:30:00;2.14;2.73;4.21;2.27;1.54;3.12;8.90;8.80;7.20;8.10;13.10;2.22;1.99;0.034;0.112;1.00;220;0.070;3.153;0.36;2.27;9.90;6.90;8.50;0.42;0.44;277.80;275.20;25.90;30.50;;;;;;;;;;;;;;;;;;;;;;;;;;;;;;;;;;;;;;;;;;
2009-11-17 09:00:00;2.03;2.60;3.32;2.17;1.45;2.88;8.60;9.30;7.00;8.20;12.40;1.81;1.91;0.036;0.131;1.40;226;-0.061;3.000;0.43;2.14;9.90;6.80;8.50;0.46;0.48;275.90;271.60;23.00;29.30;;;;;;;;;;;;;;;;;;;;;;;;;;;;;;;;;;;;;;;;;;
2009-11-17 09:30:00;2.07;2.61;3.30;2.19;1.47;3.07;9.00;9.20;7.20;10.50;13.30;1.77;1.65;0.035;0.166;1.20;223;-0.011;2.947;0.40;2.16;9.90;6.90;8.60;0.45;0.48;274.40;271.80;28.90;31.50;;;;;;;;;;;;;;;;;;;;;;;;;;;;;;;;;;;;;;;;;;
2009-11-17 10:00:00;1.92;2.43;3.10;2.04;1.36;2.71;8.90;8.70;7.00;8.40;12.70;1.89;2.12;0.034;0.100;2.10;228;0.044;3.053;0.29;2.06;9.90;6.80;8.60;0.47;0.44;275.60;272.30;26.60;31.70;;;;;;;;;;;;;;;;;;;;;;;;;;;;;;;;;;;;;;;;;;
2009-11-17 10:30:00;1.90;2.31;2.83;2.02;1.38;2.55;8.80;9.20;7.10;7.60;12.50;1.58;1.62;0.033;0.141;1.70;225;0.045;2.883;0.26;2.01;9.50;6.50;8.20;0.47;0.44;274.00;270.20;26.10;31.70;;;;;;;;;;;;;;;;;;;;;;;;;;;;;;;;;;;;;;;;;;
2009-11-17 11:00:00;2.08;2.65;3.89;2.24;1.50;2.93;8.80;9.10;7.00;9.50;12.70;2.16;2.31;0.039;0.174;1.10;225;0.079;3.429;0.38;2.19;9.90;6.70;8.60;0.48;0.46;274.20;268.50;27.90;32.40;;;;;;;;;;;;;;;;;;;;;;;;;;;;;;;;;;;;;;;;;;
2009-11-17 11:30:00;1.90;2.30;3.17;2.02;1.34;2.61;8.60;8.70;6.60;8.50;12.80;2.03;1.62;0.044;0.639;0.80;242;0.118;3.050;0.22;2.01;9.90;6.50;8.40;0.48;0.40;277.00;266.20;27.10;32.90;;;;;;;;;;;;;;;;;;;;;;;;;;;;;;;;;;;;;;;;;;
2009-11-17 12:00:00;1.96;2.47;3.37;2.13;1.37;2.78;8.70;9.30;6.30;10.30;13.70;1.76;1.66;0.045;0.209;1.70;253;0.066;2.934;0.41;2.11;9.90;6.60;8.50;0.49;0.48;276.60;264.90;31.30;33.50;;;;;;;;;;;;;;;;;;;;;;;;;;;;;;;;;;;;;;;;;;
2009-11-17 12:30:00;2.00;2.49;3.03;2.13;1.39;2.82;8.60;9.00;6.50;9.50;12.00;1.80;1.47;0.041;0.232;1.80;246;0.086;3.091;0.38;2.17;9.60;6.60;8.50;0.49;0.48;272.60;267.90;29.80;32.00;;;;;;;;;;;;;;;;;;;;;;;;;;;;;;;;;;;;;;;;;;
2009-11-17 13:00:00;2.05;2.46;3.00;2.16;1.48;2.70;8.90;9.20;7.20;9.20;12.30;1.59;1.60;0.042;0.312;1.10;222;0.046;2.715;0.37;2.11;9.20;6.60;8.40;0.49;0.51;268.00;264.20;29.70;32.30;;;;;;;;;;;;;;;;;;;;;;;;;;;;;;;;;;;;;;;;;;
2009-11-17 13:30:00;2.00;2.51;3.04;2.09;1.40;2.93;9.00;9.30;6.80;9.30;13.10;1.90;1.77;0.047;0.218;1.00;235;0.010;3.118;0.47;2.03;10.20;6.50;8.50;0.50;0.48;277.40;267.10;30.40;33.30;;;;;;;;;;;;;;;;;;;;;;;;;;;;;;;;;;;;;;;;;;
2009-11-17 14:00:00;1.84;2.34;3.23;1.99;1.32;2.61;8.70;8.80;6.60;8.50;12.50;1.85;1.64;0.043;0.199;1.20;240;0.042;2.962;0.22;2.02;9.50;6.40;8.40;0.51;0.48;272.70;265.10;33.10;34.60;;;;;;;;;;;;;;;;;;;;;;;;;;;;;;;;;;;;;;;;;;
2009-11-17 14:30:00;1.79;2.25;3.49;1.96;1.29;2.55;8.40;8.60;6.50;8.90;13.50;1.84;1.65;0.045;0.256;1.10;244;0.066;3.011;0.34;1.93;9.90;6.30;8.30;0.51;0.51;278.20;262.60;30.60;34.60;;;;;;;;;;;;;;;;;;;;;;;;;;;;;;;;;;;;;;;;;;
2009-11-17 15:00:00;2.06;2.62;3.53;2.18;1.44;2.90;8.70;8.90;6.50;8.60;12.80;2.00;1.79;0.049;0.260;1.00;246;0.045;3.066;0.46;2.21;9.20;6.50;8.40;0.48;0.54;271.40;264.40;26.10;30.80;;;;;;;;;;;;;;;;;;;;;;;;;;;;;;;;;;;;;;;;;;
2009-11-17 15:30:00;1.88;2.28;3.15;2.01;1.36;2.61;8.50;8.80;6.60;8.60;13.20;1.81;2.00;0.044;0.228;1.20;241;0.072;2.868;0.25;2.02;9.20;6.10;8.10;0.50;0.47;273.90;264.20;31.50;33.90;;;;;;;;;;;;;;;;;;;;;;;;;;;;;;;;;;;;;;;;;;
2009-11-17 16:00:00;1.88;2.41;3.52;2.04;1.32;2.74;8.30;8.70;6.20;8.20;12.50;1.84;2.10;0.051;0.279;1.10;256;-0.006;3.261;0.38;2.02;9.90;6.20;8.30;0.51;0.47;272.80;263.50;29.40;32.80;;;;;;;;;;;;;;;;;;;;;;;;;;;;;;;;;;;;;;;;;;
2009-11-17 16:30:00;1.94;2.38;3.37;2.06;1.37;2.66;8.80;9.10;6.40;8.90;12.90;1.60;1.92;0.042;0.125;2.10;246;-0.034;3.023;0.33;2.05;9.90;6.20;8.10;0.49;0.49;272.90;265.10;27.40;33.10;;;;;;;;;;;;;;;;;;;;;;;;;;;;;;;;;;;;;;;;;;
2009-11-17 17:00:00;2.02;2.61;3.92;2.18;1.45;2.99;8.60;8.90;6.70;8.90;12.00;2.07;2.36;0.053;0.454;0.90;238;-0.092;3.214;0.32;2.15;9.90;6.50;8.50;0.49;0.51;275.40;268.70;28.70;32.70;;;;;;;;;;;;;;;;;;;;;;;;;;;;;;;;;;;;;;;;;;
2009-11-17 17:30:00;2.02;2.52;2.99;2.18;1.42;2.75;8.80;9.10;6.50;8.70;12.10;1.81;1.56;0.047;0.249;1.10;244;0.116;2.936;0.37;2.14;9.30;6.50;8.30;0.47;0.51;271.70;266.80;27.20;32.40;;;;;;;;;;;;;;;;;;;;;;;;;;;;;;;;;;;;;;;;;;
2009-11-17 18:00:00;2.11;2.59;3.22;2.26;1.52;2.88;8.60;8.90;6.70;8.90;13.70;1.91;1.80;0.044;0.171;1.20;239;0.029;2.913;0.37;2.21;9.20;6.30;8.10;0.47;0.47;272.60;268.70;28.60;33.20;;;;;;;;;;;;;;;;;;;;;;;;;;;;;;;;;;;;;;;;;;
2009-11-17 18:30:00;2.06;2.56;3.70;2.21;1.45;2.89;8.40;8.80;6.40;8.50;11.50;2.07;1.84;0.046;0.183;1.30;247;0.167;3.018;0.35;2.14;9.40;6.30;8.10;0.47;0.42;275.30;271.50;37.40;34.50;;;;;;;;;;;;;;;;;;;;;;;;;;;;;;;;;;;;;;;;;;
2009-11-17 19:00:00;2.10;2.65;3.63;2.25;1.47;2.91;8.30;9.30;6.30;9.30;12.80;1.98;1.92;0.043;0.255;1.00;250;0.096;3.129;0.39;2.31;9.90;6.50;8.20;0.46;0.45;271.50;269.90;29.00;32.80;;;;;;;;;;;;;;;;;;;;;;;;;;;;;;;;;;;;;;;;;;
2009-11-17 19:30:00;2.01;2.49;3.46;2.18;1.42;2.82;8.40;8.40;6.30;8.80;11.60;1.98;1.72;0.044;0.118;2.80;254;0.063;2.971;0.16;2.21;10.20;6.30;8.20;0.48;0.44;262.90;265.90;32.50;34.00;;;;;;;;;;;;;;;;;;;;;;;;;;;;;;;;;;;;;;;;;;
2009-11-17 20:00:00;1.97;2.51;3.33;2.10;1.40;2.88;8.20;8.90;6.40;9.20;12.60;1.66;1.94;0.047;0.199;1.00;247;-0.022;3.185;0.19;2.10;9.90;6.20;8.20;0.50;0.46;270.20;269.20;28.30;33.90;;;;;;;;;;;;;;;;;;;;;;;;;;;;;;;;;;;;;;;;;;
2009-11-17 20:30:00;2.10;2.52;3.41;2.27;1.50;2.69;8.20;8.30;6.40;8.10;12.20;1.76;1.76;0.044;0.224;0.90;248;0.032;2.780;0.20;2.29;9.90;6.30;7.90;0.45;0.45;273.00;269.40;27.60;31.10;;;;;;;;;;;;;;;;;;;;;;;;;;;;;;;;;;;;;;;;;;
2009-11-17 21:00:00;2.16;2.74;3.91;2.32;1.54;3.07;8.30;8.50;6.20;8.10;12.40;2.15;1.78;0.054;0.398;1.00;255;0.156;3.124;0.22;2.36;9.90;6.20;8.00;0.46;0.40;266.60;264.20;30.80;32.20;;;;;;;;;;;;;;;;;;;;;;;;;;;;;;;;;;;;;;;;;;
2009-11-17 21:30:00;2.16;2.70;3.44;2.35;1.55;2.92;7.90;7.60;6.20;9.60;12.70;1.87;1.73;0.050;0.314;1.00;259;0.059;2.899;0.32;2.41;9.60;6.30;7.90;0.44;0.41;269.80;265.50;23.00;28.20;;;;;;;;;;;;;;;;;;;;;;;;;;;;;;;;;;;;;;;;;;
2009-11-17 22:00:00;2.17;2.68;3.51;2.34;1.55;2.87;8.10;8.60;6.20;9.40;12.30;1.60;2.00;0.055;0.367;0.80;256;-0.063;2.907;0.34;2.34;9.80;6.10;8.00;0.47;0.40;276.60;265.10;26.20;31.40;;;;;;;;;;;;;;;;;;;;;;;;;;;;;;;;;;;;;;;;;;
2009-11-17 22:30:00;2.04;2.61;3.36;2.25;1.48;2.87;7.60;8.20;5.70;7.20;12.30;1.91;1.94;0.061;0.219;0.90;278;0.006;3.085;0.21;2.26;10.10;5.70;7.50;0.46;0.29;277.70;260.20;29.70;34.00;;;;;;;;;;;;;;;;;;;;;;;;;;;;;;;;;;;;;;;;;;
2009-11-17 23:00:00;2.08;2.52;3.08;2.25;1.50;2.66;7.70;8.00;5.90;8.80;11.50;1.73;1.86;0.059;0.252;1.20;270;0.105;2.905;0.18;2.24;9.20;5.70;7.20;0.44;0.26;270.30;257.50;29.00;33.30;;;;;;;;;;;;;;;;;;;;;;;;;;;;;;;;;;;;;;;;;;
2009-11-17 23:30:00;2.07;2.59;3.49;2.21;1.46;2.71;7.30;7.10;5.60;7.50;12.50;1.90;1.94;0.063;0.335;0.90;285;0.066;3.045;0.17;2.20;9.20;5.50;7.20;0.45;0.25;270.30;255.80;34.50;35.70;;;;;;;;;;;;;;;;;;;;;;;;;;;;;;;;;;;;;;;;;;
2009-11-18 00:00:00;2.04;2.49;3.28;2.26;1.46;2.71;7.00;7.20;5.50;7.20;12.80;2.34;1.76;0.056;0.285;1.10;292;0.091;2.975;0.19;2.26;9.50;5.50;7.10;0.44;0.21;278.80;253.40;32.70;34.20;;;;;;;;;;;;;;;;;;;;;;;;;;;;;;;;;;;;;;;;;;
2009-11-18 00:30:00;2.06;2.53;3.00;2.26;1.48;2.70;7.20;7.50;5.60;6.20;11.70;1.91;1.57;0.061;0.187;1.80;286;0.081;2.829;0.17;2.25;8.90;5.60;7.20;0.46;0.25;279.80;255.40;31.90;34.50;;;;;;;;;;;;;;;;;;;;;;;;;;;;;;;;;;;;;;;;;;
2009-11-18 01:00:00;2.20;2.78;3.76;2.37;1.59;3.19;7.20;7.60;5.90;6.10;12.00;2.06;1.85;0.054;0.120;1.40;271;0.175;3.126;0.20;2.34;8.90;5.60;7.10;0.44;0.28;269.50;256.10;31.10;33.00;;;;;;;;;;;;;;;;;;;;;;;;;;;;;;;;;;;;;;;;;;
2009-11-18 01:30:00;2.08;2.49;3.18;2.28;1.50;2.78;7.50;7.50;5.70;7.70;12.30;1.96;1.50;0.065;0.329;1.00;277;0.188;2.799;0.16;2.27;8.60;5.60;7.20;0.46;0.29;282.10;256.40;33.50;33.90;;;;;;;;;;;;;;;;;;;;;;;;;;;;;;;;;;;;;;;;;;
2009-11-18 02:00:00;2.25;2.77;3.71;2.43;1.62;3.06;7.40;7.50;5.80;6.30;11.60;2.07;1.83;0.061;0.504;1.00;274;0.013;2.952;0.17;2.40;9.20;5.60;7.00;0.43;0.25;268.60;252.00;28.90;33.00;;;;;;;;;;;;;;;;;;;;;;;;;;;;;;;;;;;;;;;;;;
2009-11-18 02:30:00;2.38;2.90;3.61;2.57;1.69;3.16;7.30;7.60;5.70;7.40;11.90;2.05;2.00;0.061;0.221;1.70;278;0.075;2.899;0.29;2.50;8.90;5.70;7.20;0.43;0.30;275.90;254.80;28.50;31.90;;;;;;;;;;;;;;;;;;;;;;;;;;;;;;;;;;;;;;;;;;
2009-11-18 03:00:00;2.24;2.81;4.24;2.39;1.61;3.02;7.60;8.10;6.10;7.00;12.60;2.72;2.14;0.054;0.209;1.10;262;0.074;3.098;0.24;2.36;9.20;5.80;7.30;0.45;0.34;278.50;256.10;26.30;32.50;;;;;;;;;;;;;;;;;;;;;;;;;;;;;;;;;;;;;;;;;;
2009-11-18 03:30:00;2.26;2.82;3.60;2.45;1.63;3.25;7.40;8.10;5.90;7.00;12.20;2.14;1.85;0.061;0.335;1.10;270;0.196;2.976;0.18;2.42;9.30;5.80;7.30;0.43;0.31;281.70;257.10;29.00;33.30;;;;;;;;;;;;;;;;;;;;;;;;;;;;;;;;;;;;;;;;;;
2009-11-18 04:00:00;2.46;3.02;3.55;2.63;1.79;3.32;7.30;7.40;6.10;8.30;11.40;2.09;2.06;0.066;0.392;1.00;259;0.057;2.759;0.24;2.58;8.90;5.80;7.30;0.44;0.37;278.80;259.60;24.90;32.20;;;;;;;;;;;;;;;;;;;;;;;;;;;;;;;;;;;;;;;;;;
2009-11-18 04:30:00;2.51;3.04;3.68;2.72;1.79;3.23;7.50;7.70;5.80;7.20;12.10;2.09;2.05;0.063;0.295;0.90;274;0.046;2.765;0.31;2.70;8.90;5.90;7.30;0.41;0.36;285.30;258.90;29.80;33.30;;;;;;;;;;;;;;;;;;;;;;;;;;;;;;;;;;;;;;;;;;
2009-11-18 05:00:00;2.59;3.18;4.56;2.76;1.90;3.42;7.40;7.60;6.50;6.60;13.10;2.55;2.42;0.057;0.294;1.00;246;0.031;2.973;0.36;2.74;8.70;6.10;7.40;0.40;0.39;280.40;257.90;27.40;32.00;;;;;;;;;;;;;;;;;;;;;;;;;;;;;;;;;;;;;;;;;;
2009-11-18 05:30:00;2.64;3.38;4.72;2.81;1.87;3.64;7.80;7.90;6.30;8.00;11.30;2.75;2.17;0.067;0.373;0.90;254;0.136;3.145;0.34;2.80;8.60;6.20;7.50;0.40;0.47;285.10;267.30;25.30;32.70;;;;;;;;;;;;;;;;;;;;;;;;;;;;;;;;;;;;;;;;;;
2009-11-18 06:00:00;2.63;3.22;4.23;2.86;1.89;3.60;7.70;8.00;6.20;7.80;11.60;2.37;2.29;0.059;0.177;1.20;257;0.068;2.845;0.32;2.88;9.00;6.20;7.50;0.41;0.42;284.80;265.30;24.20;31.90;;;;;;;;;;;;;;;;;;;;;;;;;;;;;;;;;;;;;;;;;;
2009-11-18 06:30:00;2.78;3.49;4.89;2.98;2.02;3.73;7.90;8.30;6.60;6.90;11.20;2.46;2.61;0.059;0.367;0.90;241;0.018;2.972;0.41;2.96;9.20;6.40;7.80;0.40;0.40;281.00;266.80;27.00;33.40;;;;;;;;;;;;;;;;;;;;;;;;;;;;;;;;;;;;;;;;;;
2009-11-18 07:00:00;2.70;3.24;4.20;2.94;1.94;3.62;7.80;7.90;6.30;8.20;11.00;2.33;2.23;0.064;0.305;1.10;254;0.076;2.756;0.33;2.98;8.90;6.30;7.70;0.41;0.46;278.90;264.70;25.30;32.60;;;;;;;;;;;;;;;;;;;;;;;;;;;;;;;;;;;;;;;;;;
2009-11-18 07:30:00;2.69;3.38;4.14;2.83;1.95;3.95;7.90;8.00;6.70;8.40;11.90;2.24;2.15;0.053;0.230;2.50;237;0.062;2.917;0.29;2.84;8.90;6.40;7.80;0.42;0.46;277.60;262.10;25.00;33.50;;;;;;;;;;;;;;;;;;;;;;;;;;;;;;;;;;;;;;;;;;
2009-11-18 08:00:00;2.86;3.41;4.20;3.05;2.04;3.68;7.90;7.90;6.50;8.10;11.50;2.35;2.26;0.055;0.201;2.70;243;0.061;2.728;0.31;3.06;8.80;6.40;7.60;0.39;0.44;284.10;264.30;27.40;32.40;;;;;;;;;;;;;;;;;;;;;;;;;;;;;;;;;;;;;;;;;;
2009-11-18 08:30:00;2.74;3.36;4.58;2.95;1.97;3.62;8.00;8.40;6.60;7.50;10.90;2.55;2.03;0.052;0.501;0.90;242;0.066;2.832;0.34;2.90;9.20;6.50;7.70;0.39;0.41;276.10;260.30;26.20;32.70;;;;;;;;;;;;;;;;;;;;;;;;;;;;;;;;;;;;;;;;;;
2009-11-18 09:00:00;2.57;3.10;4.03;2.78;1.85;3.38;7.70;7.80;6.40;6.60;11.50;2.60;1.93;0.053;0.314;1.00;250;0.116;2.842;0.31;2.75;8.60;6.20;7.50;0.40;0.42;277.80;257.50;28.10;33.70;;;;;;;;;;;;;;;;;;;;;;;;;;;;;;;;;;;;;;;;;;
2009-11-18 09:30:00;2.73;3.47;5.19;2.89;1.96;3.71;8.00;8.20;6.60;8.80;11.20;2.56;2.63;0.055;0.355;1.10;242;0.117;3.144;0.37;2.84;9.20;6.30;7.70;0.41;0.42;276.80;257.00;26.10;31.70;;;;;;;;;;;;;;;;;;;;;;;;;;;;;;;;;;;;;;;;;;
2009-11-18 10:00:00;2.68;3.29;4.67;2.89;1.88;3.48;7.80;8.00;6.10;8.50;10.70;2.78;2.51;0.053;0.113;1.10;261;0.163;3.078;0.34;2.90;8.90;6.30;7.70;0.41;0.43;275.90;258.30;23.40;29.10;;;;;;;;;;;;;;;;;;;;;;;;;;;;;;;;;;;;;;;;;;
2009-11-18 10:30:00;2.93;3.67;5.72;3.09;2.09;4.08;8.20;8.10;6.70;8.80;11.30;2.63;3.09;0.056;0.242;1.20;237;-0.017;3.186;0.35;3.06;9.00;6.60;8.00;0.42;0.48;280.20;264.20;21.30;30.90;;;;;;;;;;;;;;;;;;;;;;;;;;;;;;;;;;;;;;;;;;
2009-11-18 11:00:00;2.87;3.44;4.89;3.06;2.05;3.56;8.00;8.30;6.60;9.20;11.90;3.05;2.46;0.055;0.256;1.20;241;0.038;2.945;0.25;3.04;9.30;6.50;7.90;0.42;0.42;284.10;264.00;26.20;32.40;;;;;;;;;;;;;;;;;;;;;;;;;;;;;;;;;;;;;;;;;;
2009-11-18 11:30:00;2.73;3.31;4.47;2.90;1.91;3.63;7.90;8.20;6.10;8.10;11.90;2.35;2.24;0.065;0.469;0.90;259;0.026;2.862;0.25;2.92;9.20;6.40;7.80;0.42;0.45;287.00;264.30;25.50;31.90;;;;;;;;;;;;;;;;;;;;;;;;;;;;;;;;;;;;;;;;;;
2009-11-18 12:00:00;2.73;3.34;4.12;2.93;1.95;3.58;8.40;8.70;6.60;7.10;13.00;2.29;2.15;0.056;0.239;1.00;242;0.090;2.832;0.40;2.92;9.60;6.40;8.00;0.44;0.52;281.10;263.70;20.60;30.10;;;;;;;;;;;;;;;;;;;;;;;;;;;;;;;;;;;;;;;;;;
2009-11-18 12:30:00;2.81;3.57;4.21;2.95;1.98;4.02;8.40;8.20;6.50;8.10;11.70;2.43;2.45;0.051;0.198;1.20;246;-0.007;3.144;0.39;2.88;9.20;6.40;7.90;0.43;0.46;283.70;263.50;26.30;32.90;;;;;;;;;;;;;;;;;;;;;;;;;;;;;;;;;;;;;;;;;;
2009-11-18 13:00:00;2.87;3.58;4.65;3.03;2.03;3.82;8.40;8.50;6.50;7.80;11.70;2.51;2.54;0.061;0.311;1.40;245;0.015;3.020;0.39;2.99;9.30;6.50;7.90;0.43;0.48;283.60;264.00;20.10;29.00;;;;;;;;;;;;;;;;;;;;;;;;;;;;;;;;;;;;;;;;;;
2009-11-18 13:30:00;2.81;3.49;4.31;2.97;2.02;3.95;8.50;8.50;6.80;8.40;11.20;2.49;2.46;0.059;0.220;1.10;233;0.011;3.011;0.34;3.00;9.60;6.60;8.00;0.43;0.49;283.00;264.60;21.10;28.40;;;;;;;;;;;;;;;;;;;;;;;;;;;;;;;;;;;;;;;;;;
2009-11-18 14:00:00;2.68;3.27;4.33;2.90;1.97;3.46;8.20;8.20;6.80;8.60;12.10;2.05;2.63;0.050;0.171;1.20;233;0.015;2.749;0.22;2.90;9.50;6.40;7.90;0.44;0.47;275.80;261.10;23.40;30.70;;;;;;;;;;;;;;;;;;;;;;;;;;;;;;;;;;;;;;;;;;
2009-11-18 14:30:00;2.64;3.26;4.45;2.82;1.85;3.59;8.10;8.20;6.30;8.80;12.30;2.38;2.39;0.062;0.710;0.90;252;0.039;3.067;0.25;2.85;9.20;6.40;7.80;0.43;0.46;282.80;264.30;23.50;29.90;;;;;;;;;;;;;;;;;;;;;;;;;;;;;;;;;;;;;;;;;;
2009-11-18 15:00:00;2.56;3.16;4.15;2.75;1.85;3.62;8.10;8.40;6.40;7.10;12.80;2.25;2.17;0.061;0.194;1.10;251;0.021;2.854;0.33;2.66;9.60;6.10;7.70;0.45;0.39;287.10;261.50;24.20;34.40;;;;;;;;;;;;;;;;;;;;;;;;;;;;;;;;;;;;;;;;;;
2009-11-18 15:30:00;2.47;3.06;3.67;2.70;1.80;3.32;7.80;8.20;6.40;10.20;10.50;2.18;2.11;0.052;0.173;1.80;247;0.012;2.919;0.27;2.68;8.70;6.20;7.60;0.42;0.43;270.00;260.20;26.10;33.40;;;;;;;;;;;;;;;;;;;;;;;;;;;;;;;;;;;;;;;;;;
2009-11-18 16:00:00;2.68;3.38;4.52;2.87;1.92;3.68;8.20;8.60;6.50;8.50;13.50;2.74;2.46;0.056;0.282;1.20;245;0.063;3.120;0.33;2.84;9.30;6.30;7.90;0.45;0.41;278.40;261.10;28.40;33.00;;;;;;;;;;;;;;;;;;;;;;;;;;;;;;;;;;;;;;;;;;
2009-11-18 16:30:00;2.96;3.68;4.76;3.15;2.15;4.19;8.30;8.50;7.00;8.00;12.40;2.88;2.45;0.052;0.200;1.70;226;0.031;2.915;0.42;3.23;8.90;6.70;8.10;0.42;0.53;282.20;267.60;22.30;27.60;;;;;;;;;;;;;;;;;;;;;;;;;;;;;;;;;;;;;;;;;;
2009-11-18 17:00:00;2.91;3.61;4.96;3.13;2.06;4.00;8.60;8.70;6.60;8.60;13.20;2.59;2.88;0.054;0.172;1.60;239;0.000;2.822;0.44;3.07;9.60;6.80;8.30;0.43;0.53;283.90;268.30;24.70;30.80;;;;;;;;;;;;;;;;;;;;;;;;;;;;;;;;;;;;;;;;;;
2009-11-18 17:30:00;2.89;3.65;4.54;3.05;2.05;4.08;8.50;8.80;6.80;10.10;12.90;2.53;2.83;0.053;0.396;1.20;234;0.053;3.049;0.37;3.01;9.60;6.60;8.20;0.43;0.48;290.90;273.20;23.80;31.80;;;;;;;;;;;;;;;;;;;;;;;;;;;;;;;;;;;;;;;;;;
2009-11-18 18:00:00;2.73;3.39;4.85;2.91;1.98;3.76;8.40;8.50;6.90;7.90;12.00;2.64;2.21;0.048;0.247;1.00;232;0.126;3.007;0.36;2.81;9.60;6.40;8.00;0.45;0.43;289.90;269.00;26.10;34.20;;;;;;;;;;;;;;;;;;;;;;;;;;;;;;;;;;;;;;;;;;
2009-11-18 18:30:00;2.95;3.66;4.64;3.14;2.08;4.28;8.70;8.70;6.70;8.40;12.80;2.86;2.89;0.061;0.419;1.10;237;0.063;3.121;0.50;3.10;9.50;6.70;8.10;0.42;0.50;285.50;272.00;23.30;31.90;;;;;;;;;;;;;;;;;;;;;;;;;;;;;;;;;;;;;;;;;;
2009-11-18 19:00:00;3.09;3.74;4.55;3.24;2.16;4.01;8.50;8.20;6.70;8.30;11.90;2.76;2.81;0.051;0.160;1.90;238;0.024;2.907;0.39;3.20;9.20;6.70;8.00;0.40;0.44;286.00;269.30;20.90;28.80;;;;;;;;;;;;;;;;;;;;;;;;;;;;;;;;;;;;;;;;;;
2009-11-18 19:30:00;3.04;3.91;6.08;3.24;2.14;4.20;8.50;8.60;6.80;7.50;11.70;3.43;2.65;0.053;0.163;0.90;234;0.058;3.252;0.41;3.25;9.60;6.90;8.30;0.41;0.49;290.50;272.30;17.80;27.60;;;;;;;;;;;;;;;;;;;;;;;;;;;;;;;;;;;;;;;;;;
2009-11-18 20:00:00;2.93;3.55;4.60;3.16;2.10;3.72;8.40;8.70;6.80;8.90;12.00;2.46;2.47;0.054;0.179;1.40;234;0.073;2.770;0.26;3.11;9.90;6.60;8.20;0.43;0.42;292.40;269.70;20.40;30.10;;;;;;;;;;;;;;;;;;;;;;;;;;;;;;;;;;;;;;;;;;
2009-11-18 20:30:00;3.14;3.98;4.85;3.28;2.18;4.27;8.70;8.80;7.00;8.30;13.50;2.84;2.67;0.052;0.334;0.90;228;0.048;3.154;0.46;3.28;9.60;6.90;8.40;0.42;0.49;286.10;271.70;19.50;27.40;;;;;;;;;;;;;;;;;;;;;;;;;;;;;;;;;;;;;;;;;;
2009-11-18 21:00:00;3.24;4.07;5.19;3.43;2.26;4.46;9.40;9.30;7.20;8.50;12.80;2.92;2.91;0.053;0.410;0.90;222;0.146;3.093;0.51;3.44;9.70;7.20;8.70;0.43;0.56;284.30;271.70;16.00;25.20;;;;;;;;;;;;;;;;;;;;;;;;;;;;;;;;;;;;;;;;;;
2009-11-18 21:30:00;3.11;3.93;5.74;3.32;2.19;4.59;8.90;9.20;7.00;9.40;12.90;3.00;2.93;0.053;0.155;1.20;227;0.137;3.095;0.41;3.22;9.90;7.00;8.60;0.44;0.50;279.50;266.10;17.80;27.70;;;;;;;;;;;;;;;;;;;;;;;;;;;;;;;;;;;;;;;;;;
2009-11-18 22:00:00;3.14;3.83;4.95;3.30;2.23;4.42;9.20;9.20;7.20;9.60;13.10;2.53;2.85;0.052;0.227;2.10;222;-0.040;2.906;0.39;3.25;10.30;6.90;8.70;0.45;0.46;286.20;267.40;18.80;26.90;;;;;;;;;;;;;;;;;;;;;;;;;;;;;;;;;;;;;;;;;;
2009-11-18 22:30:00;3.34;3.98;5.06;3.50;2.36;4.30;9.20;9.30;7.30;9.80;12.70;3.07;2.86;0.051;0.149;1.90;217;0.014;2.872;0.37;3.50;10.30;7.10;8.90;0.45;0.51;281.30;264.90;16.00;24.60;;;;;;;;;;;;;;;;;;;;;;;;;;;;;;;;;;;;;;;;;;
2009-11-18 23:00:00;3.02;3.94;5.24;3.24;2.16;4.31;8.80;9.20;6.70;9.10;12.70;3.07;2.62;0.060;0.204;1.60;237;0.073;3.154;0.31;3.25;10.30;6.70;8.50;0.46;0.46;282.50;261.10;18.80;27.10;;;;;;;;;;;;;;;;;;;;;;;;;;;;;;;;;;;;;;;;;;
2009-11-18 23:30:00;2.91;3.64;4.81;3.13;2.07;4.13;8.70;9.00;6.80;8.80;12.60;3.04;2.63;0.063;0.406;1.10;232;0.013;3.004;0.31;3.07;10.60;6.80;8.70;0.47;0.43;286.60;263.10;21.70;29.40;;;;;;;;;;;;;;;;;;;;;;;;;;;;;;;;;;;;;;;;;;
2009-11-19 00:00:00;3.04;3.83;5.13;3.18;2.17;4.45;9.40;8.80;7.30;8.30;14.30;2.53;2.96;0.052;0.173;1.60;219;0.042;3.117;0.36;3.15;10.60;6.80;8.80;0.48;0.47;289.10;266.60;18.00;27.30;;;;;;;;;;;;;;;;;;;;;;;;;;;;;;;;;;;;;;;;;;
2009-11-19 00:30:00;3.13;3.82;4.62;3.39;2.23;4.35;9.00;8.90;7.00;8.90;12.60;3.08;2.52;0.056;0.191;1.00;228;0.130;2.897;0.28;3.29;10.20;6.70;8.50;0.46;0.40;282.80;257.70;23.60;29.40;;;;;;;;;;;;;;;;;;;;;;;;;;;;;;;;;;;;;;;;;;
2009-11-19 01:00:00;3.24;4.06;5.48;3.52;2.36;4.52;9.10;9.30;7.10;9.30;13.60;3.43;2.55;0.063;0.282;1.60;226;0.049;2.963;0.34;3.52;10.50;6.90;8.70;0.46;0.46;282.30;260.60;21.10;29.10;;;;;;;;;;;;;;;;;;;;;;;;;;;;;;;;;;;;;;;;;;
2009-11-19 01:30:00;3.17;3.97;4.93;3.35;2.21;4.33;9.20;9.50;6.90;10.60;14.00;3.35;2.59;0.055;0.139;1.00;229;0.025;3.016;0.28;3.31;11.00;6.70;8.70;0.49;0.42;288.30;260.60;20.50;28.40;;;;;;;;;;;;;;;;;;;;;;;;;;;;;;;;;;;;;;;;;;
2009-11-19 02:00:00;3.00;3.65;4.53;3.27;2.14;3.88;9.10;9.30;6.80;9.00;13.50;2.56;2.27;0.064;0.305;0.90;234;0.121;2.834;0.30;3.26;10.70;6.80;8.70;0.47;0.43;286.90;259.70;19.30;27.20;;;;;;;;;;;;;;;;;;;;;;;;;;;;;;;;;;;;;;;;;;
2009-11-19 02:30:00;2.99;3.72;4.63;3.26;2.11;4.01;9.00;9.60;6.70;10.20;12.60;2.45;2.42;0.071;0.364;0.90;236;0.113;2.775;0.28;3.15;10.60;6.70;8.60;0.48;0.42;284.00;258.80;20.50;28.30;;;;;;;;;;;;;;;;;;;;;;;;;;;;;;;;;;;;;;;;;;
2009-11-19 03:00:00;3.24;4.21;5.99;3.46;2.28;4.84;9.40;9.30;7.10;9.90;12.50;3.14;2.96;0.058;0.325;1.00;224;0.110;3.402;0.36;3.43;10.30;7.00;8.90;0.47;0.45;283.10;260.60;20.40;26.90;;;;;;;;;;;;;;;;;;;;;;;;;;;;;;;;;;;;;;;;;;
2009-11-19 03:30:00;3.03;3.83;5.17;3.21;2.14;4.25;9.30;9.60;7.00;9.90;13.90;3.12;2.61;0.052;0.126;3.40;229;0.082;3.152;0.42;3.19;10.90;6.80;8.80;0.49;0.42;284.80;259.30;17.70;28.40;;;;;;;;;;;;;;;;;;;;;;;;;;;;;;;;;;;;;;;;;;
2009-11-19 04:00:00;3.03;3.87;5.23;3.27;2.14;4.11;8.70;9.80;6.60;10.60;13.60;3.15;2.63;0.060;0.207;1.20;240;0.078;3.081;0.40;3.28;10.70;6.80;8.80;0.47;0.41;282.50;258.70;21.90;28.80;;;;;;;;;;;;;;;;;;;;;;;;;;;;;;;;;;;;;;;;;;
2009-11-19 04:30:00;2.98;3.92;5.29;3.22;2.13;4.41;8.70;9.40;6.90;10.40;13.60;2.90;3.35;0.057;0.167;1.00;232;0.009;3.306;0.28;3.19;10.30;6.80;8.60;0.46;0.42;278.40;257.70;23.00;29.80;;;;;;;;;;;;;;;;;;;;;;;;;;;;;;;;;;;;;;;;;;
2009-11-19 05:00:00;3.10;3.82;4.87;3.33;2.24;4.31;9.20;9.30;7.10;9.80;15.80;2.85;2.71;0.049;0.147;1.40;224;0.049;2.820;0.35;3.38;10.60;6.90;8.80;0.46;0.36;281.00;259.10;22.80;29.90;;;;;;;;;;;;;;;;;;;;;;;;;;;;;;;;;;;;;;;;;;
2009-11-19 05:30:00;3.47;4.21;5.87;3.67;2.46;4.78;9.30;9.90;7.30;10.10;12.80;3.34;3.03;0.052;0.136;2.80;217;0.075;2.932;0.28;3.74;10.60;7.10;8.90;0.46;0.45;280.00;260.60;19.70;27.50;;;;;;;;;;;;;;;;;;;;;;;;;;;;;;;;;;;;;;;;;;
2009-11-19 06:00:00;3.44;4.27;5.90;3.71;2.47;4.66;9.80;9.80;7.50;9.20;13.30;3.66;2.76;0.059;0.354;1.00;210;0.094;2.887;0.32;3.71;11.00;7.30;9.30;0.47;0.47;283.40;264.00;19.40;26.70;;;;;;;;;;;;;;;;;;;;;;;;;;;;;;;;;;;;;;;;;;
2009-11-19 06:30:00;3.24;4.04;5.18;3.43;2.30;4.28;8.70;9.00;7.10;10.50;12.90;3.12;2.35;0.061;0.209;1.90;226;0.162;2.980;0.22;3.41;10.60;6.90;8.70;0.46;0.40;283.50;257.30;21.60;30.60;;;;;;;;;;;;;;;;;;;;;;;;;;;;;;;;;;;;;;;;;;
2009-11-19 07:00:00;3.67;4.45;5.48;3.98;2.71;4.99;9.80;10.10;8.00;9.70;14.70;3.63;3.04;0.049;0.123;1.80;199;0.012;2.845;0.29;3.93;11.10;7.50;9.30;0.45;0.43;284.60;265.70;14.50;25.30;;;;;;;;;;;;;;;;;;;;;;;;;;;;;;;;;;;;;;;;;;
2009-11-19 07:30:00;3.83;4.76;5.66;4.05;2.68;5.45;9.80;10.30;7.60;9.20;13.50;3.59;3.16;0.059;0.242;1.20;210;0.033;3.046;0.41;4.05;11.00;7.50;9.50;0.47;0.48;284.60;266.90;16.20;25.70;;;;;;;;;;;;;;;;;;;;;;;;;;;;;;;;;;;;;;;;;;
2009-11-19 08:00:00;3.72;4.71;6.22;3.97;2.63;5.47;9.90;10.10;7.40;10.10;13.80;4.04;3.09;0.065;0.318;1.00;215;0.119;3.113;0.28;3.98;10.70;7.40;9.40;0.47;0.49;283.50;266.50;17.90;26.80;;;;;;;;;;;;;;;;;;;;;;;;;;;;;;;;;;;;;;;;;;
2009-11-19 08:30:00;3.75;4.44;5.21;3.94;2.62;4.83;9.80;10.30;7.60;10.40;13.70;3.33;2.84;0.056;0.233;1.10;209;0.143;2.835;0.39;3.94;11.00;7.50;9.50;0.47;0.47;283.70;266.70;15.20;25.90;;;;;;;;;;;;;;;;;;;;;;;;;;;;;;;;;;;;;;;;;;
2009-11-19 09:00:00;4.03;4.98;5.99;4.24;2.85;5.45;10.40;10.60;8.10;9.90;14.40;3.10;3.65;0.052;0.220;1.00;196;-0.072;2.860;0.37;4.29;11.40;8.10;10.10;0.46;0.50;286.10;272.20;14.60;23.50;;;;;;;;;;;;;;;;;;;;;;;;;;;;;;;;;;;;;;;;;;
2009-11-19 09:30:00;3.96;4.90;6.92;4.16;2.80;5.52;10.30;10.30;8.10;8.60;13.50;3.30;3.86;0.049;0.105;1.40;197;-0.019;2.962;0.32;4.09;11.40;7.70;9.80;0.48;0.48;280.30;267.10;20.30;27.40;;;;;;;;;;;;;;;;;;;;;;;;;;;;;;;;;;;;;;;;;;
2009-11-19 10:00:00;3.71;4.59;5.44;4.00;2.66;5.09;10.30;10.40;8.00;9.80;13.70;3.12;2.82;0.048;0.195;1.00;199;0.032;2.788;0.26;4.01;11.40;7.80;9.90;0.48;0.48;285.30;268.50;19.40;25.40;;;;;;;;;;;;;;;;;;;;;;;;;;;;;;;;;;;;;;;;;;
2009-11-19 10:30:00;3.64;4.39;5.62;3.87;2.61;4.96;10.50;10.70;8.10;11.90;14.10;2.93;2.97;0.049;0.154;1.60;196;-0.008;2.775;0.29;3.91;11.80;7.80;10.00;0.49;0.50;279.40;264.70;17.90;26.30;;;;;;;;;;;;;;;;;;;;;;;;;;;;;;;;;;;;;;;;;;
2009-11-19 11:00:00;3.74;4.82;7.66;4.01;2.65;5.38;10.50;10.40;7.90;11.70;14.20;4.09;4.09;0.054;0.167;1.50;202;0.135;3.423;0.45;3.90;11.40;7.70;9.90;0.49;0.50;283.50;267.40;19.90;26.60;;;;;;;;;;;;;;;;;;;;;;;;;;;;;;;;;;;;;;;;;;
2009-11-19 11:30:00;3.32;4.11;5.70;3.56;2.33;4.69;10.40;10.80;7.50;10.30;14.60;3.11;2.89;0.064;0.461;1.00;212;0.098;2.952;0.26;3.59;11.80;7.70;10.20;0.52;0.47;279.10;266.00;22.40;28.20;;;;;;;;;;;;;;;;;;;;;;;;;;;;;;;;;;;;;;;;;;
2009-11-19 12:00:00;3.41;4.33;5.95;3.71;2.44;4.88;10.20;10.90;7.80;12.00;14.20;2.81;3.56;0.068;0.408;1.10;205;-0.043;2.992;0.30;3.72;12.10;7.70;10.10;0.51;0.46;283.00;267.30;18.70;27.30;;;;;;;;;;;;;;;;;;;;;;;;;;;;;;;;;;;;;;;;;;
2009-11-19 12:30:00;3.50;4.49;5.26;3.68;2.43;4.92;10.90;11.30;7.80;10.50;15.80;3.24;2.63;0.060;0.290;1.20;205;0.131;3.095;0.42;3.89;12.20;8.00;10.50;0.51;0.53;273.40;262.40;17.60;24.50;;;;;;;;;;;;;;;;;;;;;;;;;;;;;;;;;;;;;;;;;;
2009-11-19 13:00:00;3.66;4.49;5.65;3.85;2.63;5.01;11.00;11.30;8.60;10.30;16.00;3.58;2.47;0.049;0.273;0.90;184;0.136;2.909;0.32;3.92;12.10;8.00;10.40;0.52;0.53;276.40;265.80;18.40;24.50;;;;;;;;;;;;;;;;;;;;;;;;;;;;;;;;;;;;;;;;;;
2009-11-19 13:30:00;3.30;4.24;5.32;3.66;2.32;4.77;9.80;10.80;7.30;8.50;15.80;3.19;2.82;0.060;0.370;1.00;217;0.054;3.077;0.37;3.57;11.40;7.40;9.70;0.50;0.45;278.20;260.60;21.00;27.20;;;;;;;;;;;;;;;;;;;;;;;;;;;;;;;;;;;;;;;;;;
2009-11-19 14:00:00;3.62;4.50;6.57;3.85;2.63;4.87;10.50;10.80;8.40;11.30;14.00;3.16;3.41;0.052;0.313;1.70;190;-0.065;2.832;0.33;3.77;12.10;7.70;10.10;0.51;0.49;273.00;261.20;23.20;28.00;;;;;;;;;;;;;;;;;;;;;;;;;;;;;;;;;;;;;;;;;;
2009-11-19 14:30:00;3.48;4.56;7.87;3.82;2.52;5.06;10.80;11.30;8.20;12.10;15.00;4.02;4.11;0.046;0.107;2.10;196;0.017;3.844;0.49;3.92;12.20;8.20;10.70;0.51;0.53;276.00;262.90;20.50;26.30;;;;;;;;;;;;;;;;;;;;;;;;;;;;;;;;;;;;;;;;;;
2009-11-19 15:00:00;3.34;4.16;6.06;3.56;2.35;4.60;10.70;11.20;8.10;11.90;14.00;3.60;3.01;0.048;0.225;1.20;195;-0.052;3.042;0.49;3.52;12.20;7.80;10.30;0.53;0.47;275.90;262.30;22.10;28.00;;;;;;;;;;;;;;;;;;;;;;;;;;;;;;;;;;;;;;;;;;
2009-11-19 15:30:00;3.33;4.27;6.08;3.52;2.34;4.64;10.40;10.30;8.10;11.80;15.70;3.01;3.36;0.065;0.975;0.90;197;0.020;3.222;0.31;3.51;12.20;7.80;10.30;0.52;0.49;271.90;260.30;21.80;27.30;;;;;;;;;;;;;;;;;;;;;;;;;;;;;;;;;;;;;;;;;;
2009-11-19 16:00:00;3.27;4.12;4.93;3.56;2.32;4.44;10.80;11.20;7.90;11.60;15.90;2.60;2.89;0.054;0.321;1.00;200;-0.012;2.782;0.38;3.51;12.70;7.80;10.40;0.53;0.46;279.10;262.80;21.50;27.50;;;;;;;;;;;;;;;;;;;;;;;;;;;;;;;;;;;;;;;;;;
2009-11-19 16:30:00;3.26;4.09;5.32;3.52;2.29;4.58;10.80;11.80;7.80;13.00;15.50;3.11;3.14;0.049;0.136;1.30;203;0.013;2.994;0.30;3.49;12.70;7.80;10.40;0.52;0.46;274.50;261.50;22.30;28.00;;;;;;;;;;;;;;;;;;;;;;;;;;;;;;;;;;;;;;;;;;
2009-11-19 17:00:00;3.68;4.90;7.21;3.92;2.56;5.91;10.90;11.80;8.10;12.20;18.10;3.30;4.22;0.049;0.234;2.60;197;0.014;3.494;0.50;3.92;13.00;8.40;10.90;0.52;0.52;275.80;264.50;20.90;25.70;;;;;;;;;;;;;;;;;;;;;;;;;;;;;;;;;;;;;;;;;;
2009-11-19 17:30:00;3.80;4.64;5.28;4.03;2.66;5.11;11.00;11.50;8.50;11.80;16.30;3.34;2.78;0.045;0.178;1.20;186;0.046;2.725;0.37;4.04;12.70;8.40;10.90;0.51;0.56;274.40;265.40;19.60;25.60;;;;;;;;;;;;;;;;;;;;;;;;;;;;;;;;;;;;;;;;;;
2009-11-19 18:00:00;3.71;4.80;5.68;3.95;2.60;5.41;10.90;11.60;8.20;10.30;14.30;3.04;3.06;0.054;0.201;1.40;195;0.039;3.044;0.40;3.96;12.20;8.30;10.70;0.51;0.52;270.90;262.80;20.20;26.30;;;;;;;;;;;;;;;;;;;;;;;;;;;;;;;;;;;;;;;;;;
2009-11-19 18:30:00;3.76;4.69;5.63;4.00;2.63;5.25;10.90;11.60;8.30;12.60;15.80;3.16;3.54;0.054;0.235;1.20;193;0.020;2.941;0.37;4.17;12.70;8.50;10.90;0.51;0.49;276.10;265.40;19.10;25.20;;;;;;;;;;;;;;;;;;;;;;;;;;;;;;;;;;;;;;;;;;
2009-11-19 19:00:00;3.98;4.78;5.45;4.24;2.88;5.24;11.00;11.20;8.90;11.20;16.20;3.36;3.15;0.053;0.314;0.90;180;0.071;2.822;0.39;4.14;12.20;8.20;10.60;0.50;0.48;273.80;264.10;21.70;26.40;;;;;;;;;;;;;;;;;;;;;;;;;;;;;;;;;;;;;;;;;;
2009-11-19 19:30:00;3.84;4.63;5.96;4.03;2.70;5.41;11.20;11.50;8.20;12.40;18.40;3.26;2.92;0.059;0.329;1.00;195;0.107;2.901;0.39;4.06;12.20;8.10;10.50;0.51;0.45;272.20;264.10;20.00;26.60;;;;;;;;;;;;;;;;;;;;;;;;;;;;;;;;;;;;;;;;;;
2009-11-19 20:00:00;3.99;5.11;6.70;4.29;2.78;5.61;11.00;11.30;7.90;11.10;17.70;4.65;3.17;0.056;0.171;2.00;200;0.180;3.414;0.39;4.29;12.50;8.20;11.00;0.53;0.45;275.30;265.70;20.80;26.40;;;;;;;;;;;;;;;;;;;;;;;;;;;;;;;;;;;;;;;;;;
2009-11-19 20:30:00;3.89;4.56;5.47;4.25;2.82;5.11;10.90;11.50;8.20;11.40;15.80;2.82;2.93;0.061;0.592;1.00;195;0.055;2.572;0.32;4.18;13.00;7.90;10.90;0.55;0.43;274.50;264.70;19.70;27.20;;;;;;;;;;;;;;;;;;;;;;;;;;;;;;;;;;;;;;;;;;
2009-11-19 21:00:00;4.05;4.98;7.22;4.32;2.84;5.50;11.50;11.40;8.30;10.60;18.10;4.15;3.65;0.052;0.180;1.30;189;0.080;2.983;0.19;4.29;12.50;8.10;11.10;0.54;0.45;276.30;264.80;19.00;26.90;;;;;;;;;;;;;;;;;;;;;;;;;;;;;;;;;;;;;;;;;;
2009-11-19 21:30:00;4.35;5.44;7.32;4.64;3.12;6.04;12.40;12.50;9.20;12.20;17.40;3.70;4.19;0.050;0.361;1.50;173;0.099;3.004;0.16;4.47;14.00;8.40;11.50;0.54;0.38;276.50;266.90;20.10;25.90;;;;;;;;;;;;;;;;;;;;;;;;;;;;;;;;;;;;;;;;;;
2009-11-19 22:00:00;4.49;5.55;6.98;4.72;3.10;6.05;11.40;11.90;8.60;13.00;16.40;3.93;3.87;0.048;0.119;2.80;185;-0.021;3.067;0.40;4.67;13.50;8.60;11.40;0.52;0.40;282.70;270.80;20.20;25.60;;;;;;;;;;;;;;;;;;;;;;;;;;;;;;;;;;;;;;;;;;
2009-11-19 22:30:00;4.42;5.47;7.20;4.61;3.07;5.85;12.10;12.30;8.90;11.00;18.70;3.78;4.01;0.056;0.260;1.40;178;0.090;3.041;0.26;4.63;14.10;8.60;11.60;0.53;0.38;280.70;268.80;22.00;26.60;;;;;;;;;;;;;;;;;;;;;;;;;;;;;;;;;;;;;;;;;;
2009-11-19 23:00:00;4.82;6.00;7.86;5.10;3.46;7.50;12.80;12.90;9.90;12.30;17.50;4.45;3.99;0.045;0.184;1.70;161;0.074;2.952;0.37;4.92;13.50;9.10;12.10;0.54;0.46;280.30;270.80;17.00;23.80;;;;;;;;;;;;;;;;;;;;;;;;;;;;;;;;;;;;;;;;;;
2009-11-19 23:30:00;4.77;5.99;6.92;5.03;3.40;6.84;12.60;11.80;9.60;11.40;17.50;3.86;3.58;0.049;0.285;1.00;166;0.103;2.809;0.30;5.01;13.00;9.00;11.80;0.52;0.47;279.60;269.50;19.60;24.00;;;;;;;;;;;;;;;;;;;;;;;;;;;;;;;;;;;;;;;;;;
2009-11-20 00:00:00;4.60;5.89;8.22;4.86;3.23;6.61;12.40;12.80;9.40;11.10;22.80;5.09;3.95;0.056;0.307;1.10;169;0.160;3.263;0.32;4.83;13.90;8.80;12.10;0.56;0.43;280.50;267.70;20.60;26.70;;;;;;;;;;;;;;;;;;;;;;;;;;;;;;;;;;;;;;;;;;
2009-11-20 00:30:00;5.00;6.17;8.58;5.29;3.56;6.56;12.40;12.80;9.40;14.50;17.00;4.86;3.72;0.048;0.124;2.10;170;0.098;2.824;0.31;5.14;13.30;8.90;12.00;0.54;0.43;276.20;267.20;22.70;25.30;;;;;;;;;;;;;;;;;;;;;;;;;;;;;;;;;;;;;;;;;;
2009-11-20 01:00:00;4.73;5.81;6.96;5.02;3.40;6.37;11.90;12.20;9.60;12.20;17.80;3.67;3.82;0.054;0.363;1.30;166;0.063;2.772;0.22;5.02;13.10;8.80;11.50;0.52;0.45;281.00;267.20;19.50;25.30;;;;;;;;;;;;;;;;;;;;;;;;;;;;;;;;;;;;;;;;;;
2009-11-20 01:30:00;4.90;6.15;7.72;5.15;3.44;7.12;12.20;12.50;9.30;11.30;17.20;4.86;3.50;0.050;0.130;2.70;170;0.173;3.056;0.25;5.06;13.50;8.90;12.10;0.54;0.45;275.40;265.20;19.10;24.40;;;;;;;;;;;;;;;;;;;;;;;;;;;;;;;;;;;;;;;;;;
2009-11-20 02:00:00;4.88;5.90;6.94;5.15;3.41;6.16;12.30;11.80;8.80;10.30;18.00;4.01;3.67;0.063;0.234;1.10;180;0.117;2.764;0.29;5.06;13.40;8.70;11.60;0.52;0.42;274.80;264.60;21.50;26.80;;;;;;;;;;;;;;;;;;;;;;;;;;;;;;;;;;;;;;;;;;
2009-11-20 02:30:00;4.96;5.89;7.21;5.26;3.57;7.16;12.40;12.80;9.20;11.70;17.80;4.47;3.58;0.053;0.264;1.20;172;0.160;2.735;0.22;5.19;13.00;8.60;11.60;0.53;0.43;278.40;262.80;24.00;27.40;;;;;;;;;;;;;;;;;;;;;;;;;;;;;;;;;;;;;;;;;;
2009-11-20 03:00:00;5.35;6.80;8.91;5.74;3.76;7.28;12.20;12.90;9.00;11.30;17.00;5.09;5.22;0.059;0.315;1.20;176;0.094;3.138;0.41;5.80;14.10;8.90;11.90;0.52;0.45;275.80;263.40;19.80;25.10;;;;;;;;;;;;;;;;;;;;;;;;;;;;;;;;;;;;;;;;;;
2009-11-20 03:30:00;5.01;5.97;6.99;5.40;3.56;6.33;11.70;12.20;8.70;12.10;16.50;4.68;3.69;0.059;0.191;2.10;182;0.128;2.680;0.24;5.28;13.00;8.30;11.10;0.52;0.39;275.40;260.70;21.50;27.00;;;;;;;;;;;;;;;;;;;;;;;;;;;;;;;;;;;;;;;;;;
2009-11-20 04:00:00;5.04;6.22;8.35;5.38;3.55;6.94;11.20;11.80;8.50;11.10;18.80;4.84;4.16;0.057;0.125;2.50;187;0.032;3.004;0.24;5.49;14.10;8.60;11.40;0.51;0.35;274.60;261.90;23.60;26.60;;;;;;;;;;;;;;;;;;;;;;;;;;;;;;;;;;;;;;;;;;
2009-11-20 04:30:00;5.15;6.47;8.93;5.58;3.68;7.80;11.90;12.30;9.00;11.80;16.70;5.54;5.31;0.061;0.222;2.50;177;0.127;3.218;0.27;5.58;13.50;8.70;11.50;0.51;0.43;273.10;261.00;22.60;26.70;;;;;;;;;;;;;;;;;;;;;;;;;;;;;;;;;;;;;;;;;;
2009-11-20 05:00:00;5.41;6.74;9.23;5.65;3.77;7.11;11.40;12.10;8.90;13.50;17.10;5.50;4.54;0.061;0.361;0.90;178;0.158;3.246;0.22;5.63;13.40;8.50;11.20;0.50;0.46;272.70;258.10;22.90;26.00;;;;;;;;;;;;;;;;;;;;;;;;;;;;;;;;;;;;;;;;;;
2009-11-20 05:30:00;4.98;6.28;8.67;5.46;3.53;7.54;11.80;12.40;8.70;11.90;16.40;4.68;5.40;0.057;0.207;1.80;182;0.021;3.155;0.31;5.35;13.60;8.60;11.40;0.52;0.45;268.50;259.70;22.40;29.10;;;;;;;;;;;;;;;;;;;;;;;;;;;;;;;;;;;;;;;;;;
2009-11-20 06:00:00;5.39;6.85;11.15;5.79;3.83;7.33;11.20;11.30;8.60;10.50;16.00;5.53;5.62;0.064;0.366;0.90;185;0.074;3.085;0.23;5.75;12.10;8.70;11.00;0.47;0.37;269.80;258.20;26.70;29.30;;;;;;;;;;;;;;;;;;;;;;;;;;;;;;;;;;;;;;;;;;
2009-11-20 06:30:00;5.09;6.31;8.54;5.43;3.59;6.94;11.20;11.80;8.70;12.50;17.90;4.58;4.82;0.057;0.290;1.10;183;0.066;2.968;0.29;5.34;12.90;8.60;11.20;0.49;0.42;271.90;257.90;27.90;30.70;;;;;;;;;;;;;;;;;;;;;;;;;;;;;;;;;;;;;;;;;;
2009-11-20 07:00:00;5.39;6.31;7.24;5.69;3.93;6.97;11.60;11.70;9.40;9.80;16.10;4.44;4.29;0.066;0.339;1.30;170;0.144;2.721;0.23;5.64;13.50;8.50;11.10;0.49;0.36;270.70;256.90;25.10;30.30;;;;;;;;;;;;;;;;;;;;;;;;;;;;;;;;;;;;;;;;;;
2009-11-20 07:30:00;4.88;5.94;7.56;5.23;3.55;6.53;11.10;11.00;8.80;11.60;16.60;5.39;3.86;0.055;0.118;3.80;181;0.093;2.953;0.23;5.35;11.70;8.30;10.50;0.46;0.40;262.40;253.20;25.00;31.00;;;;;;;;;;;;;;;;;;;;;;;;;;;;;;;;;;;;;;;;;;
2009-11-20 08:00:00;4.91;6.09;8.53;5.27;3.54;6.55;10.90;11.00;8.70;12.50;17.50;4.79;3.74;0.061;0.205;3.30;183;0.148;2.947;0.16;5.26;12.90;8.30;10.70;0.48;0.35;264.90;253.00;26.20;30.60;;;;;;;;;;;;;;;;;;;;;;;;;;;;;;;;;;;;;;;;;;
2009-11-20 08:30:00;4.78;5.79;6.87;5.17;3.44;6.20;11.60;11.90;8.90;13.10;18.00;3.77;3.72;0.058;0.186;1.60;178;0.062;2.714;0.34;5.20;13.50;8.60;11.10;0.49;0.36;267.50;252.60;21.00;28.20;;;;;;;;;;;;;;;;;;;;;;;;;;;;;;;;;;;;;;;;;;
2009-11-20 09:00:00;4.55;5.75;7.22;4.88;3.23;6.54;10.70;11.70;8.20;9.60;17.80;4.74;4.09;0.064;0.494;0.90;194;0.160;3.141;0.20;4.79;13.50;8.20;10.60;0.48;0.36;260.60;248.40;23.80;30.80;;;;;;;;;;;;;;;;;;;;;;;;;;;;;;;;;;;;;;;;;;
2009-11-20 09:30:00;4.51;5.87;8.87;4.88;3.17;6.25;11.50;11.90;8.50;13.40;17.70;4.64;4.23;0.056;0.357;1.10;186;0.135;3.206;0.29;4.82;14.10;8.60;11.30;0.50;0.36;269.30;253.20;19.50;28.20;;;;;;;;;;;;;;;;;;;;;;;;;;;;;;;;;;;;;;;;;;
2009-11-20 10:00:00;4.44;5.38;7.03;4.65;3.21;6.16;11.20;11.90;9.20;9.20;18.70;3.71;3.36;0.053;0.545;1.00;173;0.042;2.840;0.43;4.67;12.20;8.60;10.90;0.48;0.45;263.40;253.30;20.50;28.10;;;;;;;;;;;;;;;;;;;;;;;;;;;;;;;;;;;;;;;;;;
2009-11-20 10:30:00;4.51;5.45;6.93;4.84;3.24;5.84;10.80;11.00;8.90;11.10;17.10;3.28;3.65;0.046;0.178;1.50;178;-0.042;2.743;0.22;4.77;12.10;8.80;10.80;0.44;0.39;261.80;251.70;23.70;27.20;;;;;;;;;;;;;;;;;;;;;;;;;;;;;;;;;;;;;;;;;;
2009-11-20 11:00:00;4.22;5.25;7.13;4.49;3.02;6.43;11.00;10.50;8.60;10.40;20.00;3.71;3.68;0.050;0.097;2.80;186;-0.086;2.955;0.09;4.46;12.10;8.30;10.50;0.46;0.36;257.90;252.50;24.10;28.40;;;;;;;;;;;;;;;;;;;;;;;;;;;;;;;;;;;;;;;;;;
2009-11-20 11:30:00;3.81;4.79;6.35;4.09;2.67;5.33;11.20;11.70;8.30;10.70;16.30;3.30;3.57;0.050;0.222;1.80;193;0.023;3.133;0.31;4.10;12.90;8.40;10.90;0.48;0.38;270.10;255.50;25.40;29.70;;;;;;;;;;;;;;;;;;;;;;;;;;;;;;;;;;;;;;;;;;
2009-11-20 12:00:00;4.27;5.47;6.59;4.52;3.03;5.95;11.10;11.30;9.20;12.10;16.30;3.57;3.30;0.040;0.084;5.10;173;0.031;2.903;0.27;4.63;13.10;9.10;11.40;0.46;0.46;271.30;259.00;23.40;27.60;;;;;;;;;;;;;;;;;;;;;;;;;;;;;;;;;;;;;;;;;;
2009-11-20 12:30:00;4.24;5.41;7.09;4.49;2.96;6.05;10.90;11.70;8.60;11.30;17.10;4.38;3.48;0.042;0.116;1.80;184;0.084;3.177;0.40;4.35;12.70;8.60;10.70;0.45;0.41;263.40;252.10;24.40;28.50;;;;;;;;;;;;;;;;;;;;;;;;;;;;;;;;;;;;;;;;;;
2009-11-20 13:00:00;4.37;5.67;7.43;4.62;3.14;6.99;11.50;11.60;9.20;12.10;16.90;4.18;4.56;0.041;0.114;1.20;173;0.026;3.123;0.38;4.52;13.10;8.90;11.30;0.48;0.47;266.90;256.10;23.80;28.20;;;;;;;;;;;;;;;;;;;;;;;;;;;;;;;;;;;;;;;;;;
2009-11-20 14:00:00;4.06;5.33;6.97;4.28;2.84;5.83;11.70;11.50;8.90;11.90;16.20;3.21;3.92;0.042;0.169;1.10;179;-0.035;3.126;0.46;4.29;12.70;8.80;11.30;0.49;0.50;261.90;253.80;20.20;26.60;;;;;;;;;;;;;;;;;;;;;;;;;;;;;;;;;;;;;;;;;;
2009-11-20 14:30:00;4.40;5.47;7.47;4.66;2.99;6.21;11.60;11.90;8.70;9.80;16.50;3.59;3.88;0.057;0.678;0.90;183;0.039;3.135;0.39;4.47;12.80;9.00;11.30;0.48;0.49;264.80;255.80;21.50;26.10;;;;;;;;;;;;;;;;;;;;;;;;;;;;;;;;;;;;;;;;;;
2009-11-20 15:00:00;3.98;4.77;6.07;4.16;2.81;5.58;11.60;11.70;9.30;9.50;16.30;3.88;3.36;0.035;0.111;2.00;171;0.027;2.783;0.39;4.13;12.30;8.90;11.20;0.48;0.53;263.90;254.00;22.70;27.90;;;;;;;;;;;;;;;;;;;;;;;;;;;;;;;;;;;;;;;;;;
2009-11-20 15:30:00;4.47;5.48;7.20;4.66;3.11;6.15;11.90;11.50;9.10;10.00;15.70;4.03;3.71;0.042;0.173;1.50;176;0.095;2.902;0.52;4.47;12.30;9.00;11.10;0.46;0.55;264.40;255.00;18.70;24.30;;;;;;;;;;;;;;;;;;;;;;;;;;;;;;;;;;;;;;;;;;
2009-11-20 16:00:00;4.48;5.53;7.70;4.69;3.17;6.30;12.20;12.00;9.60;11.20;16.00;4.34;3.36;0.038;0.085;2.00;165;0.061;2.881;0.51;4.78;12.70;9.40;11.60;0.46;0.56;267.10;258.30;18.40;23.70;;;;;;;;;;;;;;;;;;;;;;;;;;;;;;;;;;;;;;;;;;
2009-11-20 16:30:00;3.81;4.57;5.28;4.02;2.71;4.91;11.20;10.90;8.80;10.20;16.20;3.00;2.89;0.042;0.121;1.40;180;-0.026;2.695;0.30;3.99;13.10;8.50;10.90;0.48;0.45;269.20;254.70;26.40;29.50;;;;;;;;;;;;;;;;;;;;;;;;;;;;;;;;;;;;;;;;;;
2009-11-20 17:00:00;4.02;4.98;5.82;4.15;2.82;5.28;11.30;11.20;8.90;12.60;15.80;3.10;3.49;0.036;0.080;4.00;180;-0.006;2.994;0.51;4.24;12.20;8.80;10.70;0.44;0.49;265.40;254.30;21.90;26.80;;;;;;;;;;;;;;;;;;;;;;;;;;;;;;;;;;;;;;;;;;
2009-11-20 17:30:00;3.87;4.97;6.64;4.13;2.75;6.23;11.30;12.00;8.90;13.10;15.30;3.80;3.64;0.046;0.354;0.90;180;0.012;3.126;0.47;4.27;12.70;9.00;11.20;0.46;0.52;271.70;259.90;21.30;26.70;;;;;;;;;;;;;;;;;;;;;;;;;;;;;;;;;;;;;;;;;;
2009-11-20 18:00:00;4.20;5.10;6.12;4.46;2.99;5.67;11.40;11.40;9.40;10.60;16.20;3.24;3.48;0.033;0.063;6.10;169;0.093;2.778;0.50;4.48;12.20;9.20;11.10;0.42;0.53;266.20;259.70;22.90;26.90;;;;;;;;;;;;;;;;;;;;;;;;;;;;;;;;;;;;;;;;;;
2009-11-20 18:30:00;3.91;4.89;6.76;4.17;2.78;5.36;11.20;11.00;8.90;10.90;15.20;3.87;4.12;0.038;0.152;1.30;177;0.079;3.019;0.27;4.23;12.20;9.10;11.10;0.44;0.51;268.80;259.80;21.70;26.80;;;;;;;;;;;;;;;;;;;;;;;;;;;;;;;;;;;;;;;;;;
2009-11-20 19:00:00;3.92;5.02;6.97;4.08;2.73;5.58;11.10;11.10;8.80;10.80;15.90;3.83;3.61;0.034;0.085;2.10;180;0.046;3.188;0.43;4.17;12.20;8.90;10.90;0.43;0.51;267.30;259.10;20.30;26.80;;;;;;;;;;;;;;;;;;;;;;;;;;;;;;;;;;;;;;;;;;
2009-11-20 19:30:00;4.07;5.40;8.13;4.26;2.88;6.21;11.50;11.60;9.50;10.90;16.40;4.22;4.53;0.036;0.111;1.00;168;0.148;3.715;0.59;4.38;11.70;9.30;11.00;0.40;0.57;265.80;260.90;22.20;26.30;;;;;;;;;;;;;;;;;;;;;;;;;;;;;;;;;;;;;;;;;;
2009-11-20 20:00:00;3.42;4.25;5.84;3.63;2.41;4.67;11.00;11.10;8.60;11.90;16.10;2.71;3.99;0.036;0.135;1.10;185;-0.036;3.092;0.39;3.57;12.20;8.50;10.40;0.45;0.47;265.60;257.30;24.70;30.20;;;;;;;;;;;;;;;;;;;;;;;;;;;;;;;;;;;;;;;;;;
2009-11-20 20:30:00;3.35;4.00;4.63;3.60;2.46;4.30;11.20;11.10;9.00;10.40;14.60;2.97;2.76;0.035;0.124;1.60;177;0.106;2.666;0.21;3.62;12.20;8.50;10.70;0.47;0.48;272.00;263.30;21.20;28.40;;;;;;;;;;;;;;;;;;;;;;;;;;;;;;;;;;;;;;;;;;
2009-11-20 21:00:00;3.47;4.52;6.45;3.75;2.45;4.70;10.80;11.10;8.10;9.30;15.10;3.04;3.46;0.048;0.265;1.10;195;0.033;3.122;0.31;3.74;12.20;8.30;10.50;0.48;0.46;272.50;259.80;25.70;30.30;;;;;;;;;;;;;;;;;;;;;;;;;;;;;;;;;;;;;;;;;;
2009-11-20 21:30:00;3.70;4.45;5.86;3.95;2.61;4.57;11.20;11.40;8.50;8.60;15.60;3.47;2.88;0.059;0.430;0.90;187;0.078;2.771;0.43;3.95;12.20;8.20;10.60;0.50;0.51;264.00;255.30;20.40;27.50;;;;;;;;;;;;;;;;;;;;;;;;;;;;;;;;;;;;;;;;;;
2009-11-20 22:00:00;3.10;3.93;4.65;3.32;2.18;4.36;10.00;10.50;7.70;11.30;14.40;3.11;2.71;0.043;0.117;2.00;207;0.189;3.140;0.24;3.21;11.80;7.40;9.80;0.51;0.44;265.80;254.00;26.20;31.90;;;;;;;;;;;;;;;;;;;;;;;;;;;;;;;;;;;;;;;;;;
2009-11-20 22:30:00;3.35;4.14;5.66;3.60;2.39;4.63;10.60;10.90;8.10;8.70;14.40;2.96;3.18;0.051;0.208;1.60;195;0.117;2.803;0.35;3.51;11.70;7.70;10.20;0.52;0.49;265.10;251.20;26.10;30.50;;;;;;;;;;;;;;;;;;;;;;;;;;;;;;;;;;;;;;;;;;
2009-11-20 23:00:00;3.50;4.22;5.02;3.73;2.51;4.76;10.70;11.20;8.50;11.20;14.90;2.66;2.80;0.047;0.203;1.20;186;-0.048;2.730;0.33;3.73;12.20;8.10;10.40;0.49;0.51;267.10;256.70;24.30;29.10;;;;;;;;;;;;;;;;;;;;;;;;;;;;;;;;;;;;;;;;;;
2009-11-20 23:30:00;3.10;4.00;6.84;3.30;2.17;4.21;10.10;10.60;7.20;11.00;15.80;3.57;3.27;0.051;0.158;2.00;220;0.140;3.367;0.30;3.28;12.20;7.20;9.70;0.52;0.44;264.70;249.80;24.00;32.30;;;;;;;;;;;;;;;;;;;;;;;;;;;;;;;;;;;;;;;;;;
2009-11-21 00:00:00;3.15;4.06;5.22;3.39;2.22;4.93;10.90;11.30;7.70;11.70;16.70;3.21;2.92;0.058;0.257;1.00;207;0.081;3.231;0.37;3.47;12.70;7.80;10.40;0.53;0.50;274.10;256.10;22.50;29.50;;;;;;;;;;;;;;;;;;;;;;;;;;;;;;;;;;;;;;;;;;
2009-11-21 00:30:00;3.25;3.95;4.56;3.49;2.30;4.31;11.00;11.10;7.90;12.20;17.00;2.81;2.83;0.061;0.280;1.10;201;0.039;2.755;0.35;3.51;12.70;7.90;10.60;0.54;0.47;267.10;254.80;21.90;30.60;;;;;;;;;;;;;;;;;;;;;;;;;;;;;;;;;;;;;;;;;;
2009-11-21 01:00:00;3.16;3.85;5.09;3.31;2.20;4.48;10.80;11.00;7.70;10.30;15.10;3.08;2.92;0.051;0.255;2.10;208;0.035;3.081;0.31;3.40;12.70;7.50;10.10;0.54;0.46;274.10;254.80;23.50;30.80;;;;;;;;;;;;;;;;;;;;;;;;;;;;;;;;;;;;;;;;;;
2009-11-21 01:30:00;3.18;4.00;5.29;3.45;2.22;4.83;10.60;11.50;7.50;11.70;15.10;3.08;2.87;0.057;0.252;1.90;212;0.115;3.164;0.44;3.46;12.70;7.50;10.30;0.54;0.48;266.40;248.40;23.10;30.00;;;;;;;;;;;;;;;;;;;;;;;;;;;;;;;;;;;;;;;;;;
2009-11-21 02:00:00;3.07;3.86;6.49;3.35;2.17;4.43;10.00;10.60;7.30;10.40;14.80;3.53;2.96;0.066;0.356;1.20;219;0.075;3.276;0.30;3.38;12.70;7.50;10.20;0.55;0.47;270.30;252.60;24.20;30.60;;;;;;;;;;;;;;;;;;;;;;;;;;;;;;;;;;;;;;;;;;
2009-11-21 02:30:00;3.09;3.71;4.66;3.32;2.21;3.93;10.60;10.60;7.70;11.10;15.10;2.61;2.33;0.062;0.331;1.30;206;-0.034;2.783;0.33;3.27;12.20;7.30;9.80;0.53;0.43;265.60;245.80;28.80;31.80;;;;;;;;;;;;;;;;;;;;;;;;;;;;;;;;;;;;;;;;;;
2009-11-21 03:00:00;2.83;3.38;4.35;3.14;2.06;3.89;10.10;10.20;7.50;10.10;14.80;2.78;2.23;0.050;0.156;2.00;211;0.109;2.691;0.17;3.12;12.30;7.00;9.70;0.55;0.44;266.00;245.30;25.60;31.60;;;;;;;;;;;;;;;;;;;;;;;;;;;;;;;;;;;;;;;;;;
2009-11-21 03:30:00;3.00;3.86;5.05;3.21;2.14;4.34;9.90;10.20;7.30;10.90;13.70;3.17;2.88;0.055;0.229;1.30;219;0.063;3.038;0.22;3.15;12.20;6.90;9.40;0.53;0.42;260.70;240.70;26.60;32.30;;;;;;;;;;;;;;;;;;;;;;;;;;;;;;;;;;;;;;;;;;
2009-11-21 04:00:00;3.00;3.84;5.14;3.24;2.13;4.37;10.20;10.90;7.30;9.40;15.60;2.57;2.93;0.058;0.191;1.80;217;0.036;3.080;0.29;3.16;12.30;6.80;9.60;0.56;0.43;267.20;246.60;26.70;32.50;;;;;;;;;;;;;;;;;;;;;;;;;;;;;;;;;;;;;;;;;;
2009-11-21 04:30:00;2.97;3.57;5.11;3.19;2.16;3.90;10.10;10.20;7.70;12.20;15.70;2.63;2.59;0.055;0.236;0.90;206;0.098;2.807;0.20;3.19;12.10;7.10;9.60;0.53;0.44;259.10;242.10;22.70;29.20;;;;;;;;;;;;;;;;;;;;;;;;;;;;;;;;;;;;;;;;;;
2009-11-21 05:00:00;2.89;3.66;4.80;3.11;2.06;4.10;9.80;10.10;7.10;10.50;14.20;2.70;2.47;0.070;0.507;0.90;225;0.022;2.951;0.28;3.08;11.40;6.90;9.30;0.54;0.48;267.00;247.10;24.50;31.20;;;;;;;;;;;;;;;;;;;;;;;;;;;;;;;;;;;;;;;;;;
2009-11-21 05:30:00;2.76;3.30;4.17;2.90;1.93;3.52;9.60;11.00;6.80;10.90;15.50;2.28;2.31;0.059;0.171;1.40;234;0.113;2.834;0.29;2.91;12.20;6.70;9.40;0.55;0.42;264.40;241.00;26.00;32.40;;;;;;;;;;;;;;;;;;;;;;;;;;;;;;;;;;;;;;;;;;
2009-11-21 06:00:00;2.55;3.12;3.74;2.76;1.83;3.45;9.10;9.40;7.10;9.90;14.60;2.21;2.03;0.051;0.236;1.60;225;-0.009;2.774;0.17;2.67;11.70;6.60;8.90;0.52;0.38;260.50;239.10;29.80;34.50;;;;;;;;;;;;;;;;;;;;;;;;;;;;;;;;;;;;;;;;;;
2009-11-21 06:30:00;2.65;3.29;4.27;2.84;1.86;3.66;9.00;9.90;6.70;8.60;13.90;2.23;2.31;0.052;0.163;1.10;238;0.045;2.925;0.16;2.85;11.40;6.70;9.00;0.51;0.39;265.10;241.40;27.40;32.40;;;;;;;;;;;;;;;;;;;;;;;;;;;;;;;;;;;;;;;;;;
2009-11-21 07:00:00;2.73;3.28;3.86;2.90;1.92;3.46;10.00;10.80;7.10;10.60;13.40;2.25;2.25;0.057;0.337;1.10;224;0.086;2.807;0.29;2.95;11.80;6.90;9.50;0.54;0.51;267.60;245.30;25.30;31.80;;;;;;;;;;;;;;;;;;;;;;;;;;;;;;;;;;;;;;;;;;
2009-11-21 07:30:00;2.81;3.47;4.48;3.03;1.99;3.92;9.40;9.80;6.90;11.20;14.50;2.48;2.42;0.059;0.284;1.30;228;-0.001;2.920;0.10;3.02;12.10;6.90;9.20;0.51;0.38;267.60;243.00;23.60;30.40;;;;;;;;;;;;;;;;;;;;;;;;;;;;;;;;;;;;;;;;;;
2009-11-21 08:00:00;2.55;3.13;4.64;2.78;1.83;3.35;8.90;9.20;6.70;11.20;15.50;2.45;2.31;0.060;0.267;1.10;239;0.079;2.904;0.17;2.79;12.10;6.50;8.90;0.52;0.36;263.00;237.70;29.80;34.50;;;;;;;;;;;;;;;;;;;;;;;;;;;;;;;;;;;;;;;;;;
2009-11-21 08:30:00;2.50;3.01;4.13;2.71;1.78;3.27;9.30;9.90;6.50;11.80;13.00;2.46;2.01;0.064;0.815;0.90;246;0.133;2.977;0.19;2.67;10.70;6.20;8.50;0.51;0.37;270.30;238.60;26.00;34.60;;;;;;;;;;;;;;;;;;;;;;;;;;;;;;;;;;;;;;;;;;
2009-11-21 09:00:00;2.79;3.42;4.26;3.02;2.01;3.78;9.20;10.00;7.00;9.10;13.90;2.54;2.43;0.059;0.283;1.40;228;0.165;2.835;0.25;3.10;11.70;6.60;8.80;0.50;0.39;268.80;239.60;26.80;32.00;;;;;;;;;;;;;;;;;;;;;;;;;;;;;;;;;;;;;;;;;;
2009-11-21 09:30:00;2.36;3.00;3.69;2.55;1.68;3.21;8.60;9.30;6.20;11.00;12.90;1.97;2.18;0.058;0.171;1.00;256;0.066;2.984;0.18;2.53;11.40;6.10;8.30;0.51;0.32;270.20;234.60;33.40;36.80;;;;;;;;;;;;;;;;;;;;;;;;;;;;;;;;;;;;;;;;;;
2009-11-21 10:00:00;2.60;3.30;5.47;2.89;1.83;3.74;8.80;10.00;6.30;10.70;12.60;3.27;2.31;0.064;0.406;1.00;251;0.124;3.160;0.25;2.88;11.80;6.30;8.70;0.52;0.33;273.10;239.20;27.40;33.80;;;;;;;;;;;;;;;;;;;;;;;;;;;;;;;;;;;;;;;;;;
2009-11-21 10:30:00;2.59;3.15;5.39;2.85;1.88;3.43;8.20;8.90;6.40;8.90;13.50;2.61;2.78;0.063;0.414;1.00;246;-0.065;2.930;0.12;2.85;10.60;6.20;8.20;0.48;0.26;271.00;232.60;27.30;34.00;;;;;;;;;;;;;;;;;;;;;;;;;;;;;;;;;;;;;;;;;;
2009-11-21 11:00:00;2.63;3.16;3.93;2.84;1.89;3.41;8.70;9.10;6.60;9.20;13.10;2.32;2.04;0.058;0.215;1.00;241;0.075;2.741;0.24;2.89;11.70;6.40;8.40;0.48;0.24;279.50;236.90;28.10;32.20;;;;;;;;;;;;;;;;;;;;;;;;;;;;;;;;;;;;;;;;;;
2009-11-21 11:30:00;2.85;3.55;4.37;3.07;1.97;3.93;8.70;9.10;6.40;9.40;14.20;2.91;2.49;0.075;0.489;1.00;249;0.099;3.169;0.18;3.05;11.00;6.50;8.60;0.48;0.33;271.30;240.00;27.90;31.70;;;;;;;;;;;;;;;;;;;;;;;;;;;;;;;;;;;;;;;;;;
2009-11-21 12:00:00;2.78;3.43;4.86;3.01;1.99;3.71;8.50;8.90;6.50;9.20;12.30;2.60;2.34;0.056;0.149;2.80;247;0.112;2.861;0.19;2.99;10.00;6.30;8.20;0.47;0.27;253.40;232.50;23.60;33.20;;;;;;;;;;;;;;;;;;;;;;;;;;;;;;;;;;;;;;;;;;
2009-11-21 12:30:00;3.00;3.77;4.53;3.23;2.12;4.26;8.30;8.50;6.50;9.20;15.90;3.00;2.67;0.075;0.368;1.00;246;0.047;3.054;0.17;3.23;10.10;6.40;8.30;0.46;0.27;267.90;232.50;28.30;30.90;;;;;;;;;;;;;;;;;;;;;;;;;;;;;;;;;;;;;;;;;;
2009-11-21 13:00:00;2.87;3.45;5.01;3.19;2.12;3.75;8.40;9.10;6.50;8.00;13.30;2.81;2.37;0.070;0.465;1.00;244;0.005;2.727;0.09;3.12;11.30;6.20;8.10;0.45;0.23;262.10;230.60;28.20;31.50;;;;;;;;;;;;;;;;;;;;;;;;;;;;;;;;;;;;;;;;;;
2009-11-21 13:30:00;3.20;3.93;4.83;3.47;2.30;4.14;8.40;8.80;6.80;9.40;14.40;2.66;2.45;0.058;0.234;1.20;234;0.035;2.752;0.18;3.40;10.70;6.50;8.20;0.44;0.27;264.70;234.20;29.20;30.30;;;;;;;;;;;;;;;;;;;;;;;;;;;;;;;;;;;;;;;;;;
2009-11-21 14:00:00;3.18;3.98;5.41;3.44;2.30;4.68;8.70;9.00;6.90;8.60;13.40;2.76;2.83;0.061;0.157;2.20;231;-0.049;2.863;0.22;3.40;11.10;6.60;8.60;0.48;0.34;267.30;238.30;25.80;31.90;;;;;;;;;;;;;;;;;;;;;;;;;;;;;;;;;;;;;;;;;;
2009-11-21 14:30:00;3.53;4.18;4.89;3.76;2.53;4.61;9.20;9.30;7.30;9.40;13.40;3.09;2.67;0.059;0.204;2.60;218;0.099;2.742;0.33;3.71;11.40;7.00;9.00;0.47;0.39;266.90;242.80;22.50;28.50;;;;;;;;;;;;;;;;;;;;;;;;;;;;;;;;;;;;;;;;;;
2009-11-21 15:00:00;3.50;4.34;5.35;3.72;2.51;4.81;8.90;8.70;7.20;8.80;13.20;3.41;3.45;0.056;0.139;3.60;221;0.118;2.946;0.18;3.74;10.60;6.90;8.70;0.45;0.36;259.40;240.70;23.00;29.80;;;;;;;;;;;;;;;;;;;;;;;;;;;;;;;;;;;;;;;;;;
2009-11-21 15:30:00;3.67;4.38;6.16;3.94;2.62;4.57;9.10;9.20;7.10;8.40;13.00;3.49;2.76;0.059;0.126;1.70;224;0.196;2.989;0.32;3.94;10.60;7.10;8.80;0.43;0.38;259.30;242.60;25.10;28.70;;;;;;;;;;;;;;;;;;;;;;;;;;;;;;;;;;;;;;;;;;
2009-11-21 16:00:00;3.95;4.96;6.18;4.15;2.80;5.60;9.20;9.00;7.40;9.00;13.40;3.83;3.26;0.062;0.226;1.20;213;0.145;2.993;0.24;4.12;10.50;7.20;9.10;0.45;0.40;259.10;243.50;23.80;27.80;;;;;;;;;;;;;;;;;;;;;;;;;;;;;;;;;;;;;;;;;;
2009-11-21 16:30:00;4.07;5.13;8.23;4.36;2.91;5.81;9.40;9.70;7.60;11.60;14.00;5.37;3.40;0.055;0.170;1.00;208;0.224;3.334;0.32;4.35;11.00;7.40;9.20;0.44;0.41;256.70;242.70;22.90;26.90;;;;;;;;;;;;;;;;;;;;;;;;;;;;;;;;;;;;;;;;;;
2009-11-21 17:00:00;4.02;4.92;6.24;4.28;2.92;5.53;9.40;9.90;7.70;8.30;13.80;3.48;3.26;0.058;0.333;1.00;206;0.086;2.821;0.30;4.24;10.70;7.40;9.20;0.44;0.45;255.00;241.10;23.90;28.70;;;;;;;;;;;;;;;;;;;;;;;;;;;;;;;;;;;;;;;;;;
2009-11-21 17:30:00;3.66;4.62;6.43;3.95;2.62;5.31;9.20;9.60;7.20;9.70;13.20;3.68;3.08;0.056;0.156;3.40;220;0.170;3.153;0.29;4.08;10.60;7.20;9.00;0.44;0.41;247.40;236.80;24.30;30.80;;;;;;;;;;;;;;;;;;;;;;;;;;;;;;;;;;;;;;;;;;
2009-11-21 18:00:00;3.48;4.10;5.53;3.70;2.54;4.91;9.40;9.50;7.50;8.10;13.10;3.13;2.92;0.056;0.183;2.50;212;0.033;2.801;0.32;3.68;11.10;7.10;9.00;0.46;0.39;254.80;241.40;27.80;33.70;;;;;;;;;;;;;;;;;;;;;;;;;;;;;;;;;;;;;;;;;;
2009-11-21 18:30:00;3.56;4.34;5.63;3.82;2.57;4.65;8.80;9.50;7.10;12.40;12.40;4.00;3.05;0.056;0.142;2.20;223;-0.036;3.027;0.30;3.76;10.90;6.70;8.50;0.43;0.25;251.90;233.40;31.10;35.30;;;;;;;;;;;;;;;;;;;;;;;;;;;;;;;;;;;;;;;;;;
2009-11-21 19:00:00;3.48;4.46;5.56;3.81;2.48;5.10;9.00;9.30;7.00;10.20;14.70;3.41;3.60;0.067;0.331;1.30;228;0.042;3.032;0.29;3.75;10.70;7.00;8.80;0.45;0.34;247.90;232.70;28.00;34.10;;;;;;;;;;;;;;;;;;;;;;;;;;;;;;;;;;;;;;;;;;
2009-11-21 19:30:00;3.66;4.56;5.38;3.94;2.60;4.99;8.70;9.00;6.80;7.40;13.30;3.50;2.84;0.065;0.274;1.00;234;0.178;2.916;0.31;3.96;11.30;7.00;8.70;0.43;0.33;249.20;233.50;30.80;32.70;;;;;;;;;;;;;;;;;;;;;;;;;;;;;;;;;;;;;;;;;;
2009-11-21 20:00:00;3.22;4.13;5.30;3.46;2.28;4.54;9.00;9.30;6.70;8.00;13.20;3.10;2.67;0.062;0.282;1.00;237;0.204;3.198;0.23;3.49;11.00;6.70;8.60;0.46;0.31;244.40;228.80;30.40;35.70;;;;;;;;;;;;;;;;;;;;;;;;;;;;;;;;;;;;;;;;;;
2009-11-21 20:30:00;3.37;4.04;5.35;3.62;2.44;4.69;8.60;8.60;7.10;8.50;13.50;2.76;2.93;0.052;0.134;1.90;226;0.122;2.847;0.05;3.62;11.00;6.90;8.60;0.44;0.28;245.80;231.20;30.60;36.50;;;;;;;;;;;;;;;;;;;;;;;;;;;;;;;;;;;;;;;;;;
2009-11-21 21:00:00;3.34;4.12;4.81;3.57;2.39;4.59;8.80;8.80;7.20;8.20;13.40;2.69;2.63;0.060;0.150;0.80;220;0.164;2.843;0.23;3.51;11.10;6.90;8.80;0.45;0.32;246.50;231.70;28.10;35.30;;;;;;;;;;;;;;;;;;;;;;;;;;;;;;;;;;;;;;;;;;
2009-11-21 21:30:00;3.48;4.37;5.98;3.77;2.48;4.96;9.30;10.00;7.00;8.00;13.50;3.30;3.10;0.060;0.224;1.60;226;0.085;3.071;0.31;3.77;11.40;7.10;9.00;0.45;0.34;237.70;231.30;23.80;33.70;;;;;;;;;;;;;;;;;;;;;;;;;;;;;;;;;;;;;;;;;;
2009-11-21 22:00:00;3.49;4.39;5.89;3.83;2.51;5.01;9.20;10.00;7.30;9.80;15.00;3.71;3.10;0.059;0.253;1.70;213;0.083;3.007;0.27;3.75;11.40;7.30;9.30;0.46;0.41;243.90;235.20;25.50;32.90;;;;;;;;;;;;;;;;;;;;;;;;;;;;;;;;;;;;;;;;;;
2009-11-21 22:30:00;3.66;4.52;6.39;3.89;2.56;4.92;9.80;9.20;7.50;8.20;15.00;3.58;3.46;0.054;0.184;1.30;205;0.025;3.049;0.21;3.72;11.80;7.20;9.10;0.46;0.33;248.60;237.50;28.10;34.20;;;;;;;;;;;;;;;;;;;;;;;;;;;;;;;;;;;;;;;;;;
2009-11-21 23:00:00;3.81;4.87;6.62;4.10;2.73;5.78;9.10;9.60;7.50;8.40;14.20;3.83;3.33;0.052;0.166;0.90;212;0.014;3.143;0.26;3.97;11.10;7.30;9.00;0.43;0.35;247.70;234.30;28.20;33.70;;;;;;;;;;;;;;;;;;;;;;;;;;;;;;;;;;;;;;;;;;
2009-11-21 23:30:00;3.74;4.66;6.49;3.97;2.62;4.93;8.80;9.10;6.90;8.90;13.00;3.62;3.99;0.072;0.564;0.80;232;0.023;3.240;0.20;3.88;11.10;6.90;8.60;0.43;0.30;257.20;240.20;26.80;34.80;;;;;;;;;;;;;;;;;;;;;;;;;;;;;;;;;;;;;;;;;;
2009-11-22 00:00:00;3.95;4.89;5.68;4.16;2.79;5.39;9.60;9.90;7.60;9.50;14.10;3.28;3.20;0.053;0.125;1.80;210;0.030;2.884;0.28;4.10;11.80;7.30;9.30;0.47;0.35;253.60;242.00;28.30;34.20;;;;;;;;;;;;;;;;;;;;;;;;;;;;;;;;;;;;;;;;;;
2009-11-22 00:30:00;4.25;5.25;6.52;4.47;3.08;6.03;9.50;9.70;8.00;7.40;14.90;3.81;3.56;0.055;0.119;4.10;199;0.016;2.936;0.18;4.50;11.40;7.50;9.40;0.44;0.38;253.30;243.60;21.70;30.40;;;;;;;;;;;;;;;;;;;;;;;;;;;;;;;;;;;;;;;;;;
2009-11-22 01:00:00;4.10;5.05;6.64;4.46;2.93;5.75;9.20;9.30;7.30;9.60;15.30;3.42;3.46;0.061;0.148;2.40;216;0.003;2.815;0.31;4.43;11.40;7.30;9.00;0.43;0.35;253.80;242.10;31.00;34.70;;;;;;;;;;;;;;;;;;;;;;;;;;;;;;;;;;;;;;;;;;
2009-11-22 01:30:00;4.25;5.30;7.05;4.67;3.06;5.80;9.80;10.20;7.50;9.90;14.10;4.10;3.38;0.064;0.256;1.80;212;0.085;2.910;0.21;4.63;11.70;7.60;9.50;0.44;0.40;253.30;246.10;27.90;31.10;;;;;;;;;;;;;;;;;;;;;;;;;;;;;;;;;;;;;;;;;;
2009-11-22 02:00:00;4.70;6.04;9.14;5.00;3.37;6.75;10.00;10.30;8.10;10.50;14.80;5.25;4.27;0.059;0.194;1.90;197;0.186;3.280;0.32;5.01;11.80;7.90;9.70;0.43;0.38;257.50;247.60;22.30;28.20;;;;;;;;;;;;;;;;;;;;;;;;;;;;;;;;;;;;;;;;;;
2009-11-22 02:30:00;4.91;6.20;8.33;5.18;3.51;7.22;9.70;9.90;8.10;10.10;14.90;4.27;4.46;0.059;0.306;0.90;196;0.116;2.998;0.26;5.16;10.90;7.90;9.50;0.41;0.42;256.40;247.30;27.10;29.10;;;;;;;;;;;;;;;;;;;;;;;;;;;;;;;;;;;;;;;;;;
2009-11-22 03:00:00;4.80;5.97;8.16;5.18;3.46;6.70;10.00;9.20;7.80;10.80;15.10;4.43;4.10;0.067;0.743;1.00;203;0.103;2.958;0.23;5.13;11.30;7.70;9.40;0.42;0.37;255.60;244.60;27.70;30.20;;;;;;;;;;;;;;;;;;;;;;;;;;;;;;;;;;;;;;;;;;
2009-11-22 03:30:00;5.33;6.46;7.56;5.78;3.75;7.06;10.50;10.70;8.10;11.50;14.10;4.29;4.02;0.065;0.258;1.70;187;0.049;2.784;0.29;5.57;11.80;7.90;9.90;0.45;0.39;257.90;248.20;24.50;30.50;;;;;;;;;;;;;;;;;;;;;;;;;;;;;;;;;;;;;;;;;;
2009-11-22 04:00:00;5.21;6.48;10.12;5.58;3.71;7.00;10.00;10.60;8.00;10.20;14.50;6.25;4.38;0.063;0.117;2.60;200;0.145;3.160;0.25;5.55;11.40;8.00;9.80;0.42;0.37;257.10;249.10;27.80;31.10;;;;;;;;;;;;;;;;;;;;;;;;;;;;;;;;;;;;;;;;;;
2009-11-22 04:30:00;5.54;6.85;10.26;5.87;3.99;6.93;10.50;10.40;8.60;11.20;15.20;6.25;4.55;0.066;0.396;1.00;183;0.147;3.004;0.29;5.88;12.50;8.20;10.20;0.43;0.38;262.00;247.50;24.30;28.70;;;;;;;;;;;;;;;;;;;;;;;;;;;;;;;;;;;;;;;;;;
2009-11-22 05:00:00;5.56;7.09;9.26;5.95;3.97;8.42;10.60;11.60;8.30;11.80;15.80;5.33;4.25;0.070;0.221;1.80;190;0.178;3.079;0.41;6.01;12.70;8.30;10.30;0.43;0.38;262.50;250.40;28.10;31.20;;;;;;;;;;;;;;;;;;;;;;;;;;;;;;;;;;;;;;;;;;
2009-11-22 05:30:00;6.25;7.56;9.80;6.61;4.38;8.52;10.90;11.50;8.50;12.20;16.50;5.67;4.94;0.064;0.208;1.50;183;0.202;3.013;0.32;6.26;12.70;8.50;10.70;0.45;0.43;263.30;251.90;21.50;28.20;;;;;;;;;;;;;;;;;;;;;;;;;;;;;;;;;;;;;;;;;;
2009-11-22 06:00:00;5.45;6.91;9.34;5.81;3.81;7.70;10.70;11.50;8.30;11.10;16.20;5.49;4.52;0.059;0.152;2.40;192;0.029;3.212;0.38;5.89;13.00;8.40;10.60;0.47;0.43;260.40;250.40;24.80;30.40;;;;;;;;;;;;;;;;;;;;;;;;;;;;;;;;;;;;;;;;;;
2009-11-22 06:30:00;6.01;7.28;8.78;6.52;4.30;8.39;11.30;10.90;8.80;10.90;15.70;4.55;4.69;0.059;0.234;2.70;167;0.079;2.598;0.33;999.999;999.999;999.999;999.999;999.999;999.999;999.999;999.999;999.999;999.999;;;;;;;;;;;;;;;;;;;;;;;;;;;;;;;;;;;;;;;;;;
2009-11-22 07:00:00;5.86;7.82;10.69;6.95;4.16;9.41;10.80;11.20;8.50;10.80;16.60;6.12;5.68;0.069;0.346;0.90;140;0.088;2.644;0.27;999.999;999.999;999.999;999.999;999.999;999.999;999.999;999.999;999.999;999.999;;;;;;;;;;;;;;;;;;;;;;;;;;;;;;;;;;;;;;;;;;
2009-11-22 07:30:00;6.78;8.60;10.59;7.21;4.87;9.58;11.10;11.00;9.00;13.10;16.50;6.77;5.41;0.061;0.280;1.80;176;0.031;2.930;0.38;7.12;12.20;8.90;10.80;0.42;0.45;259.70;251.90;22.60;26.60;;;;;;;;;;;;;;;;;;;;;;;;;;;;;;;;;;;;;;;;;;
2009-11-22 08:00:00;6.12;7.60;9.91;6.55;4.35;8.65;10.80;11.70;8.70;10.20;14.40;5.87;5.15;0.062;0.201;3.50;180;0.109;3.067;0.34;6.52;12.70;8.40;10.60;0.45;0.39;259.80;248.60;24.90;31.20;;;;;;;;;;;;;;;;;;;;;;;;;;;;;;;;;;;;;;;;;;
2009-11-22 08:30:00;6.12;7.72;10.95;6.56;4.34;8.38;11.30;11.90;8.80;12.60;15.10;6.98;5.09;0.061;0.194;2.40;180;0.315;3.388;0.40;6.40;12.30;8.40;10.70;0.46;0.40;252.00;246.60;26.80;32.40;;;;;;;;;;;;;;;;;;;;;;;;;;;;;;;;;;;;;;;;;;
2009-11-22 09:00:00;6.45;8.13;11.79;6.79;4.59;9.01;10.90;11.40;8.90;10.80;15.70;7.77;5.80;0.065;0.150;3.30;179;0.149;3.344;0.28;6.63;11.60;8.50;10.60;0.44;0.41;247.00;246.50;27.70;31.10;;;;;;;;;;;;;;;;;;;;;;;;;;;;;;;;;;;;;;;;;;
2009-11-22 09:30:00;6.69;8.51;12.70;7.12;4.78;9.71;11.40;11.60;9.40;9.60;16.00;6.30;6.40;0.067;0.379;1.10;156;0.127;3.028;0.32;999.999;999.999;999.999;999.999;999.999;999.999;999.999;999.999;999.999;999.999;;;;;;;;;;;;;;;;;;;;;;;;;;;;;;;;;;;;;;;;;;
2009-11-22 10:00:00;6.23;7.68;8.79;6.79;4.52;8.51;11.30;11.90;9.10;11.90;15.40;4.97;5.36;0.065;0.180;1.80;173;0.103;2.908;0.31;6.64;12.70;8.80;10.90;0.44;0.44;252.50;250.20;23.30;31.70;;;;;;;;;;;;;;;;;;;;;;;;;;;;;;;;;;;;;;;;;;
2009-11-22 10:30:00;6.25;7.62;9.58;6.51;4.45;8.36;11.30;11.40;9.40;12.20;17.90;5.60;5.61;0.057;0.148;1.40;170;0.117;2.919;0.25;6.41;13.10;8.80;11.10;0.46;0.39;258.30;254.20;19.90;30.30;;;;;;;;;;;;;;;;;;;;;;;;;;;;;;;;;;;;;;;;;;
2009-11-22 11:00:00;7.02;8.59;10.82;7.39;4.96;9.73;12.00;12.10;9.70;10.70;17.30;6.26;5.44;0.055;0.099;2.80;164;0.095;2.881;0.39;7.19;13.50;9.40;11.80;0.46;0.42;253.60;252.60;20.10;27.80;;;;;;;;;;;;;;;;;;;;;;;;;;;;;;;;;;;;;;;;;;
2009-11-22 11:30:00;6.30;7.98;10.39;6.68;4.41;9.54;11.70;12.20;9.10;13.70;22.50;6.95;4.53;0.069;0.769;0.90;175;0.243;3.247;0.36;6.85;13.20;9.20;11.60;0.46;0.40;252.90;254.80;21.00;29.60;;;;;;;;;;;;;;;;;;;;;;;;;;;;;;;;;;;;;;;;;;
2009-11-22 12:00:00;7.11;8.63;10.81;7.46;5.11;9.20;12.20;12.50;10.00;10.80;16.40;6.26;5.30;0.063;0.475;1.10;159;0.057;2.859;0.31;7.47;12.60;9.50;11.70;0.44;0.40;254.00;253.80;23.70;29.30;;;;;;;;;;;;;;;;;;;;;;;;;;;;;;;;;;;;;;;;;;
2009-11-22 12:30:00;6.47;7.77;10.06;7.08;4.69;8.43;12.80;13.30;9.90;15.00;17.60;6.10;5.13;0.054;0.165;2.60;158;0.211;2.732;0.27;7.03;13.50;9.40;12.10;0.48;0.39;257.20;256.00;24.10;30.90;;;;;;;;;;;;;;;;;;;;;;;;;;;;;;;;;;;;;;;;;;
2009-11-22 13:00:00;7.49;9.24;11.46;7.89;5.36;9.93;13.50;13.60;10.50;15.40;18.10;6.76;5.43;0.053;0.156;1.30;151;0.178;2.891;0.23;8.02;14.60;10.10;13.00;0.48;0.41;262.30;259.40;19.70;26.80;;;;;;;;;;;;;;;;;;;;;;;;;;;;;;;;;;;;;;;;;;
2009-11-22 13:30:00;7.17;9.28;13.48;7.83;5.12;11.19;12.80;13.10;10.10;13.60;20.00;7.63;5.85;0.054;0.116;2.70;154;0.109;3.099;0.26;7.46;15.10;9.90;12.60;0.47;0.38;266.30;261.10;18.40;27.60;;;;;;;;;;;;;;;;;;;;;;;;;;;;;;;;;;;;;;;;;;
2009-11-22 14:00:00;7.11;9.04;11.03;7.62;5.00;10.12;13.00;13.00;9.90;12.30;18.10;6.62;5.89;0.065;0.288;1.20;160;-0.003;3.087;0.33;7.59;14.10;9.90;12.60;0.48;0.38;261.40;258.00;22.20;29.00;;;;;;;;;;;;;;;;;;;;;;;;;;;;;;;;;;;;;;;;;;
2009-11-22 14:30:00;8.09;10.27;13.00;8.52;5.82;11.57;14.00;14.40;11.40;13.80;19.20;7.48;6.71;0.049;0.115;3.60;139;0.141;3.020;0.31;8.47;15.00;10.50;13.30;0.48;0.47;265.70;262.10;16.60;24.90;;;;;;;;;;;;;;;;;;;;;;;;;;;;;;;;;;;;;;;;;;
2009-11-22 15:00:00;6.46;7.77;11.74;6.96;4.59;8.32;13.20;12.90;10.10;12.60;19.80;6.20;5.54;0.064;0.374;1.00;157;0.148;3.094;0.24;6.85;15.60;9.80;12.80;0.50;0.38;263.50;257.90;23.30;30.80;;;;;;;;;;;;;;;;;;;;;;;;;;;;;;;;;;;;;;;;;;
2009-11-22 15:30:00;7.38;8.89;11.06;7.83;5.25;10.08;13.00;12.90;10.40;12.90;19.90;6.20;6.15;0.057;0.181;1.80;153;0.030;2.887;0.22;7.76;14.10;10.10;12.60;0.45;0.42;264.70;260.80;21.00;28.60;;;;;;;;;;;;;;;;;;;;;;;;;;;;;;;;;;;;;;;;;;
2009-11-22 16:00:00;6.95;8.57;12.25;7.35;4.90;9.55;12.40;13.20;9.80;12.60;21.40;6.32;6.89;0.054;0.104;1.90;162;-0.014;3.028;0.29;7.55;15.60;9.70;12.60;0.49;0.36;266.00;258.20;20.80;29.40;;;;;;;;;;;;;;;;;;;;;;;;;;;;;;;;;;;;;;;;;;
2009-11-22 16:30:00;6.14;8.04;11.22;6.75;4.50;9.22;11.30;12.10;9.70;13.60;20.20;6.49;5.36;0.052;0.148;1.70;163;0.110;3.126;0.24;6.63;13.30;9.20;11.90;0.48;0.33;263.50;258.30;23.30;30.80;;;;;;;;;;;;;;;;;;;;;;;;;;;;;;;;;;;;;;;;;;
2009-11-22 17:00:00;6.55;7.88;10.51;6.98;4.66;9.79;12.50;13.30;9.60;14.20;18.20;5.74;6.61;0.052;0.138;2.00;166;-0.007;3.001;0.31;6.73;14.00;9.20;11.80;0.48;0.41;263.10;260.00;21.60;30.90;;;;;;;;;;;;;;;;;;;;;;;;;;;;;;;;;;;;;;;;;;
2009-11-22 17:30:00;6.37;7.82;12.02;6.78;4.65;8.29;12.40;12.90;10.30;12.20;19.70;5.92;6.10;0.052;0.135;3.20;155;-0.029;2.906;0.27;6.75;13.90;9.40;12.20;0.49;0.41;264.50;262.50;21.70;31.10;;;;;;;;;;;;;;;;;;;;;;;;;;;;;;;;;;;;;;;;;;
2009-11-22 18:00:00;7.01;8.27;10.10;7.50;4.99;9.14;12.40;12.80;9.70;13.50;17.60;5.53;5.78;0.061;0.223;1.20;164;0.082;2.883;0.30;7.42;13.50;9.50;12.00;0.46;0.35;263.50;262.50;20.90;27.50;;;;;;;;;;;;;;;;;;;;;;;;;;;;;;;;;;;;;;;;;;
2009-11-22 18:30:00;6.74;8.02;9.75;7.25;4.85;9.15;12.50;12.70;9.70;15.10;18.60;5.41;5.49;0.069;0.146;1.90;164;-0.026;2.799;0.26;7.21;14.00;9.20;12.10;0.50;0.32;262.30;260.10;22.40;28.70;;;;;;;;;;;;;;;;;;;;;;;;;;;;;;;;;;;;;;;;;;
2009-11-22 19:00:00;7.53;9.42;10.90;7.93;5.45;10.21;13.20;13.30;10.70;13.90;18.80;6.63;5.25;0.053;0.110;2.80;149;0.134;2.786;0.28;7.82;15.50;10.00;12.90;0.49;0.41;269.90;266.70;19.70;27.40;;;;;;;;;;;;;;;;;;;;;;;;;;;;;;;;;;;;;;;;;;
2009-11-22 19:30:00;7.48;9.40;12.67;8.04;5.38;10.06;12.90;13.40;10.40;14.60;20.70;6.59;6.79;0.056;0.118;3.30;152;0.115;2.921;0.28;8.03;15.60;10.10;13.00;0.48;0.39;275.90;267.30;18.40;26.50;;;;;;;;;;;;;;;;;;;;;;;;;;;;;;;;;;;;;;;;;;
2009-11-22 20:00:00;7.88;9.57;11.94;8.36;5.68;10.54;13.50;13.40;10.80;11.60;20.30;7.38;6.47;0.055;0.123;3.80;146;0.089;2.816;0.19;8.41;15.60;10.30;13.10;0.48;0.37;268.30;268.00;19.90;27.20;;;;;;;;;;;;;;;;;;;;;;;;;;;;;;;;;;;;;;;;;;
2009-11-22 20:30:00;7.68;9.42;11.82;8.19;5.48;10.80;14.50;14.30;11.00;15.00;19.90;6.65;6.35;0.055;0.147;2.10;145;0.101;2.985;0.05;8.17;17.50;10.50;14.10;0.54;0.34;275.40;268.80;16.70;26.60;;;;;;;;;;;;;;;;;;;;;;;;;;;;;;;;;;;;;;;;;;
2009-11-22 21:00:00;7.37;9.34;12.41;8.07;5.25;10.29;13.60;14.70;10.70;16.90;20.60;6.73;6.91;0.052;0.139;2.10;148;0.102;3.045;0.29;7.88;16.30;10.40;13.70;0.51;0.38;277.00;269.30;18.00;27.60;;;;;;;;;;;;;;;;;;;;;;;;;;;;;;;;;;;;;;;;;;
2009-11-22 21:30:00;7.29;9.21;12.39;7.76;5.13;10.44;13.70;13.70;10.20;15.10;18.70;8.31;5.53;0.054;0.188;2.50;155;0.136;3.225;0.12;7.75;15.00;10.10;13.30;0.50;0.38;276.90;270.90;23.10;29.40;;;;;;;;;;;;;;;;;;;;;;;;;;;;;;;;;;;;;;;;;;
2009-11-22 22:00:00;7.51;9.07;12.60;7.96;5.41;10.14;13.80;14.00;10.60;15.50;17.70;6.18;6.42;0.057;0.119;2.30;149;0.075;2.748;0.21;7.79;15.60;9.90;13.10;0.51;0.32;277.10;271.40;19.50;27.80;;;;;;;;;;;;;;;;;;;;;;;;;;;;;;;;;;;;;;;;;;
2009-11-22 22:30:00;7.76;9.96;12.41;8.21;5.46;11.36;13.80;14.50;10.50;14.90;21.70;6.53;7.09;0.061;0.406;1.10;152;0.055;3.257;0.46;8.33;15.50;10.50;13.70;0.50;0.37;278.00;272.80;17.50;24.90;;;;;;;;;;;;;;;;;;;;;;;;;;;;;;;;;;;;;;;;;;
2009-11-22 23:00:00;7.04;8.85;10.73;7.52;5.01;10.09;13.60;13.70;10.50;17.00;20.60;5.75;6.03;0.054;0.154;2.80;151;0.138;2.854;0.23;7.63;15.60;10.40;13.60;0.51;0.37;277.90;271.90;17.90;25.90;;;;;;;;;;;;;;;;;;;;;;;;;;;;;;;;;;;;;;;;;;
2009-11-22 23:30:00;6.86;8.43;12.09;7.51;5.12;10.10;13.60;13.10;11.20;12.60;19.70;5.86;6.63;0.050;0.155;2.10;141;0.014;2.735;0.02;7.56;15.70;10.60;13.70;0.50;0.39;278.80;272.20;17.40;25.80;;;;;;;;;;;;;;;;;;;;;;;;;;;;;;;;;;;;;;;;;;
2009-11-23 00:00:00;7.19;9.21;12.04;7.58;5.13;11.20;13.40;13.50;10.80;14.40;22.10;7.82;6.10;0.049;0.094;2.60;148;0.103;3.410;0.20;7.49;15.60;10.10;13.00;0.48;0.31;277.90;273.60;18.40;26.20;;;;;;;;;;;;;;;;;;;;;;;;;;;;;;;;;;;;;;;;;;
2009-11-23 00:30:00;6.93;8.87;12.99;7.33;4.79;9.38;13.40;14.50;10.30;16.00;21.50;7.57;5.42;0.052;0.183;1.60;154;0.134;3.191;0.17;7.43;16.10;10.50;13.70;0.50;0.36;278.10;274.50;19.30;26.60;;;;;;;;;;;;;;;;;;;;;;;;;;;;;;;;;;;;;;;;;;
2009-11-23 01:00:00;6.79;8.25;10.69;7.31;4.96;9.73;13.60;14.10;10.60;13.90;19.60;5.83;7.04;0.062;0.475;1.00;150;0.053;2.890;0.33;7.23;15.40;10.10;13.40;0.51;0.37;281.60;274.90;20.60;27.50;;;;;;;;;;;;;;;;;;;;;;;;;;;;;;;;;;;;;;;;;;
2009-11-23 01:30:00;6.97;8.81;10.47;7.27;4.97;10.36;13.10;13.60;10.90;12.80;20.00;6.34;5.50;0.052;0.259;0.90;146;0.104;3.141;0.37;7.49;14.50;10.20;13.10;0.49;0.44;282.70;276.30;19.10;26.10;;;;;;;;;;;;;;;;;;;;;;;;;;;;;;;;;;;;;;;;;;
2009-11-23 02:00:00;6.78;8.23;10.89;7.16;4.92;8.96;13.50;13.20;10.90;15.60;19.40;6.68;5.65;0.045;0.084;4.80;146;0.103;2.819;0.21;7.32;14.50;10.10;13.10;0.49;0.41;284.70;275.90;17.70;25.60;;;;;;;;;;;;;;;;;;;;;;;;;;;;;;;;;;;;;;;;;;
2009-11-23 02:30:00;6.28;7.68;9.96;6.74;4.38;8.69;12.60;13.00;9.50;12.60;19.30;5.86;4.55;0.056;0.216;0.90;166;0.187;2.868;0.19;6.72;14.40;9.80;12.90;0.51;0.39;279.90;273.40;20.20;27.60;;;;;;;;;;;;;;;;;;;;;;;;;;;;;;;;;;;;;;;;;;
2009-11-23 03:00:00;6.13;7.69;9.48;6.64;4.36;8.90;12.90;13.70;9.80;12.70;19.80;4.90;5.45;0.067;0.393;0.90;161;0.085;2.889;0.28;6.63;13.80;9.70;12.70;0.50;0.43;281.80;276.60;22.10;27.30;;;;;;;;;;;;;;;;;;;;;;;;;;;;;;;;;;;;;;;;;;
2009-11-23 03:30:00;5.52;6.67;7.36;5.98;3.96;7.01;12.10;13.10;9.40;10.20;20.40;4.44;4.33;0.057;0.253;1.00;170;0.033;2.718;0.26;5.98;13.30;9.10;12.30;0.52;0.31;279.90;272.10;25.10;31.60;;;;;;;;;;;;;;;;;;;;;;;;;;;;;;;;;;;;;;;;;;
2009-11-23 04:00:00;5.68;6.96;10.68;6.02;3.95;7.65;12.20;13.00;9.20;12.40;19.70;6.13;4.55;0.061;0.179;1.00;172;0.126;2.991;0.31;6.17;13.60;9.40;12.30;0.51;0.43;284.30;277.20;22.70;30.10;;;;;;;;;;;;;;;;;;;;;;;;;;;;;;;;;;;;;;;;;;
2009-11-23 04:30:00;6.31;7.83;10.29;6.75;4.51;9.23;12.90;13.80;10.00;14.30;18.00;5.62;5.32;0.059;0.325;1.60;159;0.019;2.924;0.26;6.63;14.60;9.70;12.80;0.51;0.39;285.20;276.70;18.10;26.80;;;;;;;;;;;;;;;;;;;;;;;;;;;;;;;;;;;;;;;;;;
2009-11-23 05:00:00;6.02;8.08;11.62;6.51;4.23;8.88;12.50;13.40;9.40;11.80;21.70;6.52;5.10;0.056;0.153;1.90;169;0.194;3.294;0.35;6.31;15.60;9.40;12.90;0.54;0.36;277.90;272.20;23.10;30.00;;;;;;;;;;;;;;;;;;;;;;;;;;;;;;;;;;;;;;;;;;
2009-11-23 05:30:00;5.80;7.49;10.87;6.24;4.14;8.40;12.50;13.30;10.00;14.60;19.70;5.32;5.55;0.050;0.178;2.60;159;0.129;3.123;0.15;6.12;15.50;9.60;12.70;0.52;0.40;286.40;276.70;20.40;29.10;;;;;;;;;;;;;;;;;;;;;;;;;;;;;;;;;;;;;;;;;;
2009-11-23 06:00:00;6.32;7.74;9.35;6.58;4.43;8.45;13.20;13.00;9.90;13.90;19.60;5.34;4.93;0.053;0.165;1.10;160;0.105;2.879;0.24;6.50;15.50;9.60;12.70;0.52;0.39;283.60;274.80;18.50;27.30;;;;;;;;;;;;;;;;;;;;;;;;;;;;;;;;;;;;;;;;;;
2009-11-23 06:30:00;6.07;7.41;9.59;6.53;4.26;8.42;13.00;13.00;9.60;14.30;21.70;5.85;5.04;0.058;0.249;1.10;166;0.111;3.027;0.18;6.63;15.50;9.70;12.80;0.51;0.40;279.40;274.50;18.30;26.60;;;;;;;;;;;;;;;;;;;;;;;;;;;;;;;;;;;;;;;;;;
2009-11-23 07:00:00;5.89;7.19;8.75;6.17;4.23;8.36;12.70;12.40;9.90;15.90;20.30;4.54;5.09;0.050;0.096;3.60;161;-0.025;3.021;0.25;6.07;14.40;9.00;11.90;0.51;0.31;284.70;272.80;25.00;30.20;;;;;;;;;;;;;;;;;;;;;;;;;;;;;;;;;;;;;;;;;;
2009-11-23 07:30:00;5.60;6.62;7.87;6.05;3.96;7.30;11.80;12.20;9.20;12.90;19.90;4.55;4.05;0.057;0.217;2.80;167;0.032;2.722;0.14;6.11;11.40;8.90;11.80;0.51;0.33;276.50;271.50;27.10;31.90;;;;;;;;;;;;;;;;;;;;;;;;;;;;;;;;;;;;;;;;;;
2009-11-23 08:00:00;6.22;7.44;9.63;6.68;4.44;8.42;11.50;11.60;9.30;12.80;17.20;5.69;5.23;0.065;0.281;1.80;171;0.071;2.725;0.21;6.63;13.50;9.10;11.70;0.48;0.38;284.10;274.80;22.40;28.30;;;;;;;;;;;;;;;;;;;;;;;;;;;;;;;;;;;;;;;;;;
2009-11-23 08:30:00;5.97;7.45;9.86;6.45;4.29;8.02;12.40;12.10;9.60;11.80;17.70;5.46;4.96;0.055;0.149;1.70;166;0.254;2.894;0.21;6.39;14.10;9.30;12.10;0.50;0.45;284.40;275.20;22.10;29.30;;;;;;;;;;;;;;;;;;;;;;;;;;;;;;;;;;;;;;;;;;
2009-11-23 09:00:00;6.28;8.18;10.83;6.64;4.43;9.16;12.50;12.30;9.60;11.70;16.70;5.94;5.03;0.061;0.481;1.10;166;0.074;3.256;0.26;6.86;14.10;9.60;12.30;0.48;0.42;284.60;278.90;17.30;26.20;;;;;;;;;;;;;;;;;;;;;;;;;;;;;;;;;;;;;;;;;;
2009-11-23 09:30:00;5.44;6.74;8.80;5.90;3.93;7.56;11.80;11.40;9.10;13.50;16.90;4.91;4.53;0.059;0.177;2.10;172;0.075;2.796;0.23;5.99;13.50;8.80;11.60;0.50;0.36;292.30;278.40;24.10;32.10;;;;;;;;;;;;;;;;;;;;;;;;;;;;;;;;;;;;;;;;;;
2009-11-23 10:00:00;5.59;6.91;8.72;6.14;4.00;7.95;11.60;12.30;9.00;10.40;18.10;5.18;4.98;0.054;0.106;2.00;175;0.072;2.814;0.13;6.13;15.10;8.90;11.60;0.48;0.29;289.60;276.40;24.70;31.70;;;;;;;;;;;;;;;;;;;;;;;;;;;;;;;;;;;;;;;;;;
2009-11-23 10:30:00;5.59;6.87;8.79;6.12;4.05;7.48;11.90;12.00;9.50;13.90;18.80;4.32;4.96;0.061;0.406;1.30;166;0.107;3.421;0.19;6.06;14.10;9.00;11.70;0.49;0.36;288.10;276.40;20.60;31.60;;;;;;;;;;;;;;;;;;;;;;;;;;;;;;;;;;;;;;;;;;
2009-11-23 11:00:00;5.72;7.25;10.80;6.08;4.05;7.74;11.20;12.20;8.80;12.70;17.80;6.35;5.62;0.056;0.118;2.40;180;0.012;3.223;0.32;6.02;11.90;8.70;11.10;0.47;0.39;279.10;275.10;27.10;31.30;;;;;;;;;;;;;;;;;;;;;;;;;;;;;;;;;;;;;;;;;;
2009-11-23 11:30:00;5.89;7.28;9.33;6.41;4.17;8.34;11.60;11.60;9.20;10.90;16.20;4.95;4.58;0.054;0.137;1.80;168;0.026;2.942;0.26;6.34;13.00;8.90;11.40;0.47;0.34;293.60;278.70;20.70;28.10;;;;;;;;;;;;;;;;;;;;;;;;;;;;;;;;;;;;;;;;;;
2009-11-23 12:00:00;6.09;7.52;9.40;6.50;4.37;8.52;11.50;11.20;9.20;10.30;16.00;5.40;4.58;0.059;0.335;1.20;173;0.131;2.782;0.16;6.40;12.50;8.90;11.20;0.46;0.36;291.90;275.10;22.90;29.70;;;;;;;;;;;;;;;;;;;;;;;;;;;;;;;;;;;;;;;;;;
2009-11-23 12:30:00;6.00;7.39;9.96;6.37;4.22;8.29;11.50;11.20;9.00;10.10;16.20;5.38;4.67;0.054;0.128;1.30;175;0.005;2.915;0.23;6.21;13.00;8.80;11.20;0.46;0.34;288.10;271.10;22.60;29.20;;;;;;;;;;;;;;;;;;;;;;;;;;;;;;;;;;;;;;;;;;
2009-11-23 13:00:00;5.81;7.16;10.20;6.26;4.16;7.76;11.80;11.40;9.10;11.30;16.30;5.09;5.49;0.056;0.289;1.00;174;0.092;2.908;0.19;6.33;14.10;8.90;11.40;0.47;0.31;289.90;272.10;19.50;28.90;;;;;;;;;;;;;;;;;;;;;;;;;;;;;;;;;;;;;;;;;;
2009-11-23 13:30:00;5.98;7.48;10.91;6.38;4.37;8.44;11.80;12.10;9.40;16.20;17.10;6.53;4.56;0.054;0.181;2.20;170;0.159;3.086;0.22;6.16;13.60;8.70;11.20;0.47;0.35;283.10;269.70;19.50;30.30;;;;;;;;;;;;;;;;;;;;;;;;;;;;;;;;;;;;;;;;;;
2009-11-23 14:00:00;5.77;6.94;8.33;6.13;4.20;7.42;11.00;11.70;9.10;11.80;18.30;4.53;4.83;0.058;0.212;2.80;173;0.040;2.777;0.20;6.07;12.50;8.50;10.70;0.45;0.38;287.50;274.70;20.30;29.10;;;;;;;;;;;;;;;;;;;;;;;;;;;;;;;;;;;;;;;;;;
2009-11-23 14:30:00;5.43;6.90;10.46;5.89;3.79;7.89;10.60;11.90;8.00;10.70;15.20;5.11;5.63;0.062;0.347;1.20;198;0.071;3.341;0.33;6.00;13.50;8.60;10.90;0.45;0.32;290.60;272.10;21.40;30.40;;;;;;;;;;;;;;;;;;;;;;;;;;;;;;;;;;;;;;;;;;
2009-11-23 15:00:00;5.90;6.99;7.89;6.27;4.18;7.39;11.10;11.30;9.00;12.60;17.60;4.68;4.63;0.062;0.375;0.90;177;0.087;2.784;0.18;6.22;11.50;8.70;11.00;0.46;0.36;286.40;271.50;23.40;30.60;;;;;;;;;;;;;;;;;;;;;;;;;;;;;;;;;;;;;;;;;;
2009-11-23 15:30:00;5.75;6.92;8.97;6.24;4.18;7.67;11.00;10.80;9.00;9.70;16.70;5.33;4.80;0.053;0.151;2.00;176;0.012;2.631;0.26;6.25;13.50;8.60;10.80;0.44;0.31;284.60;270.60;21.40;30.90;;;;;;;;;;;;;;;;;;;;;;;;;;;;;;;;;;;;;;;;;;
2009-11-23 16:00:00;5.45;6.93;11.53;5.94;3.92;7.48;11.00;11.80;8.40;12.70;15.00;7.93;5.27;0.060;0.218;1.70;188;0.237;3.571;0.22;6.02;12.10;8.50;10.90;0.47;0.38;285.90;271.30;24.00;31.20;;;;;;;;;;;;;;;;;;;;;;;;;;;;;;;;;;;;;;;;;;
2009-11-23 16:30:00;5.88;7.53;9.44;6.26;4.15;8.56;11.10;11.30;8.70;14.40;16.80;5.66;4.48;0.066;0.302;1.80;182;0.171;3.085;0.38;6.16;12.90;8.60;11.00;0.47;0.34;281.70;271.10;22.90;29.40;;;;;;;;;;;;;;;;;;;;;;;;;;;;;;;;;;;;;;;;;;
2009-11-23 17:00:00;5.59;6.63;7.72;5.97;3.99;7.17;10.80;11.40;8.90;9.90;16.70;4.49;4.58;0.061;0.201;1.90;179;0.007;2.657;0.01;6.02;13.50;8.70;11.10;0.47;0.39;287.00;274.70;20.40;30.00;;;;;;;;;;;;;;;;;;;;;;;;;;;;;;;;;;;;;;;;;;
2009-11-23 17:30:00;5.84;7.62;11.53;6.29;4.23;10.89;11.80;12.30;9.20;11.70;16.80;6.48;6.34;0.057;0.390;0.90;172;0.150;3.498;0.27;6.40;12.60;9.20;11.50;0.47;0.45;282.60;274.40;19.00;27.30;;;;;;;;;;;;;;;;;;;;;;;;;;;;;;;;;;;;;;;;;;
2009-11-23 18:00:00;5.79;6.94;8.88;5.94;4.20;8.13;11.30;10.90;9.40;11.10;17.70;5.02;5.19;0.054;0.102;2.80;169;0.074;2.820;0.12;5.95;12.40;8.60;10.90;0.46;0.32;285.20;271.90;25.70;30.40;;;;;;;;;;;;;;;;;;;;;;;;;;;;;;;;;;;;;;;;;;
2009-11-23 18:30:00;5.85;7.32;9.38;6.23;4.15;7.98;11.10;11.10;9.00;12.60;17.60;5.69;4.99;0.061;0.243;1.90;175;0.087;2.984;0.34;6.15;12.20;8.70;10.80;0.44;0.43;288.40;275.40;23.80;30.20;;;;;;;;;;;;;;;;;;;;;;;;;;;;;;;;;;;;;;;;;;
2009-11-23 19:00:00;5.84;7.52;8.82;6.11;4.06;8.47;11.40;11.10;8.70;9.30;15.00;4.65;4.65;0.057;0.221;1.80;182;0.064;3.135;0.40;6.04;12.10;8.60;10.80;0.46;0.42;285.30;272.50;21.10;29.00;;;;;;;;;;;;;;;;;;;;;;;;;;;;;;;;;;;;;;;;;;
2009-11-23 19:30:00;5.57;6.99;9.16;6.07;3.98;8.09;11.40;12.00;8.80;11.70;17.60;4.96;4.71;0.064;0.443;1.20;179;0.059;2.883;0.30;6.12;13.40;8.90;11.20;0.46;0.44;285.30;274.20;21.40;29.40;;;;;;;;;;;;;;;;;;;;;;;;;;;;;;;;;;;;;;;;;;
2009-11-23 20:00:00;5.59;6.92;8.79;5.98;3.90;7.84;11.50;11.60;8.60;11.10;16.20;5.52;4.48;0.061;0.173;1.50;186;0.052;2.973;0.36;5.90;13.10;8.90;11.20;0.47;0.42;288.20;275.50;21.70;30.50;;;;;;;;;;;;;;;;;;;;;;;;;;;;;;;;;;;;;;;;;;
2009-11-23 20:30:00;5.49;6.93;9.58;5.86;3.92;7.93;11.20;11.20;8.90;12.40;15.30;5.41;4.40;0.058;0.190;1.90;179;0.163;3.026;0.30;5.91;12.20;8.70;10.90;0.45;0.44;286.30;274.30;26.80;32.10;;;;;;;;;;;;;;;;;;;;;;;;;;;;;;;;;;;;;;;;;;
2009-11-23 21:00:00;5.44;6.96;9.88;5.75;3.77;7.80;11.40;11.60;8.70;12.40;16.20;4.85;5.34;0.054;0.229;1.40;182;0.108;3.229;0.37;5.57;12.60;8.70;11.00;0.47;0.42;285.40;273.60;23.30;30.90;;;;;;;;;;;;;;;;;;;;;;;;;;;;;;;;;;;;;;;;;;
2009-11-23 21:30:00;5.52;6.57;7.70;5.77;3.97;7.26;10.90;10.30;9.00;11.00;16.60;4.47;4.11;0.051;0.118;2.60;175;0.053;2.666;0.29;5.50;11.80;8.30;10.40;0.45;0.40;282.60;272.80;26.10;32.90;;;;;;;;;;;;;;;;;;;;;;;;;;;;;;;;;;;;;;;;;;
2009-11-23 22:00:00;5.05;6.22;7.32;5.25;3.63;6.69;10.50;10.50;8.80;9.20;16.30;4.03;3.99;0.057;0.147;3.40;182;-0.001;2.922;0.20;5.24;11.30;8.10;10.30;0.46;0.39;274.60;269.90;27.70;34.10;;;;;;;;;;;;;;;;;;;;;;;;;;;;;;;;;;;;;;;;;;
2009-11-23 22:30:00;5.13;6.09;7.17;5.38;3.75;6.81;11.00;11.00;9.30;10.00;17.40;4.24;3.98;0.051;0.127;2.90;172;0.160;2.716;0.31;5.30;11.40;8.40;10.60;0.46;0.47;280.50;274.80;26.30;33.00;;;;;;;;;;;;;;;;;;;;;;;;;;;;;;;;;;;;;;;;;;
2009-11-23 23:00:00;5.32;6.49;7.79;5.76;3.82;7.22;11.30;11.30;8.70;10.80;16.70;4.81;3.92;0.062;0.320;1.10;182;0.122;2.711;0.30;5.52;12.60;8.50;10.80;0.48;0.43;286.90;274.10;21.60;31.90;;;;;;;;;;;;;;;;;;;;;;;;;;;;;;;;;;;;;;;;;;
2009-11-23 23:30:00;5.07;6.22;9.03;5.28;3.56;7.06;10.90;10.30;8.40;9.90;14.40;5.08;4.43;0.059;0.271;1.20;189;0.103;3.125;0.23;5.27;11.70;8.30;10.40;0.45;0.39;282.40;271.60;22.30;30.40;;;;;;;;;;;;;;;;;;;;;;;;;;;;;;;;;;;;;;;;;;
2009-11-24 00:00:00;4.84;6.19;8.37;5.16;3.44;7.41;10.30;10.90;8.30;13.30;14.60;5.13;5.19;0.055;0.209;1.30;190;0.165;3.248;0.31;5.05;11.60;8.10;10.10;0.43;0.34;281.60;271.70;27.20;33.00;;;;;;;;;;;;;;;;;;;;;;;;;;;;;;;;;;;;;;;;;;
2009-11-24 00:30:00;4.48;5.58;7.62;4.91;3.17;6.29;10.50;11.10;7.80;10.90;15.70;3.82;5.19;0.061;0.158;1.10;203;0.006;2.981;0.29;4.95;12.50;8.00;10.30;0.48;0.37;278.00;268.80;26.90;32.80;;;;;;;;;;;;;;;;;;;;;;;;;;;;;;;;;;;;;;;;;;
2009-11-24 01:00:00;4.85;6.00;7.91;5.18;3.46;6.73;11.00;11.30;8.70;11.10;15.70;4.63;4.09;0.047;0.136;2.60;182;0.113;2.902;0.31;5.18;11.30;8.50;10.60;0.46;0.45;285.10;275.20;21.70;29.00;;;;;;;;;;;;;;;;;;;;;;;;;;;;;;;;;;;;;;;;;;
2009-11-24 01:30:00;4.56;5.72;7.14;4.89;3.28;6.43;10.70;10.40;8.60;9.30;17.30;4.20;4.05;0.053;0.129;1.50;185;0.138;3.049;0.30;4.79;11.70;8.10;10.40;0.47;0.38;283.60;270.60;21.90;31.00;;;;;;;;;;;;;;;;;;;;;;;;;;;;;;;;;;;;;;;;;;
2009-11-24 02:00:00;4.23;5.54;8.40;4.60;3.06;6.06;10.20;10.30;8.00;11.70;16.30;5.42;5.05;0.057;0.423;0.90;198;0.024;3.629;0.23;4.50;12.20;7.80;10.00;0.46;0.38;286.30;269.00;23.50;32.00;;;;;;;;;;;;;;;;;;;;;;;;;;;;;;;;;;;;;;;;;;
2009-11-24 02:30:00;4.40;5.54;7.22;4.70;3.12;6.19;10.60;11.20;8.20;9.80;16.30;4.49;4.04;0.050;0.122;1.40;194;0.084;3.094;0.37;4.65;12.10;8.00;10.20;0.46;0.36;288.20;269.80;24.80;32.90;;;;;;;;;;;;;;;;;;;;;;;;;;;;;;;;;;;;;;;;;;
2009-11-24 03:00:00;4.30;5.37;6.95;4.54;3.03;5.71;10.50;10.40;8.10;8.80;16.30;4.86;3.75;0.064;0.381;0.90;198;0.092;3.146;0.26;4.47;13.10;7.90;10.10;0.47;0.35;288.30;268.40;22.90;31.60;;;;;;;;;;;;;;;;;;;;;;;;;;;;;;;;;;;;;;;;;;
2009-11-24 03:30:00;4.62;5.83;8.16;5.01;3.30;6.91;10.60;10.60;8.30;10.00;16.20;4.26;4.20;0.052;0.237;0.90;191;0.189;3.152;0.31;4.86;12.70;8.30;10.50;0.47;0.43;288.70;273.30;21.40;29.70;;;;;;;;;;;;;;;;;;;;;;;;;;;;;;;;;;;;;;;;;;
2009-11-24 04:00:00;4.20;5.10;6.42;4.45;3.06;5.64;10.40;10.90;8.50;9.80;15.50;3.84;3.25;0.052;0.217;1.90;187;0.141;2.888;0.22;4.47;11.60;7.90;10.20;0.48;0.42;285.70;269.20;22.30;32.30;;;;;;;;;;;;;;;;;;;;;;;;;;;;;;;;;;;;;;;;;;
2009-11-24 04:30:00;4.10;5.15;6.17;4.40;2.91;5.68;10.20;10.60;8.00;12.90;14.80;3.63;3.91;0.056;0.152;2.80;200;0.017;3.020;0.20;4.41;12.30;7.80;10.00;0.47;0.37;291.40;272.10;21.10;31.40;;;;;;;;;;;;;;;;;;;;;;;;;;;;;;;;;;;;;;;;;;
2009-11-24 05:00:00;4.63;5.91;8.11;4.84;3.28;6.69;10.30;10.80;8.50;9.10;15.60;4.78;3.94;0.050;0.097;1.70;186;0.210;3.287;0.28;4.91;11.30;8.20;10.10;0.44;0.43;283.70;270.00;18.10;27.00;;;;;;;;;;;;;;;;;;;;;;;;;;;;;;;;;;;;;;;;;;
2009-11-24 05:30:00;4.22;5.39;7.05;4.59;2.96;5.85;10.50;10.70;7.80;10.80;15.40;3.93;3.92;0.070;0.625;0.90;203;0.077;3.112;0.41;4.57;11.30;8.00;10.10;0.46;0.46;283.70;270.40;23.80;30.70;;;;;;;;;;;;;;;;;;;;;;;;;;;;;;;;;;;;;;;;;;
2009-11-24 06:00:00;4.68;6.03;7.78;4.99;3.36;6.68;11.10;11.20;8.60;10.50;15.20;4.55;3.95;0.053;0.315;1.70;184;0.049;2.955;0.31;5.05;12.30;8.50;10.60;0.46;0.47;283.40;272.70;17.80;27.00;;;;;;;;;;;;;;;;;;;;;;;;;;;;;;;;;;;;;;;;;;
2009-11-24 06:30:00;4.31;5.53;10.42;4.66;3.15;5.90;10.50;10.50;8.40;10.70;16.00;5.48;4.94;0.057;0.168;1.20;190;0.141;3.430;0.26;4.69;12.20;8.10;10.10;0.45;0.41;286.40;269.30;19.60;29.70;;;;;;;;;;;;;;;;;;;;;;;;;;;;;;;;;;;;;;;;;;
2009-11-24 07:00:00;4.65;5.92;7.33;4.86;3.29;6.84;11.00;11.40;8.80;12.20;14.70;4.32;3.81;0.048;0.117;1.90;179;0.115;3.151;0.37;4.83;12.70;8.50;10.60;0.46;0.48;289.30;275.10;19.40;28.20;;;;;;;;;;;;;;;;;;;;;;;;;;;;;;;;;;;;;;;;;;
2009-11-24 07:30:00;4.34;5.28;6.94;4.64;3.06;5.67;10.40;10.40;8.00;10.20;14.90;3.49;3.45;0.055;0.152;1.10;200;0.106;2.785;0.22;4.67;11.80;8.20;10.20;0.45;0.46;286.40;275.40;19.20;27.20;;;;;;;;;;;;;;;;;;;;;;;;;;;;;;;;;;;;;;;;;;
2009-11-24 08:00:00;4.41;5.31;6.13;4.70;3.18;5.61;11.30;11.20;9.00;9.80;17.00;3.75;3.20;0.053;0.190;1.90;177;0.030;2.700;0.38;4.71;12.20;8.60;10.70;0.47;0.49;287.50;274.30;19.10;27.60;;;;;;;;;;;;;;;;;;;;;;;;;;;;;;;;;;;;;;;;;;
2009-11-24 08:30:00;4.47;5.48;6.85;4.72;3.20;5.85;10.70;10.90;8.60;9.80;16.40;4.03;3.25;0.053;0.208;1.30;185;0.037;2.812;0.32;4.74;12.20;8.30;10.40;0.47;0.49;286.90;274.50;19.00;27.10;;;;;;;;;;;;;;;;;;;;;;;;;;;;;;;;;;;;;;;;;;
2009-11-24 09:00:00;4.20;5.20;6.70;4.52;2.95;5.98;10.40;10.60;7.90;9.30;16.80;3.91;3.17;0.048;0.113;2.40;201;0.138;3.005;0.26;4.54;12.20;8.00;10.00;0.45;0.41;285.60;271.90;24.10;30.40;;;;;;;;;;;;;;;;;;;;;;;;;;;;;;;;;;;;;;;;;;
2009-11-24 09:30:00;4.40;5.50;7.15;4.61;3.16;6.06;10.50;10.50;8.50;10.70;16.50;4.00;3.62;0.055;0.230;1.00;188;0.051;2.891;0.30;4.69;11.80;8.20;10.20;0.45;0.48;281.50;272.70;19.40;28.20;;;;;;;;;;;;;;;;;;;;;;;;;;;;;;;;;;;;;;;;;;
2009-11-24 10:00:00;4.19;5.27;6.44;4.48;2.98;5.77;10.80;11.40;8.40;11.30;14.60;3.84;2.96;0.055;0.327;0.90;189;0.205;2.924;0.39;4.38;12.60;8.30;10.30;0.46;0.46;290.00;275.10;17.50;27.50;;;;;;;;;;;;;;;;;;;;;;;;;;;;;;;;;;;;;;;;;;
2009-11-24 10:30:00;3.83;4.57;5.72;4.15;2.77;4.96;10.10;10.90;8.10;10.40;14.10;3.03;3.24;0.056;0.205;1.70;197;0.087;2.728;0.30;4.17;11.70;7.60;9.80;0.47;0.42;283.90;269.70;24.10;31.50;;;;;;;;;;;;;;;;;;;;;;;;;;;;;;;;;;;;;;;;;;
2009-11-24 11:00:00;4.46;5.72;7.46;4.70;3.18;6.63;11.30;11.40;8.70;10.80;15.70;3.96;4.01;0.050;0.160;2.70;181;0.094;3.128;0.40;4.71;12.30;8.50;10.70;0.48;0.52;285.90;277.30;17.40;26.00;;;;;;;;;;;;;;;;;;;;;;;;;;;;;;;;;;;;;;;;;;
2009-11-24 11:30:00;4.11;5.16;7.16;4.34;2.90;5.69;10.20;10.40;8.10;10.70;15.00;3.84;3.56;0.060;0.471;1.30;196;0.094;3.161;0.43;4.34;11.00;7.90;10.00;0.46;0.49;284.30;274.00;20.20;28.70;;;;;;;;;;;;;;;;;;;;;;;;;;;;;;;;;;;;;;;;;;
2009-11-24 12:00:00;4.21;5.18;7.36;4.50;2.97;5.68;10.50;10.50;8.00;9.50;15.00;3.83;3.73;0.060;0.289;1.10;198;0.077;2.964;0.40;4.52;12.10;8.10;10.10;0.47;0.49;286.90;274.20;19.30;28.20;;;;;;;;;;;;;;;;;;;;;;;;;;;;;;;;;;;;;;;;;;
2009-11-24 12:30:00;4.31;5.24;6.13;4.51;3.04;5.72;10.60;10.60;8.20;11.50;16.70;3.28;3.18;0.054;0.137;3.40;193;0.041;2.817;0.33;4.40;12.20;8.00;10.10;0.47;0.47;289.80;272.00;19.40;29.10;;;;;;;;;;;;;;;;;;;;;;;;;;;;;;;;;;;;;;;;;;
2009-11-24 13:00:00;4.13;5.12;6.27;4.40;2.91;5.56;10.60;10.70;8.10;10.20;14.50;3.27;3.17;0.057;0.166;1.70;197;0.014;2.919;0.29;4.34;12.20;7.90;10.00;0.47;0.45;290.10;273.00;22.30;29.70;;;;;;;;;;;;;;;;;;;;;;;;;;;;;;;;;;;;;;;;;;
2009-11-24 13:30:00;4.34;5.37;6.59;4.60;3.14;5.95;10.50;10.30;8.40;11.00;15.00;3.45;3.61;0.053;0.218;1.00;189;0.049;2.797;0.32;4.54;12.20;8.00;10.00;0.46;0.42;287.30;269.60;21.90;29.90;;;;;;;;;;;;;;;;;;;;;;;;;;;;;;;;;;;;;;;;;;
2009-11-24 14:00:00;4.00;4.80;7.56;4.32;2.88;4.87;10.50;11.10;8.10;11.20;15.10;4.68;2.90;0.055;0.317;0.90;196;0.174;3.024;0.33;4.32;12.70;7.80;10.10;0.48;0.38;291.20;271.60;21.30;29.60;;;;;;;;;;;;;;;;;;;;;;;;;;;;;;;;;;;;;;;;;;
2009-11-24 14:30:00;3.87;4.83;6.26;4.29;2.80;5.36;10.30;10.60;7.80;11.10;14.60;3.55;4.02;0.054;0.122;4.10;205;0.074;2.864;0.34;4.19;12.70;7.70;9.90;0.48;0.35;289.50;269.10;24.60;31.70;;;;;;;;;;;;;;;;;;;;;;;;;;;;;;;;;;;;;;;;;;
2009-11-24 15:00:00;4.11;5.18;8.74;4.34;2.92;6.02;10.60;11.00;8.30;11.60;14.70;4.31;4.43;0.052;0.156;1.90;193;0.084;3.228;0.37;4.26;12.20;7.90;10.20;0.48;0.41;287.70;271.50;19.70;29.90;;;;;;;;;;;;;;;;;;;;;;;;;;;;;;;;;;;;;;;;;;
2009-11-24 15:30:00;3.87;4.89;6.17;4.18;2.74;5.65;10.10;10.60;7.60;12.20;14.80;3.82;4.02;0.063;0.513;1.10;208;0.057;3.083;0.27;3.98;12.10;7.60;9.80;0.49;0.43;291.60;272.30;22.60;32.00;;;;;;;;;;;;;;;;;;;;;;;;;;;;;;;;;;;;;;;;;;
2009-11-24 16:00:00;3.92;4.95;6.04;4.17;2.75;5.43;10.00;10.50;7.40;10.50;15.10;3.44;3.47;0.060;0.277;1.30;217;0.014;3.110;0.39;4.14;12.10;7.60;9.80;0.48;0.41;290.20;267.70;23.10;32.00;;;;;;;;;;;;;;;;;;;;;;;;;;;;;;;;;;;;;;;;;;
2009-11-24 16:30:00;4.57;5.75;7.75;4.79;3.24;6.66;10.40;10.30;8.40;11.80;14.40;4.76;3.97;0.056;0.114;3.50;190;-0.039;3.068;0.43;4.59;12.10;8.00;10.10;0.47;0.46;288.90;271.90;22.80;28.60;;;;;;;;;;;;;;;;;;;;;;;;;;;;;;;;;;;;;;;;;;
2009-11-24 17:00:00;4.07;5.03;6.77;4.31;2.91;5.35;10.10;10.20;7.80;8.40;15.60;3.71;3.37;0.062;0.181;1.90;205;0.140;3.023;0.26;4.28;11.80;7.50;9.60;0.47;0.40;286.20;265.20;20.40;30.60;;;;;;;;;;;;;;;;;;;;;;;;;;;;;;;;;;;;;;;;;;
2009-11-24 17:30:00;3.65;4.46;5.23;3.95;2.59;4.93;9.00;9.50;7.10;9.40;13.40;3.40;3.17;0.062;0.274;1.10;226;0.060;2.910;0.22;3.96;10.60;7.00;8.90;0.45;0.32;288.50;259.00;25.90;35.00;;;;;;;;;;;;;;;;;;;;;;;;;;;;;;;;;;;;;;;;;;
2009-11-24 18:00:00;4.46;5.64;7.68;4.78;3.16;6.45;10.30;10.70;7.90;9.80;14.50;4.55;3.89;0.062;0.232;1.20;201;0.175;2.986;0.31;4.60;12.10;7.60;9.90;0.48;0.42;285.30;267.00;22.60;29.90;;;;;;;;;;;;;;;;;;;;;;;;;;;;;;;;;;;;;;;;;;
2009-11-24 18:30:00;4.86;6.11;7.70;5.04;3.46;6.71;10.30;10.50;8.40;11.10;14.30;4.41;4.42;0.060;0.202;1.60;190;0.127;3.081;0.28;5.00;12.20;7.90;10.00;0.46;0.41;285.00;266.40;18.20;27.90;;;;;;;;;;;;;;;;;;;;;;;;;;;;;;;;;;;;;;;;;;
2009-11-24 19:00:00;4.56;5.76;7.31;4.85;3.25;6.41;10.00;10.10;8.00;10.50;14.60;4.09;3.77;0.066;0.328;1.10;198;0.112;3.044;0.24;4.72;12.70;7.80;9.90;0.46;0.34;285.30;263.90;19.40;29.60;;;;;;;;;;;;;;;;;;;;;;;;;;;;;;;;;;;;;;;;;;
2009-11-24 19:30:00;4.82;5.87;6.84;5.13;3.41;6.73;10.40;10.30;7.90;9.30;15.30;3.96;3.82;0.066;0.292;2.50;200;0.053;2.840;0.29;5.04;11.80;7.80;9.80;0.44;0.37;286.80;264.50;20.30;28.70;;;;;;;;;;;;;;;;;;;;;;;;;;;;;;;;;;;;;;;;;;
2009-11-24 20:00:00;4.80;5.97;7.58;5.04;3.39;6.38;9.90;10.00;7.90;10.70;15.80;4.09;3.69;0.064;0.356;1.20;201;0.126;2.986;0.22;5.17;11.70;7.90;9.80;0.44;0.39;284.70;264.80;19.30;29.00;;;;;;;;;;;;;;;;;;;;;;;;;;;;;;;;;;;;;;;;;;
2009-11-24 20:30:00;4.46;5.49;8.51;4.74;3.18;6.17;9.90;10.10;7.80;8.10;14.10;5.11;3.87;0.070;0.251;1.00;203;0.042;3.082;0.21;4.69;12.10;7.60;9.70;0.47;0.43;288.60;265.10;23.50;31.90;;;;;;;;;;;;;;;;;;;;;;;;;;;;;;;;;;;;;;;;;;
2009-11-24 21:00:00;4.80;5.84;7.16;5.08;3.48;6.24;9.70;10.40;8.30;8.90;16.00;4.03;3.59;0.062;0.320;1.00;192;0.138;2.843;0.21;5.08;12.20;7.80;9.60;0.43;0.37;281.10;258.20;23.60;32.60;;;;;;;;;;;;;;;;;;;;;;;;;;;;;;;;;;;;;;;;;;
2009-11-24 21:30:00;4.98;6.41;8.05;5.34;3.58;7.30;10.00;10.30;8.10;10.30;15.30;4.29;3.85;0.058;0.132;1.70;196;0.023;3.021;0.31;5.22;12.20;7.80;9.70;0.43;0.32;283.50;256.50;20.90;31.00;;;;;;;;;;;;;;;;;;;;;;;;;;;;;;;;;;;;;;;;;;
2009-11-24 22:00:00;4.99;6.56;8.42;5.28;3.50;7.56;9.70;10.20;7.80;10.30;15.60;4.25;4.42;0.059;0.213;1.90;205;0.094;3.287;0.40;5.12;11.00;7.70;9.50;0.43;0.39;282.50;258.70;24.70;33.10;;;;;;;;;;;;;;;;;;;;;;;;;;;;;;;;;;;;;;;;;;
2009-11-24 22:30:00;4.99;6.07;7.00;5.31;3.61;6.48;10.10;9.80;8.20;11.50;16.50;4.37;4.30;0.060;0.175;1.10;194;0.166;2.826;0.19;5.28;12.20;7.70;9.50;0.42;0.28;282.30;252.50;23.50;31.50;;;;;;;;;;;;;;;;;;;;;;;;;;;;;;;;;;;;;;;;;;
2009-11-24 23:00:00;5.23;6.61;8.69;5.71;3.77;7.75;10.40;10.10;8.10;10.30;14.30;4.48;4.50;0.067;0.282;1.10;195;0.024;2.914;0.27;5.60;12.10;7.90;9.80;0.44;0.38;278.60;253.60;20.70;31.50;;;;;;;;;;;;;;;;;;;;;;;;;;;;;;;;;;;;;;;;;;
2009-11-24 23:30:00;5.63;6.99;8.63;6.09;4.03;7.44;9.90;9.90;8.00;10.10;15.20;4.55;4.52;0.063;0.172;1.70;199;-0.006;2.779;0.29;6.09;10.40;8.20;9.90;0.41;0.34;284.10;256.80;23.60;31.30;;;;;;;;;;;;;;;;;;;;;;;;;;;;;;;;;;;;;;;;;;
2009-11-25 00:00:00;5.67;6.85;7.93;5.98;4.14;7.34;10.60;10.00;8.90;9.40;15.50;4.41;4.69;0.054;0.124;3.40;179;0.019;2.731;0.23;6.00;11.70;8.30;10.10;0.42;0.40;282.40;261.20;21.20;29.40;;;;;;;;;;;;;;;;;;;;;;;;;;;;;;;;;;;;;;;;;;
2009-11-25 00:30:00;5.96;7.25;9.06;6.28;4.31;7.84;10.80;10.50;9.10;11.40;15.10;5.26;4.67;0.053;0.117;2.10;175;-0.006;2.744;0.34;6.31;11.80;8.70;10.60;0.44;0.47;283.50;261.30;20.50;29.30;;;;;;;;;;;;;;;;;;;;;;;;;;;;;;;;;;;;;;;;;;
2009-11-25 01:00:00;5.93;7.47;9.75;6.23;4.22;8.84;10.80;10.90;8.70;10.30;16.90;5.09;5.23;0.060;0.193;3.30;184;0.028;3.019;0.19;6.25;12.30;8.60;10.60;0.44;0.41;288.20;264.10;19.80;31.70;;;;;;;;;;;;;;;;;;;;;;;;;;;;;;;;;;;;;;;;;;
2009-11-25 01:30:00;6.39;7.79;10.48;6.79;4.55;8.12;10.90;11.40;8.80;9.50;16.20;5.78;5.33;0.069;0.207;1.70;177;0.099;2.880;0.26;6.75;12.20;8.70;10.60;0.43;0.44;280.90;258.10;20.00;30.80;;;;;;;;;;;;;;;;;;;;;;;;;;;;;;;;;;;;;;;;;;
2009-11-25 02:00:00;6.03;7.51;9.83;6.42;4.31;8.77;10.40;10.80;8.70;12.40;16.30;5.30;5.42;0.062;0.264;1.20;183;0.074;2.934;0.28;6.36;10.90;8.40;10.30;0.43;0.43;282.10;253.40;23.40;33.40;;;;;;;;;;;;;;;;;;;;;;;;;;;;;;;;;;;;;;;;;;
2009-11-25 02:30:00;6.79;8.66;11.46;7.10;4.76;10.38;11.40;11.60;9.20;11.10;15.80;6.83;6.79;0.059;0.113;2.60;173;0.098;3.354;0.39;7.41;13.10;9.30;11.30;0.43;0.45;274.50;259.20;16.10;28.00;;;;;;;;;;;;;;;;;;;;;;;;;;;;;;;;;;;;;;;;;;
2009-11-25 03:00:00;6.75;8.17;11.36;7.24;4.88;9.49;11.70;11.40;9.70;13.20;16.80;6.87;5.70;0.059;0.184;2.00;163;0.080;2.874;0.42;7.43;12.80;9.50;11.40;0.42;0.48;277.40;261.50;16.50;26.20;;;;;;;;;;;;;;;;;;;;;;;;;;;;;;;;;;;;;;;;;;
2009-11-25 03:30:00;6.77;8.42;10.92;7.12;4.97;9.43;11.40;11.70;10.30;11.60;16.20;6.80;5.13;0.054;0.128;1.90;155;0.146;2.859;0.31;7.05;12.70;9.40;11.30;0.42;0.50;279.80;264.60;16.50;27.20;;;;;;;;;;;;;;;;;;;;;;;;;;;;;;;;;;;;;;;;;;
2009-11-25 04:00:00;6.15;7.30;8.44;6.52;4.46;8.37;11.30;11.70;9.40;11.50;16.50;4.80;4.46;0.062;0.435;1.10;170;0.122;2.616;0.32;6.45;12.60;9.00;11.00;0.44;0.48;275.60;257.90;22.30;30.10;;;;;;;;;;;;;;;;;;;;;;;;;;;;;;;;;;;;;;;;;;
2009-11-25 04:30:00;6.21;7.45;9.13;6.45;4.48;8.26;11.30;11.00;9.70;11.40;17.50;4.69;4.47;0.054;0.126;4.10;164;0.000;2.763;0.34;6.34;13.00;9.10;11.10;0.43;0.45;276.30;258.90;21.30;30.20;;;;;;;;;;;;;;;;;;;;;;;;;;;;;;;;;;;;;;;;;;
2009-11-25 05:00:00;5.87;7.31;10.47;6.15;4.14;8.02;11.70;11.40;9.20;12.20;17.40;5.69;5.33;0.051;0.130;4.80;173;-0.004;3.037;0.44;6.22;13.10;9.10;11.30;0.46;0.52;274.20;259.90;20.80;30.20;;;;;;;;;;;;;;;;;;;;;;;;;;;;;;;;;;;;;;;;;;
2009-11-25 05:30:00;5.82;7.11;10.77;6.14;4.17;7.79;11.60;12.00;9.70;10.80;16.60;7.14;4.59;0.055;0.251;1.50;165;0.137;3.237;0.39;5.97;12.20;9.20;11.10;0.44;0.52;269.90;258.40;21.50;29.40;;;;;;;;;;;;;;;;;;;;;;;;;;;;;;;;;;;;;;;;;;
2009-11-25 06:00:00;5.88;7.46;9.81;6.22;4.16;8.65;11.70;12.00;9.10;11.10;16.60;4.94;4.88;0.054;0.132;2.30;174;-0.050;3.043;0.48;6.11;12.30;9.20;11.20;0.44;0.52;271.80;260.10;20.70;30.50;;;;;;;;;;;;;;;;;;;;;;;;;;;;;;;;;;;;;;;;;;
2009-11-25 06:30:00;4.73;5.92;7.90;5.01;3.33;6.99;11.20;11.10;8.40;11.20;16.10;4.75;3.82;0.058;0.133;1.80;188;0.044;3.084;0.39;5.10;12.20;8.40;10.60;0.47;0.46;267.10;254.90;22.60;32.20;;;;;;;;;;;;;;;;;;;;;;;;;;;;;;;;;;;;;;;;;;
2009-11-25 07:00:00;5.33;6.82;9.40;5.68;3.82;8.65;11.40;11.50;9.10;11.60;18.20;4.90;4.95;0.047;0.122;3.40;173;0.004;3.123;0.45;5.65;12.70;8.90;11.00;0.45;0.45;270.80;257.90;17.60;29.90;;;;;;;;;;;;;;;;;;;;;;;;;;;;;;;;;;;;;;;;;;
2009-11-25 07:30:00;4.93;6.15;7.88;5.27;3.52;6.89;10.90;11.20;8.70;11.90;16.30;3.79;4.42;0.056;0.177;2.50;181;0.090;2.908;0.35;5.19;12.60;8.50;10.70;0.47;0.45;271.30;258.20;21.70;32.50;;;;;;;;;;;;;;;;;;;;;;;;;;;;;;;;;;;;;;;;;;
2009-11-25 08:00:00;5.25;6.52;8.51;5.55;3.77;7.32;10.90;11.50;9.10;10.90;16.70;4.42;4.45;0.047;0.100;3.50;175;0.043;2.820;0.33;5.48;11.80;8.60;10.50;0.44;0.47;270.60;256.60;23.70;31.90;;;;;;;;;;;;;;;;;;;;;;;;;;;;;;;;;;;;;;;;;;
2009-11-25 08:30:00;4.91;6.09;9.06;5.27;3.48;6.81;10.80;11.30;8.50;11.00;17.40;4.26;4.89;0.061;0.388;0.90;186;0.067;2.951;0.34;5.10;12.20;8.40;10.50;0.46;0.49;266.00;257.90;23.70;32.30;;;;;;;;;;;;;;;;;;;;;;;;;;;;;;;;;;;;;;;;;;
2009-11-25 09:00:00;4.99;6.10;8.76;5.31;3.58;7.05;11.00;10.90;8.80;11.30;14.40;4.71;4.05;0.054;0.192;1.90;181;0.110;2.938;0.28;5.17;12.60;8.40;10.60;0.47;0.44;266.50;256.00;21.60;32.80;;;;;;;;;;;;;;;;;;;;;;;;;;;;;;;;;;;;;;;;;;
2009-11-25 09:30:00;5.01;6.12;7.40;5.20;3.49;6.45;11.40;11.50;8.60;11.30;15.70;4.18;3.88;0.052;0.153;1.90;186;0.069;2.979;0.55;5.13;12.20;8.30;10.50;0.47;0.48;269.80;260.90;20.30;30.80;;;;;;;;;;;;;;;;;;;;;;;;;;;;;;;;;;;;;;;;;;
2009-11-25 10:00:00;4.25;5.39;8.14;4.63;3.04;5.79;10.50;10.80;7.90;9.90;14.90;4.36;3.78;0.064;0.429;0.90;199;0.111;2.998;0.20;4.51;12.20;7.80;10.10;0.48;0.41;265.80;258.80;29.60;36.30;;;;;;;;;;;;;;;;;;;;;;;;;;;;;;;;;;;;;;;;;;
2009-11-25 10:30:00;4.98;5.80;8.48;5.25;3.52;6.14;10.30;10.60;8.30;10.30;14.80;5.29;4.31;0.064;0.467;1.10;192;0.077;2.926;0.32;5.30;12.20;8.20;10.20;0.44;0.41;271.10;259.80;21.80;29.90;;;;;;;;;;;;;;;;;;;;;;;;;;;;;;;;;;;;;;;;;;
2009-11-25 11:00:00;4.85;6.21;7.05;5.09;3.49;6.68;10.60;10.90;8.70;10.80;15.10;4.20;4.13;0.058;0.309;1.70;184;0.166;3.041;0.32;5.20;12.30;8.20;10.50;0.47;0.42;268.60;261.70;22.90;32.40;;;;;;;;;;;;;;;;;;;;;;;;;;;;;;;;;;;;;;;;;;
2009-11-25 11:30:00;4.43;5.63;6.88;4.76;3.17;6.23;10.10;11.30;8.30;11.40;15.40;3.97;3.94;0.055;0.234;1.90;191;0.041;2.969;0.36;4.81;12.20;8.20;10.40;0.47;0.46;266.20;259.90;22.10;32.00;;;;;;;;;;;;;;;;;;;;;;;;;;;;;;;;;;;;;;;;;;
2009-11-25 12:00:00;4.43;5.63;9.04;4.72;3.15;6.10;9.80;10.70;7.80;10.20;14.00;5.25;4.79;0.061;0.342;1.10;205;0.054;3.443;0.28;4.72;11.30;7.90;9.90;0.44;0.36;270.40;259.20;24.60;33.90;;;;;;;;;;;;;;;;;;;;;;;;;;;;;;;;;;;;;;;;;;
2009-11-25 12:30:00;4.50;5.72;6.97;4.69;3.12;6.52;10.30;10.80;7.80;11.20;14.90;4.29;3.59;0.067;0.415;1.00;205;0.188;3.273;0.20;4.65;13.00;7.90;10.20;0.48;0.36;267.60;259.10;19.40;31.30;;;;;;;;;;;;;;;;;;;;;;;;;;;;;;;;;;;;;;;;;;
2009-11-25 13:00:00;4.35;5.52;6.76;4.58;3.10;6.20;10.00;10.30;8.10;9.70;14.40;3.79;3.52;0.053;0.115;3.20;196;0.165;2.979;0.29;4.60;11.80;7.90;10.00;0.46;0.40;265.00;258.60;23.30;32.10;;;;;;;;;;;;;;;;;;;;;;;;;;;;;;;;;;;;;;;;;;
2009-11-25 13:30:00;4.16;5.31;7.36;4.35;2.91;6.11;10.10;10.60;8.00;12.10;14.60;4.51;3.49;0.060;0.586;1.00;200;0.089;3.303;0.38;4.27;11.70;7.80;9.80;0.46;0.41;269.60;262.50;26.40;33.60;;;;;;;;;;;;;;;;;;;;;;;;;;;;;;;;;;;;;;;;;;
2009-11-25 14:00:00;4.19;4.89;7.16;4.50;3.03;5.21;10.10;10.10;8.10;9.80;14.10;3.99;3.46;0.053;0.159;1.30;195;0.007;2.701;0.25;4.53;11.70;7.70;9.70;0.46;0.43;268.70;259.00;26.70;33.50;;;;;;;;;;;;;;;;;;;;;;;;;;;;;;;;;;;;;;;;;;
2009-11-25 14:30:00;4.67;5.79;7.76;4.93;3.26;6.57;10.40;10.70;8.00;11.10;14.80;3.82;3.94;0.059;0.215;1.00;198;0.164;2.985;0.33;4.88;11.80;7.90;10.00;0.47;0.46;269.30;261.80;22.20;30.30;;;;;;;;;;;;;;;;;;;;;;;;;;;;;;;;;;;;;;;;;;
2009-11-25 15:00:00;4.34;5.36;7.38;4.62;3.04;6.20;10.20;10.10;7.80;9.80;15.10;4.18;3.53;0.058;0.144;2.40;203;0.161;3.006;0.46;4.66;11.00;7.90;9.90;0.45;0.43;259.60;262.70;26.40;31.80;;;;;;;;;;;;;;;;;;;;;;;;;;;;;;;;;;;;;;;;;;
2009-11-25 15:30:00;4.52;5.59;7.58;4.88;3.27;6.02;10.10;9.80;8.20;9.00;14.00;3.72;3.91;0.054;0.262;1.00;193;0.026;2.775;0.23;4.74;10.80;7.80;9.70;0.44;0.39;264.70;262.20;27.40;31.60;;;;;;;;;;;;;;;;;;;;;;;;;;;;;;;;;;;;;;;;;;
2009-11-25 16:00:00;4.74;5.70;6.51;5.04;3.41;5.98;10.50;10.30;8.40;11.40;15.80;3.79;3.26;0.057;0.228;2.00;191;0.100;2.756;0.23;5.10;12.20;8.10;10.10;0.44;0.40;275.80;264.10;25.00;31.80;;;;;;;;;;;;;;;;;;;;;;;;;;;;;;;;;;;;;;;;;;
2009-11-25 16:30:00;4.72;5.64;7.18;5.13;3.39;6.26;10.70;11.00;8.30;11.20;13.80;4.25;4.01;0.051;0.195;0.90;184;0.095;2.773;0.37;5.13;11.40;8.20;10.10;0.44;0.47;270.80;264.00;20.60;29.30;;;;;;;;;;;;;;;;;;;;;;;;;;;;;;;;;;;;;;;;;;
2009-11-25 17:00:00;4.66;5.77;6.92;4.90;3.23;6.57;10.30;10.70;8.00;11.20;15.50;4.14;3.68;0.059;0.354;0.90;192;0.048;3.030;0.43;999.999;999.999;999.999;999.999;999.999;999.999;999.999;999.999;999.999;999.999;;;;;;;;;;;;;;;;;;;;;;;;;;;;;;;;;;;;;;;;;;
2009-11-25 17:30:00;4.69;5.65;7.60;4.98;3.40;6.08;10.00;10.10;8.50;8.80;14.70;4.01;4.16;0.057;0.243;1.60;187;0.010;2.743;0.31;4.93;11.30;8.00;9.90;0.44;0.39;276.30;263.90;22.90;31.80;;;;;;;;;;;;;;;;;;;;;;;;;;;;;;;;;;;;;;;;;;
2009-11-25 18:00:00;4.69;5.64;7.24;4.98;3.31;6.01;10.70;11.20;8.50;13.00;15.20;4.12;3.47;0.051;0.137;1.90;188;0.082;2.770;0.36;5.04;12.70;8.40;10.60;0.46;0.45;274.50;264.70;18.80;28.80;;;;;;;;;;;;;;;;;;;;;;;;;;;;;;;;;;;;;;;;;;
2009-11-25 18:30:00;4.69;5.52;7.16;5.04;3.37;6.48;10.60;11.00;8.30;10.10;15.90;4.22;3.55;0.059;0.240;1.10;191;0.063;2.796;0.32;5.02;12.20;8.30;10.30;0.45;0.44;274.00;266.00;20.60;28.80;;;;;;;;;;;;;;;;;;;;;;;;;;;;;;;;;;;;;;;;;;
2009-11-25 19:00:00;5.17;6.25;7.89;5.45;3.77;7.24;10.70;10.70;9.10;10.80;16.00;5.08;3.79;0.047;0.104;3.00;175;0.085;2.941;0.27;5.44;12.20;8.40;10.40;0.44;0.45;277.00;269.80;20.70;28.20;;;;;;;;;;;;;;;;;;;;;;;;;;;;;;;;;;;;;;;;;;
2009-11-25 19:30:00;5.18;6.57;9.85;5.56;3.70;7.35;10.90;11.40;8.40;12.00;15.10;5.36;4.49;0.056;0.150;3.50;189;0.075;3.007;0.36;5.56;12.10;8.50;10.60;0.45;0.50;275.00;268.50;21.40;28.70;;;;;;;;;;;;;;;;;;;;;;;;;;;;;;;;;;;;;;;;;;
2009-11-25 20:00:00;5.11;6.16;7.97;5.41;3.64;6.99;10.90;11.00;8.70;9.60;17.10;4.30;4.38;0.067;0.426;1.00;183;0.082;2.824;0.30;5.36;12.70;8.50;10.60;0.46;0.44;280.60;270.40;22.40;28.90;;;;;;;;;;;;;;;;;;;;;;;;;;;;;;;;;;;;;;;;;;
2009-11-25 20:30:00;5.10;6.36;8.44;5.39;3.60;7.15;11.30;11.70;8.70;11.60;15.10;4.45;4.98;0.057;0.243;1.70;184;0.106;2.901;0.49;5.39;12.20;8.50;10.60;0.47;0.52;278.20;271.00;18.90;26.80;;;;;;;;;;;;;;;;;;;;;;;;;;;;;;;;;;;;;;;;;;
2009-11-25 21:00:00;5.02;6.41;8.91;5.31;3.59;7.42;10.60;10.90;8.60;11.50;16.50;5.56;4.84;0.058;0.265;1.00;185;-0.008;3.206;0.31;5.32;11.70;8.40;10.40;0.46;0.49;279.30;271.00;22.80;28.70;;;;;;;;;;;;;;;;;;;;;;;;;;;;;;;;;;;;;;;;;;
2009-11-25 21:30:00;4.89;6.05;7.88;5.28;3.39;6.77;11.00;11.60;8.20;11.10;14.40;3.99;4.61;0.061;0.388;1.20;195;-0.012;2.981;0.39;5.17;12.20;8.40;10.50;0.47;0.48;280.40;272.00;24.10;30.80;;;;;;;;;;;;;;;;;;;;;;;;;;;;;;;;;;;;;;;;;;
2009-11-25 22:00:00;5.01;6.05;7.39;5.35;3.58;6.75;10.90;11.40;8.50;9.40;17.20;3.99;4.14;0.063;0.369;1.40;187;-0.013;2.894;0.25;5.46;12.30;8.30;10.50;0.46;0.41;281.60;271.50;22.10;29.10;;;;;;;;;;;;;;;;;;;;;;;;;;;;;;;;;;;;;;;;;;
2009-11-25 22:30:00;5.19;6.41;8.69;5.46;3.68;7.14;11.10;11.00;8.70;9.30;15.30;4.82;4.68;0.054;0.176;1.90;182;0.070;2.981;0.33;5.37;12.20;8.50;10.70;0.46;0.48;277.90;270.40;21.60;29.20;;;;;;;;;;;;;;;;;;;;;;;;;;;;;;;;;;;;;;;;;;
2009-11-25 23:00:00;4.60;5.41;6.79;4.95;3.33;5.72;10.80;11.10;8.50;11.30;15.00;3.61;4.05;0.057;0.224;1.70;187;0.043;2.664;0.39;4.93;12.70;8.10;10.30;0.48;0.44;281.30;270.20;22.50;30.70;;;;;;;;;;;;;;;;;;;;;;;;;;;;;;;;;;;;;;;;;;
2009-11-25 23:30:00;5.11;6.20;7.10;5.38;3.63;6.74;11.40;11.50;8.80;12.60;16.60;4.59;4.30;0.052;0.163;1.70;182;0.068;2.952;0.33;5.32;12.70;8.50;10.80;0.47;0.46;285.50;272.90;19.00;27.70;;;;;;;;;;;;;;;;;;;;;;;;;;;;;;;;;;;;;;;;;;
2009-11-26 00:00:00;4.81;5.95;8.10;5.13;3.41;6.29;11.00;11.50;8.50;11.70;15.70;4.44;3.96;0.060;0.384;1.20;187;0.169;2.874;0.47;5.17;12.80;8.40;11.00;0.50;0.48;282.60;273.50;19.30;28.20;;;;;;;;;;;;;;;;;;;;;;;;;;;;;;;;;;;;;;;;;;
2009-11-26 00:30:00;4.36;5.46;8.36;4.82;3.19;5.59;10.20;10.80;8.20;10.80;15.70;4.00;4.36;0.063;0.206;1.60;194;0.056;2.762;0.14;4.85;13.10;8.00;10.40;0.49;0.43;285.30;272.50;22.40;31.20;;;;;;;;;;;;;;;;;;;;;;;;;;;;;;;;;;;;;;;;;;
2009-11-26 01:00:00;5.10;6.08;7.50;5.40;3.65;6.58;11.40;11.00;8.90;12.60;15.60;4.96;4.00;0.061;0.428;1.10;179;0.105;2.881;0.35;5.39;12.70;8.30;10.60;0.47;0.42;279.40;271.20;23.90;29.50;;;;;;;;;;;;;;;;;;;;;;;;;;;;;;;;;;;;;;;;;;
2009-11-26 01:30:00;4.67;5.72;7.40;4.99;3.31;6.49;11.20;11.50;8.40;11.30;15.40;4.16;3.66;0.067;0.293;0.90;189;0.078;2.867;0.30;5.03;13.00;8.40;10.90;0.50;0.46;280.70;272.30;23.50;29.70;;;;;;;;;;;;;;;;;;;;;;;;;;;;;;;;;;;;;;;;;;
2009-11-26 02:00:00;4.96;5.98;7.12;5.27;3.49;6.39;10.50;11.00;8.30;9.90;15.80;4.28;4.04;0.056;0.200;1.60;188;0.098;2.684;0.32;5.12;13.10;8.20;10.40;0.47;0.39;279.20;270.20;22.80;28.50;;;;;;;;;;;;;;;;;;;;;;;;;;;;;;;;;;;;;;;;;;
2009-11-26 02:30:00;4.66;5.71;7.31;4.95;3.33;6.39;10.90;11.20;8.60;10.00;16.40;3.77;3.80;0.066;0.397;1.00;186;0.003;2.938;0.29;4.91;12.70;8.10;10.50;0.49;0.39;279.00;269.20;20.80;29.20;;;;;;;;;;;;;;;;;;;;;;;;;;;;;;;;;;;;;;;;;;
2009-11-26 03:00:00;4.53;5.80;7.76;4.88;3.15;6.32;10.20;11.10;7.80;9.90;16.30;4.35;4.12;0.074;0.502;1.00;205;0.152;3.192;0.36;4.73;12.20;8.00;10.20;0.47;0.40;276.40;267.70;26.10;31.60;;;;;;;;;;;;;;;;;;;;;;;;;;;;;;;;;;;;;;;;;;
2009-11-26 03:30:00;4.68;5.68;7.12;5.05;3.34;6.29;10.80;10.70;8.50;11.50;16.20;4.35;3.64;0.056;0.146;2.20;186;0.065;2.684;0.27;5.07;12.70;8.40;10.60;0.46;0.43;280.70;272.60;18.80;28.20;;;;;;;;;;;;;;;;;;;;;;;;;;;;;;;;;;;;;;;;;;
2009-11-26 04:00:00;4.60;5.54;7.60;4.91;3.36;6.27;10.20;10.30;8.40;9.60;15.20;4.11;3.82;0.058;0.385;0.90;189;0.040;2.712;0.14;4.93;12.50;8.00;10.10;0.45;0.37;276.20;267.20;23.30;29.30;;;;;;;;;;;;;;;;;;;;;;;;;;;;;;;;;;;;;;;;;;
2009-11-26 04:30:00;4.51;5.57;7.11;4.76;3.15;6.15;10.50;10.60;8.20;13.70;15.70;4.81;3.69;0.050;0.099;2.90;191;0.209;3.126;0.21;4.76;13.10;8.10;10.40;0.49;0.37;273.30;265.90;18.30;28.50;;;;;;;;;;;;;;;;;;;;;;;;;;;;;;;;;;;;;;;;;;
2009-11-26 05:00:00;4.23;5.22;7.28;4.51;3.01;5.64;10.50;11.40;8.30;10.10;16.10;3.94;4.21;0.054;0.194;0.90;191;0.147;2.987;0.17;4.46;13.20;8.10;10.60;0.50;0.40;276.80;267.40;20.30;29.20;;;;;;;;;;;;;;;;;;;;;;;;;;;;;;;;;;;;;;;;;;
2009-11-26 05:30:00;4.76;5.75;6.88;5.16;3.39;6.27;10.60;11.10;8.20;9.60;14.70;4.07;3.95;0.058;0.329;1.70;194;0.075;2.821;0.33;5.12;12.60;8.10;10.20;0.46;0.37;278.40;267.00;22.80;28.50;;;;;;;;;;;;;;;;;;;;;;;;;;;;;;;;;;;;;;;;;;
2009-11-26 06:00:00;5.18;6.37;8.21;5.48;3.74;7.47;11.50;11.90;9.30;12.40;15.90;4.21;5.31;0.050;0.152;1.00;170;-0.022;3.046;0.45;5.33;12.70;8.40;10.70;0.47;0.43;280.20;271.80;18.80;27.50;;;;;;;;;;;;;;;;;;;;;;;;;;;;;;;;;;;;;;;;;;
2009-11-26 06:30:00;5.09;6.18;7.16;5.44;3.62;6.75;11.40;11.80;8.70;11.00;15.70;4.56;3.94;0.057;0.380;1.00;183;0.106;2.759;0.34;5.42;12.80;8.40;10.80;0.48;0.40;275.60;267.20;17.20;26.80;;;;;;;;;;;;;;;;;;;;;;;;;;;;;;;;;;;;;;;;;;
2009-11-26 07:00:00;4.87;6.17;7.79;5.15;3.44;6.80;11.20;11.40;8.40;10.70;15.80;4.57;3.77;0.060;0.188;2.50;189;0.105;2.971;0.41;5.11;12.10;8.20;10.50;0.48;0.44;276.40;269.60;20.60;28.70;;;;;;;;;;;;;;;;;;;;;;;;;;;;;;;;;;;;;;;;;;
2009-11-26 07:30:00;4.81;5.95;8.49;5.07;3.52;6.59;10.90;10.80;9.10;10.50;16.60;4.20;4.29;0.060;0.228;1.20;174;0.071;2.849;0.12;5.10;13.10;8.30;10.60;0.48;0.40;280.30;270.50;21.00;28.70;;;;;;;;;;;;;;;;;;;;;;;;;;;;;;;;;;;;;;;;;;
2009-11-26 08:00:00;5.00;6.04;7.26;5.25;3.53;6.64;11.70;11.60;8.80;10.20;16.70;4.22;3.72;0.061;0.200;0.90;180;0.050;2.826;0.32;5.27;12.20;8.50;10.90;0.49;0.49;279.80;272.40;20.20;27.30;;;;;;;;;;;;;;;;;;;;;;;;;;;;;;;;;;;;;;;;;;
2009-11-26 08:30:00;5.12;6.40;9.12;5.43;3.70;6.77;11.20;11.40;9.00;12.70;15.90;5.35;3.77;0.050;0.141;2.10;175;0.098;2.958;0.11;5.48;12.80;8.60;10.90;0.48;0.41;281.20;271.20;19.60;28.10;;;;;;;;;;;;;;;;;;;;;;;;;;;;;;;;;;;;;;;;;;
2009-11-26 09:00:00;4.56;5.81;8.63;4.85;3.16;6.55;10.70;11.20;8.20;13.10;16.70;4.35;4.28;0.057;0.226;1.60;195;0.081;3.219;0.43;4.73;13.60;8.20;10.60;0.49;0.37;277.90;269.70;24.60;31.20;;;;;;;;;;;;;;;;;;;;;;;;;;;;;;;;;;;;;;;;;;
2009-11-26 09:30:00;4.78;5.98;8.06;5.07;3.42;6.60;11.30;11.90;8.70;12.70;15.60;4.23;4.35;0.057;0.168;1.20;184;0.131;3.067;0.32;4.97;13.10;8.20;10.70;0.49;0.42;279.50;271.00;21.90;28.20;;;;;;;;;;;;;;;;;;;;;;;;;;;;;;;;;;;;;;;;;;
2009-11-26 10:00:00;5.18;6.21;8.51;5.42;3.72;7.18;11.40;11.60;9.10;9.90;15.30;4.42;4.09;0.053;0.209;0.90;175;0.051;2.872;0.30;5.35;13.10;8.60;10.90;0.48;0.43;280.90;271.80;20.40;27.50;;;;;;;;;;;;;;;;;;;;;;;;;;;;;;;;;;;;;;;;;;
2009-11-26 10:30:00;4.49;5.56;7.12;4.83;3.20;6.18;11.30;12.00;8.60;12.30;17.40;3.92;4.21;0.054;0.303;1.10;184;0.101;2.944;0.28;4.80;12.70;8.20;10.70;0.50;0.42;282.90;273.30;21.30;29.90;;;;;;;;;;;;;;;;;;;;;;;;;;;;;;;;;;;;;;;;;;
2009-11-26 11:00:00;4.74;5.72;7.28;5.20;3.42;6.09;11.30;11.70;8.50;11.90;16.10;4.32;3.69;0.058;0.123;2.40;182;0.114;2.695;0.28;5.11;12.60;8.40;10.90;0.50;0.49;285.90;275.30;19.50;27.40;;;;;;;;;;;;;;;;;;;;;;;;;;;;;;;;;;;;;;;;;;
2009-11-26 11:30:00;5.34;6.56;9.25;5.69;3.81;7.01;11.80;12.20;9.10;13.10;15.50;4.55;4.92;0.053;0.134;1.10;169;0.100;2.813;0.34;999.999;999.999;999.999;999.999;999.999;999.999;999.999;999.999;999.999;999.999;;;;;;;;;;;;;;;;;;;;;;;;;;;;;;;;;;;;;;;;;;
2009-11-26 12:00:00;4.75;6.15;8.60;5.06;3.39;6.94;10.40;10.20;8.70;10.90;16.80;5.29;4.61;0.058;0.549;0.90;183;0.126;3.300;0.33;4.94;11.70;8.30;10.40;0.46;0.45;282.10;272.00;24.00;29.40;;;;;;;;;;;;;;;;;;;;;;;;;;;;;;;;;;;;;;;;;;
2009-11-26 12:30:00;4.62;5.58;7.28;4.89;3.29;5.85;10.80;10.90;8.60;12.00;14.80;4.45;3.70;0.053;0.201;0.90;185;0.067;2.862;0.39;4.90;12.70;8.30;10.40;0.45;0.41;278.80;271.80;18.90;27.50;;;;;;;;;;;;;;;;;;;;;;;;;;;;;;;;;;;;;;;;;;
2009-11-26 13:00:00;4.18;5.27;7.15;4.61;2.93;5.83;10.70;10.70;7.80;9.80;14.80;3.46;4.11;0.062;0.760;0.80;203;-0.068;2.917;0.21;4.61;12.20;8.10;10.50;0.49;0.38;282.90;272.00;23.20;30.30;;;;;;;;;;;;;;;;;;;;;;;;;;;;;;;;;;;;;;;;;;
2009-11-26 13:30:00;4.08;4.98;6.65;4.45;2.91;5.74;10.60;11.00;7.90;10.30;16.10;4.09;3.61;0.054;0.112;2.40;202;0.046;2.873;0.22;4.54;12.20;8.00;10.30;0.48;0.39;282.10;271.40;23.10;29.80;;;;;;;;;;;;;;;;;;;;;;;;;;;;;;;;;;;;;;;;;;
2009-11-26 14:00:00;4.35;5.16;6.98;4.72;3.14;5.64;11.20;11.10;8.90;12.50;15.10;3.40;3.58;0.054;0.245;1.30;178;0.033;2.701;0.32;4.80;13.10;8.30;10.70;0.49;0.45;282.20;273.70;17.90;27.60;;;;;;;;;;;;;;;;;;;;;;;;;;;;;;;;;;;;;;;;;;
2009-11-26 14:30:00;4.05;5.11;7.14;4.26;2.93;6.06;10.30;10.70;8.30;9.90;16.40;4.05;3.37;0.052;0.227;1.40;191;0.028;3.045;0.31;4.23;11.70;7.90;10.10;0.47;0.44;278.60;271.60;21.80;28.80;;;;;;;;;;;;;;;;;;;;;;;;;;;;;;;;;;;;;;;;;;
2009-11-26 15:00:00;4.39;5.49;7.81;4.59;3.11;5.80;11.00;10.70;8.60;10.70;16.90;4.07;3.74;0.050;0.190;1.60;184;0.097;3.067;0.27;4.62;12.70;8.30;10.40;0.46;0.43;281.50;272.00;18.00;27.20;;;;;;;;;;;;;;;;;;;;;;;;;;;;;;;;;;;;;;;;;;
2009-11-26 15:30:00;3.97;4.80;6.01;4.29;2.80;5.17;10.40;10.60;8.00;11.50;15.60;3.78;3.54;0.048;0.109;3.50;199;0.044;2.918;0.27;4.21;13.10;8.00;10.30;0.48;0.40;281.40;273.20;21.40;28.90;;;;;;;;;;;;;;;;;;;;;;;;;;;;;;;;;;;;;;;;;;
2009-11-26 16:00:00;4.16;5.12;6.64;4.50;2.96;5.80;10.60;11.30;8.30;11.00;15.10;3.43;3.61;0.051;0.101;3.50;192;0.001;3.089;0.31;4.43;12.20;8.30;10.40;0.46;0.44;282.30;273.50;19.20;28.10;;;;;;;;;;;;;;;;;;;;;;;;;;;;;;;;;;;;;;;;;;
2009-11-26 16:30:00;3.85;4.62;6.02;4.14;2.75;5.06;10.10;10.60;7.90;9.90;15.90;3.13;3.28;0.050;0.228;1.10;202;0.052;2.760;0.28;4.03;11.20;7.60;9.80;0.47;0.39;279.00;269.00;22.80;30.80;;;;;;;;;;;;;;;;;;;;;;;;;;;;;;;;;;;;;;;;;;
2009-11-26 17:00:00;3.85;4.79;5.86;4.07;2.76;5.27;10.20;10.40;8.00;9.90;16.10;3.39;3.52;0.063;0.336;1.20;198;0.101;2.838;0.13;3.95;11.30;7.50;9.80;0.49;0.42;281.10;270.50;23.00;29.90;;;;;;;;;;;;;;;;;;;;;;;;;;;;;;;;;;;;;;;;;;
2009-11-26 17:30:00;3.68;4.69;6.49;3.96;2.61;5.48;10.10;10.80;7.80;11.40;14.80;3.66;3.00;0.052;0.291;1.20;202;0.077;3.155;0.34;4.01;12.30;7.80;10.10;0.48;0.41;282.10;270.30;22.10;31.00;;;;;;;;;;;;;;;;;;;;;;;;;;;;;;;;;;;;;;;;;;
2009-11-26 18:00:00;4.01;4.95;6.63;4.23;2.89;5.39;10.50;10.30;8.30;10.80;15.20;3.32;3.35;0.050;0.138;2.80;192;0.084;2.885;0.26;4.25;11.80;7.80;10.00;0.47;0.41;284.00;271.60;21.10;29.10;;;;;;;;;;;;;;;;;;;;;;;;;;;;;;;;;;;;;;;;;;
2009-11-26 18:30:00;3.99;5.06;6.83;4.27;2.82;5.49;10.00;10.30;7.70;10.30;15.00;3.93;3.27;0.056;0.133;3.10;205;0.078;3.174;0.33;4.19;11.70;7.60;9.70;0.47;0.37;284.70;269.70;23.30;30.10;;;;;;;;;;;;;;;;;;;;;;;;;;;;;;;;;;;;;;;;;;
2009-11-26 19:00:00;3.91;4.91;6.52;4.28;2.78;5.54;10.00;10.30;7.50;10.30;14.10;4.30;4.17;0.063;0.620;1.00;210;0.063;3.184;0.22;4.20;12.10;7.50;9.50;0.46;0.32;282.90;269.30;23.70;30.20;;;;;;;;;;;;;;;;;;;;;;;;;;;;;;;;;;;;;;;;;;
2009-11-26 19:30:00;3.84;4.64;5.65;4.09;2.72;5.20;9.80;10.60;7.40;9.10;14.20;4.03;2.87;0.060;0.266;1.90;214;0.126;2.923;0.27;4.06;11.70;7.40;9.50;0.47;0.38;283.30;270.10;24.40;31.90;;;;;;;;;;;;;;;;;;;;;;;;;;;;;;;;;;;;;;;;;;
2009-11-26 20:00:00;3.94;4.93;6.41;4.29;2.84;5.66;9.40;9.60;7.50;10.70;15.10;3.84;3.04;0.064;0.173;2.90;206;0.136;2.882;0.12;999.999;999.999;999.999;999.999;999.999;999.999;999.999;999.999;999.999;999.999;;;;;;;;;;;;;;;;;;;;;;;;;;;;;;;;;;;;;;;;;;
2009-11-26 20:30:00;4.15;5.14;7.33;4.39;2.98;5.70;9.50;9.70;7.60;9.10;14.60;3.66;3.98;0.063;0.278;1.70;209;0.145;3.028;0.23;4.31;11.00;7.30;9.20;0.45;0.34;273.50;264.60;24.80;31.10;;;;;;;;;;;;;;;;;;;;;;;;;;;;;;;;;;;;;;;;;;
2009-11-26 21:00:00;4.35;5.36;7.27;4.65;3.08;5.72;9.20;8.90;7.40;8.80;13.70;3.89;3.73;0.059;0.136;3.30;215;-0.029;3.006;0.30;4.62;11.20;7.40;9.20;0.43;0.29;277.00;267.10;23.60;29.80;;;;;;;;;;;;;;;;;;;;;;;;;;;;;;;;;;;;;;;;;;
2009-11-26 21:30:00;4.31;5.20;6.53;4.61;3.14;5.97;9.50;9.40;7.80;11.80;13.70;4.54;3.41;0.063;0.288;1.90;205;0.034;2.831;0.17;4.59;10.80;7.30;9.20;0.45;0.35;275.60;264.90;26.60;32.20;;;;;;;;;;;;;;;;;;;;;;;;;;;;;;;;;;;;;;;;;;
2009-11-26 22:00:00;4.18;5.17;6.08;4.38;2.95;5.88;9.10;9.50;7.40;8.30;15.10;3.65;3.68;0.060;0.255;1.10;216;0.045;3.084;0.25;4.40;10.50;7.30;9.10;0.45;0.39;278.20;268.30;26.80;31.70;;;;;;;;;;;;;;;;;;;;;;;;;;;;;;;;;;;;;;;;;;
2009-11-26 22:30:00;4.68;5.73;6.80;4.92;3.33;6.24;9.60;10.00;7.80;7.90;16.50;4.18;3.93;0.057;0.160;1.90;201;-0.022;2.873;0.28;4.90;10.40;7.60;9.40;0.44;0.42;270.50;271.50;29.50;33.30;;;;;;;;;;;;;;;;;;;;;;;;;;;;;;;;;;;;;;;;;;
2009-11-26 23:00:00;5.02;6.46;9.05;5.26;3.61;7.45;9.70;9.60;8.10;8.70;15.10;5.33;4.38;0.060;0.127;5.00;197;0.194;3.254;0.09;5.40;10.90;7.80;9.60;0.43;0.41;275.70;272.20;23.00;29.40;;;;;;;;;;;;;;;;;;;;;;;;;;;;;;;;;;;;;;;;;;
2009-11-26 23:30:00;4.79;6.05;8.51;5.10;3.41;6.62;9.80;10.40;7.70;10.80;13.50;4.90;4.32;0.059;0.135;1.00;206;0.095;3.231;0.41;5.00;10.60;7.50;9.30;0.43;0.41;276.90;270.70;23.90;31.70;;;;;;;;;;;;;;;;;;;;;;;;;;;;;;;;;;;;;;;;;;
2009-11-27 00:00:00;4.70;5.81;8.25;5.02;3.33;6.31;9.80;9.30;7.70;8.60;14.70;4.73;3.91;0.065;0.288;1.60;206;0.090;3.051;0.29;5.14;11.40;7.80;9.60;0.43;0.41;279.10;271.90;24.20;31.80;;;;;;;;;;;;;;;;;;;;;;;;;;;;;;;;;;;;;;;;;;
2009-11-27 00:30:00;4.52;5.60;6.69;4.87;3.25;6.44;9.90;9.90;7.90;10.50;13.50;3.88;3.36;0.066;0.260;1.60;201;0.183;2.852;0.25;4.87;10.50;7.80;9.70;0.44;0.47;280.10;273.10;23.50;30.40;;;;;;;;;;;;;;;;;;;;;;;;;;;;;;;;;;;;;;;;;;
2009-11-27 01:00:00;5.11;6.48;8.10;5.47;3.59;7.32;9.70;10.00;7.90;10.60;13.50;5.23;4.19;0.062;0.225;2.10;200;0.122;3.170;0.39;5.45;10.20;8.10;9.70;0.40;0.53;277.60;274.30;24.60;29.30;;;;;;;;;;;;;;;;;;;;;;;;;;;;;;;;;;;;;;;;;;
2009-11-27 01:30:00;4.44;5.54;7.89;4.75;3.18;6.22;9.50;9.20;7.70;9.90;14.00;4.30;4.16;0.057;0.180;1.80;206;0.129;3.011;0.40;4.89;10.60;7.80;9.30;0.40;0.46;280.60;273.80;26.30;30.60;;;;;;;;;;;;;;;;;;;;;;;;;;;;;;;;;;;;;;;;;;
2009-11-27 02:00:00;4.19;4.96;6.44;4.57;3.10;5.34;9.60;9.70;8.00;9.40;14.20;3.78;3.81;0.053;0.117;2.10;199;0.086;2.607;0.26;4.53;10.80;7.60;9.40;0.44;0.38;283.20;274.80;27.70;33.50;;;;;;;;;;;;;;;;;;;;;;;;;;;;;;;;;;;;;;;;;;
2009-11-27 02:30:00;4.43;5.24;5.89;4.74;3.30;5.51;10.10;9.90;8.50;9.70;14.20;3.56;3.51;0.052;0.190;3.30;187;0.000;2.553;0.25;4.62;10.70;7.70;9.50;0.44;0.47;279.00;270.40;26.50;32.90;;;;;;;;;;;;;;;;;;;;;;;;;;;;;;;;;;;;;;;;;;
2009-11-27 03:00:00;4.79;5.91;9.35;4.96;3.43;6.29;10.70;10.80;8.50;10.00;14.80;3.85;5.51;0.052;0.255;1.70;187;0.041;3.157;0.34;5.12;12.10;8.20;10.00;0.44;0.49;279.00;273.30;19.30;27.80;;;;;;;;;;;;;;;;;;;;;;;;;;;;;;;;;;;;;;;;;;
2009-11-27 03:30:00;4.08;4.98;6.56;4.40;2.92;5.45;10.00;10.00;7.90;9.50;15.10;3.46;3.44;0.050;0.140;2.60;201;0.006;2.834;0.30;4.30;11.30;7.60;9.60;0.46;0.44;280.80;272.80;23.50;31.80;;;;;;;;;;;;;;;;;;;;;;;;;;;;;;;;;;;;;;;;;;
2009-11-27 04:00:00;4.22;5.26;6.93;4.54;2.99;6.03;9.70;9.80;7.60;10.60;14.90;3.93;3.62;0.061;0.412;0.90;210;0.084;2.868;0.23;4.52;11.80;7.80;9.50;0.43;0.42;277.40;271.30;19.70;29.10;;;;;;;;;;;;;;;;;;;;;;;;;;;;;;;;;;;;;;;;;;
2009-11-27 04:30:00;3.79;4.69;5.74;4.00;2.71;5.17;9.50;9.70;7.70;10.80;14.10;3.16;3.18;0.066;0.539;0.90;205;0.065;2.927;0.21;3.85;10.70;7.30;9.10;0.45;0.44;281.60;273.50;25.80;34.60;;;;;;;;;;;;;;;;;;;;;;;;;;;;;;;;;;;;;;;;;;
2009-11-27 05:00:00;4.38;5.66;7.43;4.61;3.13;6.51;9.60;9.80;8.10;10.40;15.30;4.78;4.76;0.053;0.176;1.10;198;0.064;3.459;0.40;4.57;10.70;7.80;9.50;0.42;0.45;277.90;271.00;19.00;27.10;;;;;;;;;;;;;;;;;;;;;;;;;;;;;;;;;;;;;;;;;;
2009-11-27 05:30:00;4.41;5.33;6.45;4.67;3.07;5.94;10.20;10.40;7.90;10.10;16.20;3.93;3.44;0.061;0.320;0.90;202;0.074;2.941;0.42;4.65;11.40;7.90;9.70;0.43;0.47;282.60;275.60;20.80;27.80;;;;;;;;;;;;;;;;;;;;;;;;;;;;;;;;;;;;;;;;;;
2009-11-27 06:00:00;4.10;4.97;6.27;4.35;2.94;5.71;9.50;9.70;7.60;7.70;14.20;3.56;3.54;0.064;0.472;0.80;208;0.052;2.854;0.29;4.26;10.90;7.40;9.20;0.44;0.40;290.90;275.10;26.50;31.50;;;;;;;;;;;;;;;;;;;;;;;;;;;;;;;;;;;;;;;;;;
2009-11-27 06:30:00;3.76;4.71;5.91;4.07;2.74;5.33;9.60;9.70;7.60;8.50;13.90;3.68;3.27;0.063;0.375;1.20;209;0.195;2.956;0.25;3.97;10.50;7.30;9.20;0.45;0.42;284.10;275.20;24.20;31.50;;;;;;;;;;;;;;;;;;;;;;;;;;;;;;;;;;;;;;;;;;
2009-11-27 07:00:00;3.71;4.65;7.28;3.92;2.60;5.19;9.60;10.00;7.30;9.00;13.70;3.75;3.53;0.051;0.197;1.30;216;0.077;3.227;0.38;3.98;10.50;7.50;9.30;0.45;0.45;277.40;272.70;26.60;31.60;;;;;;;;;;;;;;;;;;;;;;;;;;;;;;;;;;;;;;;;;;
2009-11-27 07:30:00;3.97;5.09;7.10;4.29;2.78;5.61;9.60;10.00;7.20;10.00;14.00;3.92;3.74;0.071;0.872;0.90;220;0.091;3.092;0.28;4.23;10.90;7.40;9.40;0.45;0.38;280.90;272.00;26.70;32.10;;;;;;;;;;;;;;;;;;;;;;;;;;;;;;;;;;;;;;;;;;
2009-11-27 08:00:00;3.85;4.87;5.97;4.11;2.71;5.30;9.20;9.30;7.30;7.50;14.30;3.14;3.19;0.065;0.177;1.00;219;-0.011;3.040;0.23;4.19;10.10;7.40;9.10;0.43;0.39;284.90;273.30;26.30;31.40;;;;;;;;;;;;;;;;;;;;;;;;;;;;;;;;;;;;;;;;;;
2009-11-27 08:30:00;3.88;4.74;5.94;4.13;2.78;5.19;9.30;9.90;7.60;10.40;14.40;3.73;3.08;0.063;0.402;1.10;208;0.058;2.897;0.27;3.97;10.90;7.30;9.20;0.46;0.38;276.30;269.90;25.80;31.80;;;;;;;;;;;;;;;;;;;;;;;;;;;;;;;;;;;;;;;;;;
2009-11-27 09:00:00;3.63;4.50;5.52;3.93;2.61;5.45;9.30;9.90;7.40;8.70;14.60;3.16;3.09;0.062;0.785;0.80;215;0.021;2.835;0.26;3.86;9.20;7.10;9.00;0.45;0.34;274.80;271.40;29.80;32.30;;;;;;;;;;;;;;;;;;;;;;;;;;;;;;;;;;;;;;;;;;
2009-11-27 09:30:00;3.75;4.71;6.08;3.89;2.66;5.35;9.30;9.40;7.80;10.60;14.30;3.61;3.01;0.044;0.089;4.50;205;0.107;3.113;0.31;3.93;10.20;7.40;9.20;0.44;0.45;280.50;269.10;24.90;31.10;;;;;;;;;;;;;;;;;;;;;;;;;;;;;;;;;;;;;;;;;;
2009-11-27 10:00:00;3.84;4.59;5.06;4.08;2.76;4.88;9.80;9.90;7.90;8.00;14.90;2.84;3.16;0.071;0.482;1.00;201;0.030;2.682;0.35;4.03;11.30;7.50;9.50;0.48;0.47;284.70;273.70;22.30;30.50;;;;;;;;;;;;;;;;;;;;;;;;;;;;;;;;;;;;;;;;;;
2009-11-27 10:30:00;3.56;4.43;5.75;3.70;2.51;4.80;9.60;9.80;7.60;10.20;14.70;3.16;2.73;0.056;0.362;1.00;210;0.106;3.095;0.33;3.62;11.00;7.10;9.20;0.48;0.43;280.40;273.90;27.30;34.10;;;;;;;;;;;;;;;;;;;;;;;;;;;;;;;;;;;;;;;;;;
2009-11-27 11:00:00;3.77;4.64;5.85;4.06;2.74;4.96;9.50;9.90;7.70;9.40;15.70;3.59;2.79;0.056;0.146;1.80;208;0.141;2.796;0.20;4.10;11.80;7.50;9.40;0.46;0.42;283.40;275.00;25.40;31.80;;;;;;;;;;;;;;;;;;;;;;;;;;;;;;;;;;;;;;;;;;
2009-11-27 11:30:00;3.71;4.61;6.51;3.96;2.63;5.18;9.60;9.70;7.60;9.60;14.30;3.52;3.13;0.053;0.162;2.60;210;0.082;3.030;0.38;3.94;10.60;7.50;9.30;0.44;0.45;283.60;273.70;22.50;30.70;;;;;;;;;;;;;;;;;;;;;;;;;;;;;;;;;;;;;;;;;;
2009-11-27 12:00:00;3.46;4.25;5.98;3.74;2.49;4.55;9.50;9.10;7.50;8.30;13.30;3.22;3.17;0.053;0.166;1.80;211;0.030;2.976;0.39;3.70;9.90;7.20;8.90;0.44;0.47;284.90;271.00;27.10;33.00;;;;;;;;;;;;;;;;;;;;;;;;;;;;;;;;;;;;;;;;;;
2009-11-27 12:30:00;3.46;4.38;5.73;3.74;2.44;4.76;9.30;9.60;7.10;9.50;15.30;3.55;2.81;0.056;0.200;0.90;223;0.126;3.075;0.41;3.75;10.70;7.20;9.00;0.45;0.43;285.20;273.50;28.10;33.30;;;;;;;;;;;;;;;;;;;;;;;;;;;;;;;;;;;;;;;;;;
2009-11-27 13:00:00;3.73;4.80;6.83;4.03;2.67;5.70;8.90;9.30;7.20;10.60;13.40;3.33;3.50;0.064;0.387;1.10;221;0.112;3.086;0.34;3.95;10.20;7.20;9.00;0.45;0.43;282.50;274.70;25.20;31.40;;;;;;;;;;;;;;;;;;;;;;;;;;;;;;;;;;;;;;;;;;
2009-11-27 13:30:00;3.59;4.49;5.98;3.83;2.55;5.06;9.60;9.90;7.40;9.60;14.10;3.31;2.74;0.048;0.092;1.80;215;0.129;3.000;0.33;3.83;11.40;7.20;9.10;0.46;0.38;284.80;273.10;25.40;32.00;;;;;;;;;;;;;;;;;;;;;;;;;;;;;;;;;;;;;;;;;;
2009-11-27 14:00:00;3.73;4.67;5.85;3.97;2.70;5.19;9.60;9.50;7.70;9.40;14.40;3.31;2.91;0.060;0.260;1.70;206;0.067;2.826;0.32;3.97;11.80;7.30;9.30;0.47;0.46;281.90;275.00;22.60;30.60;;;;;;;;;;;;;;;;;;;;;;;;;;;;;;;;;;;;;;;;;;
2009-11-27 14:30:00;3.63;4.53;5.80;3.83;2.60;5.18;9.40;9.30;7.50;9.90;13.70;3.64;2.95;0.057;0.326;1.10;212;0.154;3.057;0.28;3.73;10.10;7.10;9.00;0.46;0.41;279.70;274.90;26.30;32.00;;;;;;;;;;;;;;;;;;;;;;;;;;;;;;;;;;;;;;;;;;
2009-11-27 15:00:00;3.71;4.92;6.32;3.97;2.60;5.73;9.20;9.80;7.20;9.80;13.40;3.44;3.74;0.065;0.259;1.10;220;0.097;3.410;0.34;3.94;11.40;7.30;9.20;0.45;0.41;290.30;274.80;22.30;29.80;;;;;;;;;;;;;;;;;;;;;;;;;;;;;;;;;;;;;;;;;;
2009-11-27 15:30:00;3.42;4.35;6.61;3.70;2.44;4.73;9.30;9.60;7.20;9.70;13.80;3.96;2.89;0.057;0.127;3.20;221;0.052;3.253;0.37;3.68;10.90;7.10;9.00;0.45;0.41;285.90;275.20;22.30;31.20;;;;;;;;;;;;;;;;;;;;;;;;;;;;;;;;;;;;;;;;;;
2009-11-27 16:00:00;3.87;4.98;6.48;4.12;2.69;5.97;9.70;9.60;7.30;7.80;12.90;3.57;3.70;0.057;0.188;1.90;216;0.081;3.141;0.29;4.13;11.30;7.50;9.30;0.45;0.46;290.50;276.70;21.70;28.10;;;;;;;;;;;;;;;;;;;;;;;;;;;;;;;;;;;;;;;;;;
2009-11-27 16:30:00;3.47;4.34;5.89;3.64;2.48;4.87;9.90;9.90;7.70;9.30;13.90;3.33;2.87;0.048;0.136;1.80;208;0.055;3.124;0.38;3.48;11.40;7.10;9.10;0.47;0.36;285.90;276.10;23.30;31.20;;;;;;;;;;;;;;;;;;;;;;;;;;;;;;;;;;;;;;;;;;
2009-11-27 17:00:00;3.55;4.36;5.26;3.81;2.53;4.90;9.70;9.90;7.60;10.20;13.70;3.38;3.11;0.053;0.368;1.30;209;0.130;2.941;0.28;3.81;11.80;7.30;9.20;0.46;0.37;288.70;275.40;23.50;29.50;;;;;;;;;;;;;;;;;;;;;;;;;;;;;;;;;;;;;;;;;;
2009-11-27 17:30:00;3.70;4.61;5.86;3.95;2.63;5.18;10.20;10.50;7.90;10.60;13.80;3.27;2.95;0.051;0.184;2.10;200;0.030;3.113;0.36;3.80;11.40;7.50;9.50;0.47;0.44;291.50;279.30;20.00;27.90;;;;;;;;;;;;;;;;;;;;;;;;;;;;;;;;;;;;;;;;;;
2009-11-27 18:00:00;3.57;4.37;5.96;3.86;2.53;4.73;9.60;10.10;7.50;8.70;13.50;3.34;3.02;0.055;0.568;0.90;210;0.108;2.866;0.29;3.68;11.00;7.40;9.20;0.44;0.38;289.30;277.00;24.50;30.30;;;;;;;;;;;;;;;;;;;;;;;;;;;;;;;;;;;;;;;;;;
2009-11-27 18:30:00;3.80;4.85;7.44;4.07;2.69;5.21;10.20;10.80;7.80;11.50;14.50;3.34;4.28;0.053;0.124;4.40;201;0.010;3.144;0.26;4.05;12.10;7.70;9.70;0.46;0.40;289.30;277.50;17.80;26.80;;;;;;;;;;;;;;;;;;;;;;;;;;;;;;;;;;;;;;;;;;
2009-11-27 19:00:00;3.82;4.61;5.97;4.19;2.74;4.90;9.70;10.00;7.90;11.10;14.00;3.32;2.74;0.053;0.181;1.60;183;0.110;2.682;0.17;4.00;11.80;7.50;9.50;0.47;0.43;293.70;275.80;20.70;29.00;;;;;;;;;;;;;;;;;;;;;;;;;;;;;;;;;;;;;;;;;;
2009-11-27 19:30:00;3.53;4.41;6.08;3.96;2.62;5.05;9.80;10.20;7.70;11.70;13.80;3.20;3.23;0.060;0.236;1.30;205;0.026;2.664;0.27;3.94;12.10;7.50;9.70;0.49;0.41;290.80;277.60;21.70;29.10;;;;;;;;;;;;;;;;;;;;;;;;;;;;;;;;;;;;;;;;;;
2009-11-27 20:00:00;3.82;4.79;6.24;4.03;2.73;5.23;9.50;10.10;7.40;8.60;13.90;3.91;3.01;0.058;0.228;1.00;214;0.108;3.148;0.26;3.98;11.40;7.10;9.00;0.45;0.31;288.30;272.00;24.80;30.40;;;;;;;;;;;;;;;;;;;;;;;;;;;;;;;;;;;;;;;;;;
2009-11-27 20:30:00;3.89;4.65;5.76;4.15;2.78;5.01;9.40;10.10;7.40;9.20;15.10;3.33;2.86;0.057;0.123;1.40;214;0.089;2.811;0.32;4.13;11.80;7.20;9.10;0.45;0.32;287.10;270.80;23.30;29.40;;;;;;;;;;;;;;;;;;;;;;;;;;;;;;;;;;;;;;;;;;
2009-11-27 21:00:00;3.70;4.40;5.40;3.98;2.60;5.02;9.60;10.20;7.20;8.20;14.00;3.17;3.01;0.060;0.134;1.90;221;0.160;2.953;0.24;3.99;11.30;7.20;9.20;0.47;0.34;291.60;273.30;25.20;31.30;;;;;;;;;;;;;;;;;;;;;;;;;;;;;;;;;;;;;;;;;;
2009-11-27 21:30:00;3.87;4.78;6.06;4.15;2.78;5.29;9.30;9.20;7.40;12.40;13.40;3.54;3.36;0.052;0.100;4.20;216;0.133;2.886;0.21;4.17;11.80;7.40;9.30;0.45;0.33;291.70;274.30;21.30;28.60;;;;;;;;;;;;;;;;;;;;;;;;;;;;;;;;;;;;;;;;;;
2009-11-27 22:00:00;3.71;4.61;7.08;3.98;2.67;4.85;9.20;9.40;7.40;9.80;15.10;4.19;3.30;0.059;0.188;2.70;214;0.145;3.091;0.23;3.81;11.80;7.10;9.00;0.45;0.35;287.60;270.50;22.30;30.70;;;;;;;;;;;;;;;;;;;;;;;;;;;;;;;;;;;;;;;;;;
2009-11-27 22:30:00;4.03;5.22;7.64;4.33;2.84;5.88;9.60;10.40;7.40;9.00;13.40;4.26;4.00;0.064;0.350;0.90;217;0.094;3.381;0.32;4.31;11.80;7.50;9.60;0.48;0.41;290.10;274.20;18.00;29.00;;;;;;;;;;;;;;;;;;;;;;;;;;;;;;;;;;;;;;;;;;
2009-11-27 23:00:00;3.95;4.98;6.78;4.29;2.82;6.04;8.80;8.80;7.30;8.40;13.30;4.22;3.50;0.063;0.198;1.30;211;0.136;3.100;0.27;999.999;999.999;999.999;999.999;999.999;999.999;999.999;999.999;999.999;999.999;;;;;;;;;;;;;;;;;;;;;;;;;;;;;;;;;;;;;;;;;;
2009-11-27 23:30:00;3.98;4.77;6.05;4.29;2.94;5.20;9.60;9.70;7.90;9.70;14.00;3.06;3.24;0.054;0.215;2.70;200;-0.005;2.634;0.19;4.37;11.80;7.30;9.20;0.45;0.38;286.80;272.10;20.70;29.00;;;;;;;;;;;;;;;;;;;;;;;;;;;;;;;;;;;;;;;;;;
2009-11-28 00:00:00;3.91;4.89;6.69;4.32;2.82;5.32;8.80;8.90;7.40;8.20;13.60;3.46;3.87;0.067;0.483;1.20;204;0.111;2.801;0.18;4.12;11.80;7.10;8.90;0.43;0.34;289.20;268.70;28.20;32.30;;;;;;;;;;;;;;;;;;;;;;;;;;;;;;;;;;;;;;;;;;
2009-11-28 00:30:00;4.13;5.24;7.12;4.36;2.87;5.93;9.40;9.30;7.20;10.60;13.90;4.42;4.11;0.058;0.223;2.20;222;0.046;3.333;0.40;4.37;10.10;7.20;9.00;0.44;0.38;287.40;273.70;23.90;29.20;;;;;;;;;;;;;;;;;;;;;;;;;;;;;;;;;;;;;;;;;;
2009-11-28 01:00:00;4.10;4.90;5.82;4.30;2.93;5.51;9.00;8.90;7.40;7.10;14.50;3.48;3.15;0.058;0.169;2.10;216;0.048;2.836;0.36;4.29;9.80;7.10;8.70;0.43;0.42;285.80;271.70;24.70;30.20;;;;;;;;;;;;;;;;;;;;;;;;;;;;;;;;;;;;;;;;;;
2009-11-28 01:30:00;4.43;5.57;7.32;4.69;3.17;6.36;9.00;8.80;7.40;8.50;13.30;4.50;3.91;0.062;0.225;1.70;216;0.072;3.000;0.28;4.68;9.50;7.30;8.90;0.42;0.44;274.60;270.00;25.10;31.50;;;;;;;;;;;;;;;;;;;;;;;;;;;;;;;;;;;;;;;;;;
2009-11-28 02:00:00;4.17;5.37;6.86;4.50;2.94;5.97;9.30;9.30;7.30;9.30;13.40;3.99;3.27;0.069;0.523;1.10;218;0.224;3.080;0.28;4.53;10.60;7.40;9.00;0.42;0.44;286.90;272.70;21.10;30.20;;;;;;;;;;;;;;;;;;;;;;;;;;;;;;;;;;;;;;;;;;
2009-11-28 02:30:00;4.17;5.48;8.24;4.58;2.97;5.96;8.70;8.80;6.90;9.50;13.00;4.28;4.45;0.065;0.283;1.30;229;0.092;3.345;0.35;4.47;9.00;7.10;8.60;0.41;0.40;274.20;269.80;26.70;33.10;;;;;;;;;;;;;;;;;;;;;;;;;;;;;;;;;;;;;;;;;;
2009-11-28 03:00:00;4.33;5.37;7.19;4.59;3.10;6.00;9.20;9.20;7.50;10.60;13.90;3.94;3.26;0.055;0.161;1.30;211;0.039;2.890;0.30;4.39;9.90;7.20;8.80;0.43;0.45;282.20;270.50;24.90;32.50;;;;;;;;;;;;;;;;;;;;;;;;;;;;;;;;;;;;;;;;;;
2009-11-28 03:30:00;4.16;5.05;6.33;4.39;2.99;5.89;9.40;9.60;7.60;10.70;13.00;4.02;3.91;0.063;0.318;1.30;209;0.056;2.922;0.35;4.34;10.60;7.20;9.00;0.45;0.45;284.90;268.50;25.30;33.50;;;;;;;;;;;;;;;;;;;;;;;;;;;;;;;;;;;;;;;;;;
2009-11-28 04:00:00;4.41;5.53;7.18;4.67;3.12;6.33;9.30;9.80;7.60;8.80;13.40;4.86;4.05;0.056;0.170;1.20;210;0.132;3.153;0.43;4.77;10.10;7.60;9.20;0.42;0.48;283.50;270.00;25.00;30.30;;;;;;;;;;;;;;;;;;;;;;;;;;;;;;;;;;;;;;;;;;
2009-11-28 04:30:00;4.11;5.18;7.55;4.35;2.90;5.71;9.00;9.10;7.30;8.00;13.50;3.57;4.31;0.057;0.230;1.30;219;0.078;3.070;0.42;4.34;9.20;7.30;8.80;0.41;0.48;274.20;268.60;28.10;32.50;;;;;;;;;;;;;;;;;;;;;;;;;;;;;;;;;;;;;;;;;;
2009-11-28 05:00:00;4.18;5.33;7.89;4.57;2.99;5.69;9.30;9.30;7.40;9.10;13.40;5.29;3.52;0.070;0.800;0.80;214;0.196;3.164;0.33;4.50;10.20;7.50;9.10;0.41;0.46;260.80;264.70;32.60;33.10;;;;;;;;;;;;;;;;;;;;;;;;;;;;;;;;;;;;;;;;;;
2009-11-28 05:30:00;4.30;5.37;7.18;4.55;3.08;5.78;9.40;9.30;7.70;8.60;13.20;3.97;3.60;0.059;0.287;1.10;207;0.051;2.925;0.32;4.44;10.20;7.30;8.90;0.42;0.42;277.40;268.50;26.00;31.60;;;;;;;;;;;;;;;;;;;;;;;;;;;;;;;;;;;;;;;;;;
2009-11-28 06:00:00;4.22;5.28;7.62;4.53;3.01;5.76;9.30;9.60;7.60;9.50;12.90;4.45;3.57;0.057;0.179;1.30;211;0.061;3.061;0.41;4.48;10.10;7.50;9.10;0.41;0.49;269.90;267.90;26.60;32.50;;;;;;;;;;;;;;;;;;;;;;;;;;;;;;;;;;;;;;;;;;
2009-11-28 06:30:00;4.05;5.10;6.36;4.29;2.87;5.49;9.80;9.90;7.50;9.80;13.70;3.68;3.52;0.058;0.266;1.70;211;0.063;2.927;0.45;4.26;10.90;7.60;9.30;0.43;0.44;281.00;268.50;23.10;33.90;;;;;;;;;;;;;;;;;;;;;;;;;;;;;;;;;;;;;;;;;;
2009-11-28 07:00:00;3.98;4.90;6.40;4.22;2.82;5.24;9.40;9.20;7.50;8.80;13.50;3.28;3.57;0.061;0.345;1.30;212;-0.005;2.839;0.26;4.18;10.60;7.40;9.10;0.43;0.43;285.50;267.60;26.20;33.50;;;;;;;;;;;;;;;;;;;;;;;;;;;;;;;;;;;;;;;;;;
2009-11-28 07:30:00;3.86;4.86;6.95;4.16;2.74;5.37;9.40;9.90;7.50;10.20;13.30;3.92;3.47;0.053;0.161;1.20;211;0.077;3.034;0.35;4.16;10.70;7.60;9.30;0.43;0.43;284.30;269.00;20.60;31.90;;;;;;;;;;;;;;;;;;;;;;;;;;;;;;;;;;;;;;;;;;
2009-11-28 08:00:00;4.22;5.35;7.87;4.46;3.07;5.98;9.70;9.80;8.20;10.10;14.10;4.35;3.52;0.048;0.091;3.80;195;0.155;3.120;0.40;4.50;10.30;7.70;9.30;0.42;0.47;279.10;269.20;24.60;29.90;;;;;;;;;;;;;;;;;;;;;;;;;;;;;;;;;;;;;;;;;;
2009-11-28 08:30:00;3.75;4.59;6.31;3.93;2.67;5.22;9.60;9.50;7.60;7.90;13.70;3.36;3.08;0.055;0.365;1.40;210;0.044;2.975;0.31;3.94;10.20;7.30;8.80;0.42;0.42;272.90;263.20;30.20;35.00;;;;;;;;;;;;;;;;;;;;;;;;;;;;;;;;;;;;;;;;;;
2009-11-28 09:00:00;4.19;5.15;7.00;4.41;3.00;5.66;9.80;9.90;8.10;9.60;14.00;4.05;3.29;0.053;0.214;1.20;196;0.143;2.922;0.46;4.46;11.00;7.80;9.50;0.42;0.54;280.00;266.80;21.90;31.40;;;;;;;;;;;;;;;;;;;;;;;;;;;;;;;;;;;;;;;;;;
2009-11-28 09:30:00;3.96;5.00;7.54;4.29;2.83;5.91;9.40;9.60;7.50;9.60;13.80;4.56;3.46;0.054;0.112;2.90;213;0.050;3.133;0.24;4.29;11.40;7.50;9.30;0.44;0.40;287.90;270.80;26.40;33.50;;;;;;;;;;;;;;;;;;;;;;;;;;;;;;;;;;;;;;;;;;
2009-11-28 10:00:00;4.16;5.13;7.22;4.33;2.95;5.80;9.70;10.00;8.00;9.60;13.70;3.78;3.46;0.049;0.111;2.80;198;0.026;2.972;0.34;4.38;11.00;7.70;9.60;0.45;0.50;285.50;272.40;21.20;30.70;;;;;;;;;;;;;;;;;;;;;;;;;;;;;;;;;;;;;;;;;;
2009-11-28 10:30:00;3.99;4.96;7.07;4.27;2.80;5.53;9.50;9.60;7.50;10.10;14.90;3.72;3.53;0.055;0.123;2.90;210;0.087;3.031;0.38;4.11;11.10;7.50;9.30;0.44;0.42;282.10;265.70;26.10;34.80;;;;;;;;;;;;;;;;;;;;;;;;;;;;;;;;;;;;;;;;;;
2009-11-28 11:00:00;4.06;5.19;7.25;4.29;2.93;6.18;9.10;9.20;7.70;9.30;13.80;4.07;3.69;0.056;0.225;1.00;205;0.019;3.169;0.34;4.36;10.20;7.30;8.90;0.44;0.50;274.90;261.60;28.80;34.70;;;;;;;;;;;;;;;;;;;;;;;;;;;;;;;;;;;;;;;;;;
2009-11-28 11:30:00;4.04;5.05;7.22;4.24;2.87;5.58;8.80;9.10;7.40;8.20;14.00;3.95;3.42;0.053;0.108;4.40;216;0.087;3.152;0.32;4.30;11.10;7.20;8.80;0.44;0.42;279.60;259.50;27.60;35.10;;;;;;;;;;;;;;;;;;;;;;;;;;;;;;;;;;;;;;;;;;
2009-11-28 12:00:00;4.48;5.66;7.96;4.75;3.20;6.65;9.40;9.60;7.70;10.10;12.80;3.90;4.54;0.061;0.582;0.90;206;0.153;3.143;0.25;4.65;10.30;7.50;9.10;0.42;0.45;282.10;261.70;23.40;32.90;;;;;;;;;;;;;;;;;;;;;;;;;;;;;;;;;;;;;;;;;;
2009-11-28 12:30:00;4.25;5.35;6.58;4.62;3.05;5.76;9.30;9.20;7.50;8.60;14.20;3.97;3.59;0.061;0.252;1.60;211;0.099;2.882;0.29;4.61;10.70;7.50;9.10;0.42;0.42;282.60;263.40;20.80;32.40;;;;;;;;;;;;;;;;;;;;;;;;;;;;;;;;;;;;;;;;;;
2009-11-28 13:00:00;4.22;5.40;7.37;4.50;3.00;6.23;9.40;9.20;7.40;11.00;14.40;4.55;3.38;0.061;0.274;0.80;214;0.143;3.209;0.34;4.48;11.00;7.30;9.00;0.43;0.42;284.90;262.10;21.70;33.10;;;;;;;;;;;;;;;;;;;;;;;;;;;;;;;;;;;;;;;;;;
2009-11-28 13:30:00;4.29;5.33;6.72;4.59;3.07;5.80;9.10;9.30;7.30;8.60;14.30;3.38;3.65;0.064;0.184;2.80;216;0.005;2.842;0.27;4.56;11.00;7.20;8.90;0.43;0.37;286.70;258.30;27.40;36.50;;;;;;;;;;;;;;;;;;;;;;;;;;;;;;;;;;;;;;;;;;
2009-11-28 14:00:00;4.34;5.37;7.93;4.66;3.16;6.35;9.00;9.00;7.50;8.90;13.10;4.81;3.81;0.069;0.520;0.80;211;0.149;3.046;0.32;4.64;10.60;7.20;8.70;0.41;0.41;276.80;251.50;30.20;36.20;;;;;;;;;;;;;;;;;;;;;;;;;;;;;;;;;;;;;;;;;;
2009-11-28 14:30:00;4.52;5.75;8.11;4.82;3.25;6.46;9.30;9.20;7.80;9.80;14.80;4.37;4.07;0.062;0.489;1.00;203;0.032;3.125;0.34;4.88;10.10;7.60;9.00;0.39;0.51;276.00;262.30;30.80;33.20;;;;;;;;;;;;;;;;;;;;;;;;;;;;;;;;;;;;;;;;;;
2009-11-28 15:00:00;4.79;6.00;7.41;5.04;3.41;6.46;9.20;9.20;7.80;8.50;15.00;4.32;4.55;0.057;0.152;1.90;203;0.134;3.126;0.33;5.09;10.60;7.50;9.00;0.39;0.41;278.20;253.10;28.50;34.30;;;;;;;;;;;;;;;;;;;;;;;;;;;;;;;;;;;;;;;;;;
2009-11-28 15:30:00;4.62;5.84;7.95;4.83;3.26;6.22;9.30;9.10;7.60;9.20;13.80;5.03;4.05;0.065;0.192;1.10;210;0.158;3.276;0.34;4.78;10.60;7.40;9.00;0.43;0.47;276.10;255.50;33.00;37.20;;;;;;;;;;;;;;;;;;;;;;;;;;;;;;;;;;;;;;;;;;
2009-11-28 16:00:00;5.31;6.83;8.64;5.58;3.78;7.46;9.40;9.60;8.00;10.50;13.40;4.74;4.07;0.060;0.149;1.50;197;0.152;3.093;0.31;5.50;10.20;7.70;9.20;0.39;0.47;278.30;253.10;27.90;34.40;;;;;;;;;;;;;;;;;;;;;;;;;;;;;;;;;;;;;;;;;;
2009-11-28 16:30:00;5.36;6.56;8.50;5.59;3.83;7.70;9.80;9.60;8.30;9.20;14.80;4.71;4.01;0.063;0.601;0.90;191;0.108;2.893;0.41;5.41;9.90;7.80;9.30;0.39;0.52;241.80;249.30;33.50;36.00;;;;;;;;;;;;;;;;;;;;;;;;;;;;;;;;;;;;;;;;;;
2009-11-28 17:00:00;4.85;6.13;7.26;5.22;3.48;7.10;9.20;9.30;7.60;8.40;12.60;4.37;4.37;0.059;0.122;3.30;207;0.145;3.101;0.43;5.13;9.60;7.50;8.90;0.39;0.49;245.80;243.60;35.90;38.90;;;;;;;;;;;;;;;;;;;;;;;;;;;;;;;;;;;;;;;;;;
2009-11-28 17:30:00;5.54;6.97;8.40;6.51;3.88;8.18;9.30;9.20;7.70;8.50;12.60;4.55;4.35;0.058;0.101;6.70;122;0.062;2.229;0.25;999.999;999.999;999.999;999.999;999.999;999.999;999.999;999.999;999.999;999.999;;;;;;;;;;;;;;;;;;;;;;;;;;;;;;;;;;;;;;;;;;
2009-11-28 18:00:00;5.27;6.22;8.36;5.56;3.86;6.90;9.90;10.10;8.70;10.50;13.00;4.65;4.83;0.049;0.143;3.20;182;-0.031;2.687;0.39;5.56;10.50;8.10;9.50;0.39;0.57;249.00;241.40;33.10;35.00;;;;;;;;;;;;;;;;;;;;;;;;;;;;;;;;;;;;;;;;;;
2009-11-28 18:30:00;5.28;6.85;8.69;5.51;3.67;7.80;9.60;9.90;8.00;9.30;12.80;4.86;4.34;0.058;0.203;1.80;198;0.052;3.214;0.47;5.31;10.30;7.80;9.30;0.41;0.52;243.20;245.30;33.40;37.00;;;;;;;;;;;;;;;;;;;;;;;;;;;;;;;;;;;;;;;;;;
2009-11-28 19:00:00;5.28;6.50;8.49;5.55;3.80;7.10;9.90;9.90;8.50;10.50;14.20;4.41;4.08;0.053;0.109;2.70;187;0.100;2.841;0.43;5.57;10.60;8.10;9.60;0.40;0.53;252.10;246.00;30.70;35.60;;;;;;;;;;;;;;;;;;;;;;;;;;;;;;;;;;;;;;;;;;
2009-11-28 19:30:00;5.00;6.04;8.54;5.36;3.60;6.97;9.70;9.50;8.00;9.10;13.40;5.36;3.61;0.058;0.180;1.50;196;0.139;2.908;0.34;5.35;10.30;7.80;9.20;0.39;0.49;245.40;243.80;32.90;37.40;;;;;;;;;;;;;;;;;;;;;;;;;;;;;;;;;;;;;;;;;;
2009-11-28 20:00:00;4.90;6.07;7.96;5.18;3.52;6.76;9.70;9.40;8.20;10.60;12.80;4.76;4.99;0.053;0.155;3.70;193;0.042;3.094;0.36;5.26;10.60;7.90;9.40;0.40;0.47;244.50;243.10;39.20;40.20;;;;;;;;;;;;;;;;;;;;;;;;;;;;;;;;;;;;;;;;;;
2009-11-28 20:30:00;5.57;6.94;8.68;5.91;3.94;7.85;10.10;10.00;8.20;10.50;13.60;4.42;4.38;0.053;0.097;4.90;194;-0.012;2.916;0.49;6.08;10.60;8.20;9.70;0.39;0.54;244.40;245.00;36.30;37.60;;;;;;;;;;;;;;;;;;;;;;;;;;;;;;;;;;;;;;;;;;
2009-11-28 21:00:00;5.76;7.24;9.23;6.12;4.11;7.97;10.30;10.50;8.50;10.30;14.40;5.05;4.78;0.056;0.201;1.80;187;0.094;3.001;0.47;6.34;11.00;8.50;10.00;0.38;0.56;264.90;252.00;36.30;36.10;;;;;;;;;;;;;;;;;;;;;;;;;;;;;;;;;;;;;;;;;;
2009-11-28 21:30:00;5.23;6.46;7.55;5.69;3.77;7.17;10.20;10.10;8.40;9.80;13.90;4.21;4.31;0.061;0.317;0.80;187;-0.016;2.777;0.44;5.65;11.00;8.10;9.80;0.42;0.54;257.40;247.70;33.10;36.60;;;;;;;;;;;;;;;;;;;;;;;;;;;;;;;;;;;;;;;;;;
2009-11-28 22:00:00;6.15;7.53;9.49;6.50;4.42;8.66;10.60;10.40;8.90;10.20;13.20;4.93;4.88;0.058;0.181;3.10;179;-0.007;2.735;0.56;6.43;11.10;8.70;10.20;0.39;0.62;255.40;249.50;25.00;32.10;;;;;;;;;;;;;;;;;;;;;;;;;;;;;;;;;;;;;;;;;;
2009-11-28 22:30:00;5.77;7.26;9.07;6.08;4.12;7.93;10.90;11.00;9.00;10.70;15.50;5.46;4.32;0.056;0.173;2.50;178;0.161;3.042;0.55;5.88;11.70;8.50;10.30;0.42;0.54;261.90;253.60;32.10;34.80;;;;;;;;;;;;;;;;;;;;;;;;;;;;;;;;;;;;;;;;;;
2009-11-28 23:00:00;5.51;7.17;10.25;5.83;3.94;8.53;10.20;10.30;8.30;10.90;14.90;6.38;5.30;0.060;0.308;1.70;192;0.106;3.562;0.42;5.90;11.00;8.20;9.90;0.42;0.49;258.40;250.80;27.80;33.80;;;;;;;;;;;;;;;;;;;;;;;;;;;;;;;;;;;;;;;;;;
2009-11-28 23:30:00;5.37;6.38;7.53;5.64;3.81;7.13;10.10;10.40;8.40;8.90;14.50;4.47;4.01;0.066;0.536;0.90;190;0.111;2.839;0.20;5.58;11.80;8.00;9.90;0.44;0.43;264.60;253.10;31.90;36.00;;;;;;;;;;;;;;;;;;;;;;;;;;;;;;;;;;;;;;;;;;
2009-11-29 00:00:00;5.30;6.73;9.18;5.68;3.84;7.65;10.20;10.30;8.60;11.60;13.80;5.34;4.44;0.054;0.107;1.20;184;0.147;2.903;0.46;5.78;11.10;8.40;10.00;0.42;0.54;269.20;260.70;30.90;34.60;;;;;;;;;;;;;;;;;;;;;;;;;;;;;;;;;;;;;;;;;;
2009-11-29 00:30:00;5.54;6.84;8.28;5.75;3.93;7.38;10.90;10.90;9.10;10.20;14.90;4.52;4.62;0.052;0.167;1.20;173;0.091;3.028;0.45;5.82;11.80;8.60;10.40;0.43;0.53;275.30;263.20;30.00;34.40;;;;;;;;;;;;;;;;;;;;;;;;;;;;;;;;;;;;;;;;;;
2009-11-29 01:00:00;5.24;6.75;7.53;5.54;3.72;7.15;10.20;10.00;8.10;11.90;14.20;5.11;4.35;0.058;0.212;1.70;196;0.128;3.099;0.47;5.60;11.00;8.10;9.80;0.42;0.48;259.30;253.70;34.10;36.60;;;;;;;;;;;;;;;;;;;;;;;;;;;;;;;;;;;;;;;;;;
2009-11-29 01:30:00;5.58;6.96;9.14;5.89;3.96;7.76;10.20;10.20;8.20;8.70;14.80;5.92;4.28;0.077;0.841;0.90;193;0.096;3.038;0.34;5.87;11.40;8.20;9.90;0.42;0.46;273.80;262.80;28.30;34.90;;;;;;;;;;;;;;;;;;;;;;;;;;;;;;;;;;;;;;;;;;
2009-11-29 02:00:00;5.32;6.50;7.74;5.70;3.85;6.90;10.10;10.00;8.40;9.40;15.00;4.66;3.59;0.059;0.228;1.40;188;0.156;2.658;0.19;5.66;11.40;8.10;9.90;0.42;0.43;267.40;258.70;35.50;37.70;;;;;;;;;;;;;;;;;;;;;;;;;;;;;;;;;;;;;;;;;;
2009-11-29 02:30:00;5.46;6.89;8.39;5.88;3.95;7.88;10.20;10.20;8.40;9.90;13.40;5.39;4.29;0.058;0.181;2.20;191;0.101;2.863;0.39;5.81;11.30;8.30;10.00;0.42;0.51;268.30;261.40;31.20;36.70;;;;;;;;;;;;;;;;;;;;;;;;;;;;;;;;;;;;;;;;;;
2009-11-29 03:00:00;4.86;5.77;7.38;5.19;3.50;6.40;10.20;10.90;8.50;10.90;14.30;4.65;3.85;0.056;0.150;2.30;185;0.038;2.743;0.17;5.13;11.80;8.00;9.90;0.44;0.40;263.30;257.90;31.10;36.50;;;;;;;;;;;;;;;;;;;;;;;;;;;;;;;;;;;;;;;;;;
2009-11-29 03:30:00;5.17;6.39;8.07;5.49;3.70;7.47;10.60;10.30;8.60;11.90;14.40;4.42;4.40;0.058;0.255;1.00;181;0.101;2.857;0.41;5.46;11.40;8.30;9.90;0.41;0.49;265.30;259.90;31.00;35.50;;;;;;;;;;;;;;;;;;;;;;;;;;;;;;;;;;;;;;;;;;
2009-11-29 04:00:00;4.88;5.91;7.18;5.36;3.55;6.62;10.40;10.30;8.40;10.20;13.60;4.57;3.75;0.054;0.104;4.60;187;0.039;2.686;0.37;5.31;11.40;8.20;10.10;0.44;0.52;255.60;256.80;30.40;36.70;;;;;;;;;;;;;;;;;;;;;;;;;;;;;;;;;;;;;;;;;;
2009-11-29 04:30:00;4.80;5.98;9.01;5.18;3.43;6.98;9.80;10.10;7.70;10.40;13.20;4.75;4.26;0.065;0.315;1.10;205;0.186;3.029;0.26;5.03;11.40;7.80;9.50;0.42;0.40;262.20;257.10;29.20;35.80;;;;;;;;;;;;;;;;;;;;;;;;;;;;;;;;;;;;;;;;;;
2009-11-29 05:00:00;4.72;5.70;6.78;5.06;3.45;6.47;10.10;10.60;8.50;9.80;14.60;4.36;3.86;0.048;0.088;2.00;188;0.025;2.846;0.31;5.18;11.40;8.10;9.70;0.42;0.46;266.10;261.50;32.10;36.40;;;;;;;;;;;;;;;;;;;;;;;;;;;;;;;;;;;;;;;;;;
2009-11-29 05:30:00;4.25;5.42;7.28;4.52;3.07;6.67;9.90;10.00;7.80;8.90;13.80;4.10;4.01;0.052;0.113;4.20;201;0.027;3.098;0.28;4.55;11.00;7.60;9.30;0.43;0.40;267.70;260.80;33.50;39.10;;;;;;;;;;;;;;;;;;;;;;;;;;;;;;;;;;;;;;;;;;
2009-11-29 06:00:00;4.66;5.89;7.67;5.02;3.27;6.09;10.10;10.50;8.00;10.00;13.80;4.90;4.18;0.053;0.331;1.10;198;0.113;3.009;0.46;5.00;11.00;8.20;9.80;0.41;0.49;267.50;262.30;32.40;35.20;;;;;;;;;;;;;;;;;;;;;;;;;;;;;;;;;;;;;;;;;;
2009-11-29 06:30:00;4.29;5.34;8.00;4.60;3.08;6.64;9.80;10.20;8.10;9.80;16.00;4.16;4.26;0.050;0.089;2.90;197;-0.013;2.996;0.41;4.52;11.40;7.80;9.60;0.42;0.44;255.80;255.80;27.70;36.20;;;;;;;;;;;;;;;;;;;;;;;;;;;;;;;;;;;;;;;;;;
2009-11-29 07:00:00;4.18;5.06;6.30;4.39;2.97;5.63;9.90;9.70;7.90;9.70;15.10;3.52;3.81;0.053;0.183;1.10;199;0.113;2.925;0.35;4.29;11.40;7.60;9.40;0.44;0.39;270.00;257.30;35.30;38.20;;;;;;;;;;;;;;;;;;;;;;;;;;;;;;;;;;;;;;;;;;
2009-11-29 07:30:00;4.32;5.48;7.75;4.66;3.14;6.21;10.00;10.50;8.00;10.70;15.90;4.12;3.63;0.061;0.259;1.60;198;0.180;2.848;0.26;4.56;11.80;7.60;9.60;0.46;0.42;264.90;260.00;28.60;36.30;;;;;;;;;;;;;;;;;;;;;;;;;;;;;;;;;;;;;;;;;;
2009-11-29 08:00:00;4.05;5.06;6.71;4.29;2.87;5.67;9.60;9.60;7.60;9.60;14.60;3.74;3.63;0.059;0.467;0.90;208;0.001;3.067;0.27;4.26;11.30;7.50;9.30;0.43;0.39;272.70;260.30;31.20;38.50;;;;;;;;;;;;;;;;;;;;;;;;;;;;;;;;;;;;;;;;;;
2009-11-29 08:30:00;3.95;4.93;5.86;4.27;2.84;5.36;9.90;10.30;7.80;8.80;13.10;3.76;3.25;0.053;0.153;2.00;203;0.085;2.910;0.36;4.27;11.40;7.70;9.60;0.45;0.45;276.50;265.20;30.80;38.80;;;;;;;;;;;;;;;;;;;;;;;;;;;;;;;;;;;;;;;;;;
2009-11-29 09:00:00;3.97;5.00;6.65;4.24;2.85;5.30;9.70;10.20;7.60;9.20;13.60;3.61;3.74;0.057;0.193;1.10;209;-0.010;3.042;0.33;4.24;10.70;7.50;9.30;0.45;0.43;262.70;255.70;29.80;37.00;;;;;;;;;;;;;;;;;;;;;;;;;;;;;;;;;;;;;;;;;;
2009-11-29 09:30:00;3.87;4.60;5.92;4.13;2.79;5.27;9.60;9.80;7.70;9.70;13.40;3.61;3.29;0.052;0.135;4.00;206;0.031;2.842;0.27;4.05;11.00;7.30;9.10;0.45;0.38;278.30;265.30;30.20;38.20;;;;;;;;;;;;;;;;;;;;;;;;;;;;;;;;;;;;;;;;;;
2009-11-29 10:00:00;3.89;4.70;5.64;4.17;2.81;5.12;9.10;9.60;7.70;12.40;13.40;3.52;3.10;0.053;0.162;1.80;208;0.051;2.860;0.21;4.19;11.40;7.40;9.10;0.42;0.39;273.80;259.00;35.00;38.90;;;;;;;;;;;;;;;;;;;;;;;;;;;;;;;;;;;;;;;;;;
2009-11-29 10:30:00;4.36;5.48;6.58;4.55;3.09;6.36;10.00;10.40;8.10;11.40;14.70;3.71;3.42;0.059;0.184;2.70;198;0.051;2.995;0.39;4.53;11.80;7.90;9.90;0.46;0.48;271.20;262.90;28.30;35.50;;;;;;;;;;;;;;;;;;;;;;;;;;;;;;;;;;;;;;;;;;
2009-11-29 11:00:00;4.39;5.53;8.16;4.59;3.15;6.23;9.80;10.00;8.20;10.20;13.90;4.76;4.07;0.050;0.116;4.00;194;0.112;3.201;0.32;4.52;10.60;7.70;9.50;0.44;0.47;259.30;259.70;26.00;36.20;;;;;;;;;;;;;;;;;;;;;;;;;;;;;;;;;;;;;;;;;;
2009-11-29 11:30:00;4.15;5.12;5.84;4.43;2.99;5.76;9.90;10.80;8.20;10.20;15.50;3.44;3.32;0.055;0.215;2.30;194;0.040;2.832;0.38;4.42;12.20;7.80;9.80;0.45;0.40;264.40;263.30;25.20;35.50;;;;;;;;;;;;;;;;;;;;;;;;;;;;;;;;;;;;;;;;;;
2009-11-29 12:00:00;4.09;5.04;6.07;4.39;2.91;5.68;9.60;9.70;7.60;9.20;13.70;3.51;3.37;0.060;0.230;0.90;208;0.043;2.881;0.31;4.33;11.00;7.50;9.30;0.44;0.41;265.30;262.50;31.50;36.90;;;;;;;;;;;;;;;;;;;;;;;;;;;;;;;;;;;;;;;;;;
2009-11-29 12:30:00;4.13;5.20;7.98;4.40;2.93;5.53;10.10;10.30;7.90;10.80;13.60;3.97;4.01;0.057;0.186;1.70;202;-0.021;3.123;0.45;4.49;11.30;7.90;9.90;0.46;0.55;268.90;266.00;26.00;33.70;;;;;;;;;;;;;;;;;;;;;;;;;;;;;;;;;;;;;;;;;;
2009-11-29 13:00:00;4.66;5.83;6.49;5.00;3.29;6.14;10.30;10.10;8.20;9.00;14.80;3.46;3.66;0.052;0.116;3.20;193;0.035;2.704;0.44;5.05;11.10;8.30;10.00;0.43;0.55;272.50;265.80;21.10;29.80;;;;;;;;;;;;;;;;;;;;;;;;;;;;;;;;;;;;;;;;;;
2009-11-29 13:30:00;4.22;5.15;6.75;4.47;3.01;5.44;9.90;9.90;8.00;10.40;14.60;4.00;3.00;0.069;0.711;0.90;200;0.040;2.812;0.37;4.46;11.10;7.80;9.70;0.46;0.51;274.80;265.50;25.80;34.00;;;;;;;;;;;;;;;;;;;;;;;;;;;;;;;;;;;;;;;;;;
2009-11-29 14:00:00;4.07;5.18;6.84;4.36;2.88;5.73;10.40;10.60;8.10;10.90;14.30;3.80;3.38;0.057;0.230;1.00;196;0.102;2.999;0.47;4.45;11.40;8.00;10.00;0.46;0.57;266.40;262.00;23.40;31.70;;;;;;;;;;;;;;;;;;;;;;;;;;;;;;;;;;;;;;;;;;
2009-11-29 14:30:00;4.20;5.18;7.00;4.42;2.95;5.58;9.90;10.20;7.80;10.00;13.60;4.10;3.66;0.052;0.183;1.30;205;0.102;3.000;0.40;4.26;11.00;7.70;9.50;0.44;0.50;267.70;263.90;30.00;36.20;;;;;;;;;;;;;;;;;;;;;;;;;;;;;;;;;;;;;;;;;;
2009-11-29 15:00:00;3.92;5.03;6.89;4.23;2.77;5.70;10.20;10.20;7.70;10.40;14.90;3.52;4.20;0.058;0.201;2.50;206;-0.016;3.067;0.41;4.20;11.40;7.90;9.90;0.47;0.53;261.40;260.80;26.20;34.80;;;;;;;;;;;;;;;;;;;;;;;;;;;;;;;;;;;;;;;;;;
2009-11-29 15:30:00;3.80;4.51;5.31;3.98;2.72;4.80;9.80;9.80;7.90;9.10;14.40;3.60;3.05;0.059;0.329;1.00;201;0.078;2.768;0.29;4.08;11.00;7.50;9.50;0.46;0.45;262.00;262.00;31.20;36.50;;;;;;;;;;;;;;;;;;;;;;;;;;;;;;;;;;;;;;;;;;
2009-11-29 16:00:00;3.60;4.46;5.92;3.82;2.52;4.88;9.40;9.80;7.30;9.00;13.90;3.20;3.03;0.053;0.141;1.50;218;-0.020;3.023;0.37;3.94;11.10;7.40;9.30;0.44;0.38;270.60;267.50;27.80;35.60;;;;;;;;;;;;;;;;;;;;;;;;;;;;;;;;;;;;;;;;;;
2009-11-29 16:30:00;3.99;4.96;6.76;4.22;2.83;5.62;10.00;10.10;8.00;11.10;14.10;3.24;3.62;0.048;0.115;2.50;199;0.074;2.922;0.41;4.20;11.00;8.00;9.80;0.45;0.52;269.40;263.50;24.60;32.60;;;;;;;;;;;;;;;;;;;;;;;;;;;;;;;;;;;;;;;;;;
2009-11-29 17:00:00;3.67;4.52;5.90;3.94;2.61;5.27;9.40;9.80;7.40;10.00;13.40;3.43;3.29;0.056;0.149;3.10;214;0.063;3.038;0.39;3.83;10.30;7.30;9.20;0.46;0.42;270.80;265.30;30.60;34.90;;;;;;;;;;;;;;;;;;;;;;;;;;;;;;;;;;;;;;;;;;
2009-11-29 17:30:00;3.73;4.75;6.81;3.98;2.66;5.03;9.60;9.50;7.60;9.90;13.20;3.63;3.18;0.059;0.538;1.00;209;0.178;3.074;0.25;3.92;11.00;7.60;9.40;0.44;0.46;274.80;271.40;25.50;32.70;;;;;;;;;;;;;;;;;;;;;;;;;;;;;;;;;;;;;;;;;;
2009-11-29 18:00:00;3.61;4.34;5.47;3.86;2.55;4.57;10.20;10.30;7.60;10.00;13.50;3.37;2.80;0.049;0.147;2.70;209;0.077;2.768;0.32;3.83;11.10;7.60;9.50;0.46;0.47;272.80;267.90;23.30;32.20;;;;;;;;;;;;;;;;;;;;;;;;;;;;;;;;;;;;;;;;;;
2009-11-29 18:30:00;3.52;4.27;5.46;3.72;2.48;4.67;10.10;10.10;7.50;9.50;14.10;2.76;3.45;0.053;0.293;1.70;212;0.045;2.856;0.41;3.69;11.30;7.40;9.40;0.46;0.45;274.90;266.70;26.90;33.00;;;;;;;;;;;;;;;;;;;;;;;;;;;;;;;;;;;;;;;;;;
2009-11-29 19:00:00;3.38;4.23;5.19;3.67;2.41;5.10;9.80;9.80;7.60;11.30;15.80;3.04;2.85;0.049;0.106;1.50;210;0.065;2.772;0.26;3.59;11.30;7.40;9.40;0.47;0.43;266.60;265.30;30.10;36.20;;;;;;;;;;;;;;;;;;;;;;;;;;;;;;;;;;;;;;;;;;
2009-11-29 19:30:00;3.41;4.13;5.32;3.66;2.41;4.79;10.10;10.30;7.70;9.90;14.80;2.65;2.83;0.055;0.288;1.00;205;0.095;2.816;0.33;3.58;11.30;7.60;9.60;0.47;0.47;274.40;271.30;24.50;32.80;;;;;;;;;;;;;;;;;;;;;;;;;;;;;;;;;;;;;;;;;;
2009-11-29 20:00:00;3.69;4.54;6.02;3.93;2.63;4.98;9.40;10.40;7.70;11.30;14.30;3.05;3.24;0.053;0.156;2.00;206;-0.002;2.918;0.32;3.94;11.80;7.50;9.40;0.45;0.40;274.70;271.20;22.60;31.90;;;;;;;;;;;;;;;;;;;;;;;;;;;;;;;;;;;;;;;;;;
2009-11-29 20:30:00;3.28;3.96;5.07;3.45;2.31;4.37;9.40;9.40;7.30;10.70;14.10;2.68;2.92;0.056;0.558;0.90;218;0.034;2.892;0.20;3.40;10.60;7.00;9.00;0.46;0.37;273.00;268.10;30.60;35.40;;;;;;;;;;;;;;;;;;;;;;;;;;;;;;;;;;;;;;;;;;
2009-11-29 21:00:00;3.37;4.17;5.52;3.71;2.47;4.76;9.30;10.20;7.70;10.00;14.10;3.03;2.49;0.060;0.350;1.10;206;0.133;2.757;0.18;3.71;11.80;7.40;9.50;0.47;0.43;272.10;268.30;24.10;32.20;;;;;;;;;;;;;;;;;;;;;;;;;;;;;;;;;;;;;;;;;;
2009-11-29 21:30:00;3.54;4.19;5.23;3.82;2.55;4.49;10.00;10.30;7.80;8.40;14.00;2.69;2.91;0.056;0.430;0.90;205;-0.002;2.617;0.19;3.94;11.80;7.70;9.80;0.47;0.43;274.50;269.50;24.00;30.20;;;;;;;;;;;;;;;;;;;;;;;;;;;;;;;;;;;;;;;;;;
2009-11-29 22:00:00;3.55;4.33;5.61;3.82;2.50;4.71;10.20;10.10;7.60;9.90;16.20;3.06;2.99;0.064;0.309;1.70;211;0.030;2.835;0.40;3.77;11.80;7.60;9.80;0.49;0.50;270.20;267.90;23.70;31.70;;;;;;;;;;;;;;;;;;;;;;;;;;;;;;;;;;;;;;;;;;
2009-11-29 22:30:00;3.12;3.98;5.26;3.37;2.17;4.32;10.00;10.20;7.30;10.80;14.00;3.05;2.57;0.051;0.164;1.30;219;0.097;3.281;0.42;3.33;11.40;7.30;9.50;0.50;0.45;271.00;266.30;25.90;33.90;;;;;;;;;;;;;;;;;;;;;;;;;;;;;;;;;;;;;;;;;;
2009-11-29 23:00:00;3.58;4.35;5.80;3.82;2.57;4.83;10.30;10.50;8.00;7.70;14.40;3.13;2.99;0.047;0.143;1.40;198;0.082;2.739;0.42;3.87;11.70;7.70;9.80;0.48;0.47;269.10;266.20;21.60;29.50;;;;;;;;;;;;;;;;;;;;;;;;;;;;;;;;;;;;;;;;;;
2009-11-29 23:30:00;3.15;3.78;4.67;3.43;2.23;4.00;9.70;10.50;7.20;10.00;15.30;2.62;2.73;0.050;0.213;1.10;219;0.053;2.777;0.25;3.33;11.80;7.20;9.30;0.48;0.39;270.60;271.20;25.00;33.00;;;;;;;;;;;;;;;;;;;;;;;;;;;;;;;;;;;;;;;;;;
2009-11-30 00:00:00;3.32;4.07;5.46;3.58;2.38;4.64;9.40;9.90;7.50;8.40;15.30;3.13;2.71;0.055;0.192;1.20;213;0.052;2.832;0.19;3.63;11.70;7.40;9.60;0.49;0.43;270.60;270.90;24.20;31.40;;;;;;;;;;;;;;;;;;;;;;;;;;;;;;;;;;;;;;;;;;
2009-11-30 00:30:00;3.64;4.56;5.63;3.93;2.58;5.24;10.40;10.30;7.80;8.90;14.90;3.44;3.23;0.050;0.179;1.70;204;0.003;2.916;0.32;3.92;11.40;7.70;9.80;0.47;0.49;269.00;270.60;21.50;28.10;;;;;;;;;;;;;;;;;;;;;;;;;;;;;;;;;;;;;;;;;;
2009-11-30 01:00:00;3.54;4.48;5.25;3.76;2.53;5.10;10.30;10.30;8.00;10.60;13.90;3.23;2.94;0.055;0.281;1.80;199;0.156;3.029;0.43;3.77;11.70;7.60;9.80;0.49;0.50;267.50;270.10;19.40;27.90;;;;;;;;;;;;;;;;;;;;;;;;;;;;;;;;;;;;;;;;;;
2009-11-30 01:30:00;3.75;4.57;6.18;3.99;2.65;4.97;10.40;10.50;7.90;10.00;14.30;3.63;3.24;0.051;0.174;1.00;202;0.057;2.873;0.36;3.94;12.10;7.60;9.80;0.49;0.49;268.90;273.70;20.90;28.10;;;;;;;;;;;;;;;;;;;;;;;;;;;;;;;;;;;;;;;;;;
2009-11-30 02:00:00;3.79;4.93;6.42;4.05;2.68;5.52;10.20;10.30;7.70;10.20;14.60;3.62;3.42;0.052;0.120;3.30;208;0.133;3.236;0.36;3.95;11.40;7.50;9.70;0.49;0.45;266.20;274.60;21.60;29.50;;;;;;;;;;;;;;;;;;;;;;;;;;;;;;;;;;;;;;;;;;
2009-11-30 02:30:00;3.84;4.82;5.98;4.16;2.76;5.25;9.70;9.70;7.40;10.80;13.60;3.46;3.12;0.059;0.221;1.20;214;0.093;2.859;0.23;4.05;11.10;7.20;9.10;0.46;0.36;268.20;278.90;21.60;29.30;;;;;;;;;;;;;;;;;;;;;;;;;;;;;;;;;;;;;;;;;;
2009-11-30 03:00:00;4.23;5.35;6.59;4.57;3.01;6.01;10.00;10.40;7.60;11.90;15.20;3.55;3.65;0.067;0.297;1.70;210;0.012;2.906;0.33;4.63;11.40;7.70;9.70;0.47;0.46;273.60;280.70;21.10;27.10;;;;;;;;;;;;;;;;;;;;;;;;;;;;;;;;;;;;;;;;;;
2009-11-30 03:30:00;4.48;5.73;7.88;4.73;3.18;6.27;10.00;10.20;8.20;8.20;15.90;4.15;4.46;0.063;0.256;1.90;194;-0.029;3.162;0.34;4.62;11.40;7.80;9.80;0.46;0.44;272.70;280.90;24.20;28.30;;;;;;;;;;;;;;;;;;;;;;;;;;;;;;;;;;;;;;;;;;
2009-11-30 04:00:00;4.07;5.01;7.02;4.39;2.92;5.79;10.00;10.20;7.80;9.60;14.80;3.53;3.52;0.072;0.430;0.90;203;-0.012;2.882;0.24;4.35;12.10;7.50;9.70;0.48;0.44;269.40;281.20;24.30;30.00;;;;;;;;;;;;;;;;;;;;;;;;;;;;;;;;;;;;;;;;;;
2009-11-30 04:30:00;4.56;5.62;7.48;4.81;3.23;6.42;10.50;10.60;8.10;10.10;14.30;3.80;3.72;0.056;0.185;2.60;197;0.030;2.956;0.40;4.93;11.40;8.10;10.20;0.46;0.51;279.40;283.50;18.80;25.30;;;;;;;;;;;;;;;;;;;;;;;;;;;;;;;;;;;;;;;;;;
2009-11-30 05:00:00;4.45;5.39;6.77;4.69;3.12;6.17;10.30;10.60;8.00;11.70;15.50;4.34;3.42;0.055;0.184;1.10;198;0.175;2.975;0.47;4.76;12.10;7.90;9.90;0.45;0.45;278.60;284.40;20.80;26.80;;;;;;;;;;;;;;;;;;;;;;;;;;;;;;;;;;;;;;;;;;
2009-11-30 05:30:00;4.35;5.37;6.54;4.63;3.11;5.87;10.30;10.50;7.90;9.90;14.60;3.73;3.73;0.060;0.182;1.40;200;0.002;2.874;0.29;4.63;11.80;7.70;9.80;0.47;0.44;276.40;284.90;20.30;26.30;;;;;;;;;;;;;;;;;;;;;;;;;;;;;;;;;;;;;;;;;;
2009-11-30 06:00:00;4.10;5.13;7.21;4.40;2.93;5.68;10.10;10.60;7.80;10.70;13.90;4.04;3.32;0.058;0.234;1.30;205;0.098;3.047;0.31;4.41;11.80;7.60;9.70;0.47;0.45;280.00;286.50;21.00;26.80;;;;;;;;;;;;;;;;;;;;;;;;;;;;;;;;;;;;;;;;;;
2009-11-30 06:30:00;4.38;5.43;7.43;4.71;3.18;6.15;9.90;10.40;8.00;12.00;13.30;3.84;3.67;0.056;0.297;1.10;198;0.141;2.826;0.23;4.87;12.10;8.00;10.00;0.45;0.43;276.10;283.10;17.70;23.70;;;;;;;;;;;;;;;;;;;;;;;;;;;;;;;;;;;;;;;;;;
2009-11-30 07:00:00;4.28;5.23;6.98;4.58;3.02;5.59;10.30;10.70;7.90;10.80;15.90;4.14;3.40;0.060;0.254;1.00;200;0.118;2.885;0.44;4.54;12.10;7.90;9.90;0.45;0.43;274.20;282.80;18.50;24.90;;;;;;;;;;;;;;;;;;;;;;;;;;;;;;;;;;;;;;;;;;
2009-11-30 07:30:00;3.98;4.90;6.19;4.26;2.84;5.39;9.40;10.00;7.50;8.80;14.90;3.40;2.92;0.056;0.152;1.80;212;0.148;2.951;0.25;4.13;12.10;7.30;9.30;0.45;0.37;273.80;284.10;20.20;27.00;;;;;;;;;;;;;;;;;;;;;;;;;;;;;;;;;;;;;;;;;;
2009-11-30 08:00:00;4.48;5.59;6.79;4.76;3.24;6.30;10.30;11.20;8.50;11.10;14.30;3.97;3.63;0.052;0.237;1.20;187;0.066;2.850;0.42;4.83;11.80;8.10;10.00;0.44;0.49;274.90;282.90;17.30;23.10;;;;;;;;;;;;;;;;;;;;;;;;;;;;;;;;;;;;;;;;;;
2009-11-30 08:30:00;4.40;5.50;7.73;4.79;3.15;5.98;10.00;10.60;8.20;10.20;15.00;4.09;3.64;0.055;0.181;1.10;180;0.172;2.798;0.30;4.58;11.80;7.80;9.80;0.46;0.44;279.00;285.20;19.10;24.90;;;;;;;;;;;;;;;;;;;;;;;;;;;;;;;;;;;;;;;;;;
2009-11-30 09:00:00;3.86;4.85;6.57;4.21;2.69;5.58;9.60;9.90;7.10;10.40;13.80;3.99;3.41;0.060;0.265;1.70;223;0.189;3.070;0.33;4.15;12.10;7.50;9.50;0.46;0.38;276.70;287.60;22.30;26.60;;;;;;;;;;;;;;;;;;;;;;;;;;;;;;;;;;;;;;;;;;
2009-11-30 09:30:00;3.87;4.93;7.07;4.25;2.83;5.87;9.50;10.00;7.60;11.20;13.60;3.52;3.97;0.060;0.137;3.40;208;0.041;3.134;0.23;4.27;12.10;7.40;9.30;0.44;0.33;276.60;288.10;23.20;26.40;;;;;;;;;;;;;;;;;;;;;;;;;;;;;;;;;;;;;;;;;;
2009-11-30 10:00:00;4.37;5.40;6.06;4.69;3.08;5.94;10.20;10.40;8.00;9.10;15.20;3.60;3.41;0.062;0.691;0.90;199;0.050;2.797;0.30;4.66;12.10;7.90;9.90;0.45;0.45;279.40;286.80;16.30;23.10;;;;;;;;;;;;;;;;;;;;;;;;;;;;;;;;;;;;;;;;;;
2009-11-30 10:30:00;4.15;5.11;6.41;4.40;2.98;6.19;10.00;10.10;7.90;10.30;14.20;3.87;4.21;0.057;0.176;2.40;201;0.070;2.989;0.43;4.42;12.10;7.50;9.50;0.46;0.40;273.70;285.90;20.50;25.80;;;;;;;;;;;;;;;;;;;;;;;;;;;;;;;;;;;;;;;;;;
2009-11-30 11:00:00;4.34;5.22;7.15;4.64;3.11;5.68;10.00;9.90;7.90;9.50;13.70;3.91;3.35;0.059;0.146;2.50;201;0.154;2.884;0.16;4.60;11.80;7.70;9.60;0.45;0.39;275.20;284.70;18.20;24.70;;;;;;;;;;;;;;;;;;;;;;;;;;;;;;;;;;;;;;;;;;
2009-11-30 11:30:00;4.08;5.01;7.35;4.33;2.87;5.19;9.60;10.10;7.50;10.90;15.00;4.03;3.32;0.057;0.251;1.20;211;0.166;3.199;0.19;4.52;11.80;7.60;9.50;0.45;0.39;277.10;286.50;21.50;26.00;;;;;;;;;;;;;;;;;;;;;;;;;;;;;;;;;;;;;;;;;;
2009-11-30 12:00:00;4.42;5.41;6.72;4.70;3.13;6.29;10.10;10.40;7.80;11.00;13.80;3.96;3.72;0.059;0.133;0.90;203;0.029;2.859;0.38;4.69;11.40;7.80;9.60;0.45;0.45;275.70;284.00;21.20;25.40;;;;;;;;;;;;;;;;;;;;;;;;;;;;;;;;;;;;;;;;;;
2009-11-30 12:30:00;4.40;5.50;7.01;4.68;3.12;6.80;9.90;10.40;8.00;9.40;13.70;4.47;3.33;0.065;0.638;0.90;199;0.195;3.041;0.33;4.58;11.80;7.90;9.80;0.45;0.45;275.20;282.90;18.80;23.90;;;;;;;;;;;;;;;;;;;;;;;;;;;;;;;;;;;;;;;;;;
2009-11-30 13:00:00;4.13;4.98;5.83;4.38;2.90;5.47;10.20;10.10;7.80;9.50;14.00;3.75;3.12;0.062;0.290;2.60;204;0.083;2.851;0.37;4.38;11.10;7.60;9.60;0.46;0.49;277.90;285.00;19.80;24.90;;;;;;;;;;;;;;;;;;;;;;;;;;;;;;;;;;;;;;;;;;
2009-11-30 13:30:00;3.93;4.94;6.07;4.21;2.74;5.14;9.80;10.10;7.20;9.20;15.70;3.33;3.26;0.061;0.151;2.60;220;0.083;2.904;0.41;4.14;11.40;7.40;9.30;0.46;0.42;278.20;285.80;21.10;26.20;;;;;;;;;;;;;;;;;;;;;;;;;;;;;;;;;;;;;;;;;;
2009-11-30 14:00:00;3.93;4.97;6.87;4.16;2.77;5.57;9.90;10.40;7.70;9.00;13.30;3.60;3.73;0.059;0.298;1.10;207;0.013;3.063;0.35;4.19;11.10;7.70;9.70;0.47;0.46;280.20;285.40;16.80;24.20;;;;;;;;;;;;;;;;;;;;;;;;;;;;;;;;;;;;;;;;;;
2009-11-30 14:30:00;3.60;4.45;5.68;3.83;2.54;4.99;9.60;10.00;7.40;10.30;13.10;3.04;2.94;0.060;0.365;1.20;216;0.186;2.969;0.30;3.85;11.80;7.30;9.40;0.49;0.45;281.50;287.80;22.20;26.90;;;;;;;;;;;;;;;;;;;;;;;;;;;;;;;;;;;;;;;;;;
2009-11-30 15:00:00;3.54;4.29;6.03;3.86;2.57;4.75;9.70;10.20;7.50;11.30;13.90;3.80;2.78;0.057;0.167;1.70;214;0.056;2.817;0.41;3.89;11.00;7.30;9.30;0.48;0.45;277.50;284.80;18.30;25.40;;;;;;;;;;;;;;;;;;;;;;;;;;;;;;;;;;;;;;;;;;
2009-11-30 15:30:00;3.89;4.86;6.32;4.11;2.72;5.16;9.80;10.00;7.50;10.30;13.30;3.48;3.23;0.056;0.225;2.20;213;0.037;3.061;0.41;4.14;11.00;7.50;9.50;0.48;0.53;281.20;287.60;19.40;24.60;;;;;;;;;;;;;;;;;;;;;;;;;;;;;;;;;;;;;;;;;;
2009-11-30 16:00:00;3.67;4.45;5.16;3.87;2.52;4.92;9.80;9.60;7.20;8.80;14.20;2.94;3.29;0.056;0.215;1.20;221;0.104;2.947;0.39;3.80;11.00;7.30;9.30;0.47;0.50;279.10;286.50;21.50;24.90;;;;;;;;;;;;;;;;;;;;;;;;;;;;;;;;;;;;;;;;;;
2009-11-30 16:30:00;3.19;4.05;5.28;3.40;2.22;4.60;8.90;9.50;6.80;9.40;13.30;2.59;2.97;0.067;0.373;0.90;233;-0.112;3.116;0.33;3.40;10.60;7.00;8.90;0.47;0.43;278.00;286.90;23.00;27.60;;;;;;;;;;;;;;;;;;;;;;;;;;;;;;;;;;;;;;;;;;
2009-11-30 17:00:00;3.42;4.24;6.03;3.70;2.45;4.68;9.20;9.50;7.20;9.20;12.90;3.61;3.17;0.061;0.430;1.00;221;0.047;3.113;0.38;3.72;11.00;7.10;8.90;0.46;0.43;281.20;288.50;21.70;24.80;;;;;;;;;;;;;;;;;;;;;;;;;;;;;;;;;;;;;;;;;;
2009-11-30 17:30:00;3.18;3.93;4.72;3.38;2.23;4.16;9.50;9.50;6.90;10.30;14.00;2.73;2.34;0.066;0.223;1.00;229;0.176;2.935;0.23;3.37;11.00;6.90;8.80;0.47;0.39;280.10;289.00;21.10;25.50;;;;;;;;;;;;;;;;;;;;;;;;;;;;;;;;;;;;;;;;;;
2009-11-30 18:00:00;3.18;3.97;4.75;3.48;2.29;4.49;9.10;9.20;7.10;7.50;14.20;3.14;3.02;0.057;0.177;2.80;221;0.098;3.066;0.28;3.47;10.70;6.90;8.90;0.47;0.41;281.40;288.40;22.00;25.40;;;;;;;;;;;;;;;;;;;;;;;;;;;;;;;;;;;;;;;;;;
2009-11-30 18:30:00;3.15;3.91;5.70;3.32;2.23;4.34;9.30;9.70;7.20;10.40;13.70;3.54;2.87;0.052;0.136;2.10;222;0.165;3.124;0.26;3.29;10.20;7.00;8.80;0.46;0.45;284.70;288.00;19.00;23.70;;;;;;;;;;;;;;;;;;;;;;;;;;;;;;;;;;;;;;;;;;
2009-11-30 19:00:00;3.07;3.87;5.50;3.27;2.20;4.58;9.10;9.80;7.10;9.50;13.10;3.54;2.50;0.066;0.687;0.90;223;0.042;3.103;0.26;3.31;11.00;6.80;8.80;0.48;0.41;281.70;289.00;17.30;23.50;;;;;;;;;;;;;;;;;;;;;;;;;;;;;;;;;;;;;;;;;;
2009-11-30 19:30:00;2.75;3.45;4.74;2.93;1.94;3.78;9.10;8.70;6.90;8.70;13.50;2.65;2.36;0.053;0.120;2.20;231;0.126;3.154;0.21;2.94;11.40;6.80;8.80;0.48;0.38;279.70;287.50;20.10;25.00;;;;;;;;;;;;;;;;;;;;;;;;;;;;;;;;;;;;;;;;;;
2009-11-30 20:00:00;2.62;3.24;4.90;2.82;1.89;3.54;9.00;9.30;7.10;8.10;12.90;2.73;2.45;0.048;0.228;1.20;226;0.086;3.054;0.28;2.85;10.20;6.80;8.70;0.47;0.42;284.10;288.00;22.80;25.50;;;;;;;;;;;;;;;;;;;;;;;;;;;;;;;;;;;;;;;;;;
2009-11-30 20:30:00;2.63;3.14;3.77;2.85;1.88;3.36;9.20;9.70;6.90;9.70;14.00;2.10;2.00;0.053;0.168;1.10;231;0.095;2.662;0.24;2.85;10.60;6.80;8.70;0.46;0.44;282.80;288.00;17.70;23.30;;;;;;;;;;;;;;;;;;;;;;;;;;;;;;;;;;;;;;;;;;
2009-11-30 21:00:00;2.41;2.88;3.28;2.59;1.72;3.08;8.90;9.20;6.70;9.20;12.60;2.02;1.78;0.048;0.291;1.00;236;0.067;2.753;0.33;2.63;10.60;6.60;8.60;0.48;0.42;279.00;287.00;22.80;27.20;;;;;;;;;;;;;;;;;;;;;;;;;;;;;;;;;;;;;;;;;;
2009-11-30 21:30:00;2.63;3.22;4.10;2.77;1.85;3.43;9.30;9.50;7.10;10.70;13.50;2.24;2.09;0.055;0.480;0.90;225;0.014;2.956;0.30;2.72;10.70;6.90;8.80;0.48;0.41;282.30;287.60;20.40;24.40;;;;;;;;;;;;;;;;;;;;;;;;;;;;;;;;;;;;;;;;;;
2009-11-30 22:00:00;2.35;2.91;3.68;2.54;1.67;3.10;8.60;9.10;6.60;10.10;13.50;2.02;1.80;0.052;0.266;1.70;240;0.027;2.936;0.22;2.54;10.70;6.50;8.50;0.48;0.37;279.40;289.30;24.70;27.70;;;;;;;;;;;;;;;;;;;;;;;;;;;;;;;;;;;;;;;;;;
2009-11-30 22:30:00;2.29;2.77;3.71;2.43;1.61;2.98;8.80;9.30;6.60;9.30;13.60;2.49;2.03;0.045;0.119;2.70;241;0.138;2.949;0.30;2.42;10.60;6.50;8.30;0.47;0.42;284.80;289.30;25.50;28.10;;;;;;;;;;;;;;;;;;;;;;;;;;;;;;;;;;;;;;;;;;
2009-11-30 23:00:00;2.30;2.79;3.37;2.44;1.63;2.98;9.00;9.00;6.80;9.70;12.80;2.02;1.76;0.052;0.363;0.90;236;0.021;2.744;0.26;2.44;11.00;6.80;8.80;0.49;0.46;280.70;287.00;22.40;27.10;;;;;;;;;;;;;;;;;;;;;;;;;;;;;;;;;;;;;;;;;;
2009-11-30 23:30:00;2.22;2.77;4.23;2.37;1.58;2.99;9.40;9.30;6.90;9.50;12.80;2.37;1.93;0.047;0.139;1.80;231;0.139;3.117;0.32;2.34;10.60;6.50;8.50;0.49;0.46;282.70;286.60;22.80;28.30;;;;;;;;;;;;;;;;;;;;;;;;;;;;;;;;;;;;;;;;;;
2009-12-01 00:00:00;2.32;3.04;5.96;2.55;1.65;3.27;8.80;9.40;6.80;10.00;12.60;3.37;2.59;0.043;0.119;1.20;235;0.173;4.110;0.51;2.46;10.70;6.90;8.80;0.48;0.48;278.50;283.70;20.20;26.30;;;;;;;;;;;;;;;;;;;;;;;;;;;;;;;;;;;;;;;;;;
2009-12-01 00:30:00;2.01;2.50;3.06;2.17;1.44;2.75;8.80;8.80;6.70;8.80;13.90;1.86;1.61;0.044;0.253;0.80;239;0.077;2.879;0.28;2.21;10.20;6.50;8.40;0.48;0.42;287.90;285.50;26.20;29.50;;;;;;;;;;;;;;;;;;;;;;;;;;;;;;;;;;;;;;;;;;
2009-12-01 01:00:00;1.98;2.39;3.06;2.09;1.39;2.56;8.90;9.10;6.60;8.60;12.90;1.97;1.69;0.051;0.309;1.00;240;0.074;2.953;0.25;2.07;10.50;6.50;8.50;0.49;0.45;277.80;281.40;21.00;28.70;;;;;;;;;;;;;;;;;;;;;;;;;;;;;;;;;;;;;;;;;;
2009-12-01 01:30:00;2.17;2.68;3.42;2.35;1.57;3.08;9.00;9.30;7.20;9.20;12.40;2.15;2.04;0.036;0.315;1.30;220;0.018;2.850;0.40;2.31;10.30;7.00;8.70;0.45;0.50;276.50;279.20;23.70;27.20;;;;;;;;;;;;;;;;;;;;;;;;;;;;;;;;;;;;;;;;;;
2009-12-01 02:00:00;2.10;2.62;3.71;2.23;1.49;2.79;9.20;9.60;7.00;9.90;13.50;2.11;1.60;0.037;0.201;0.90;229;0.088;2.916;0.41;2.28;10.30;7.10;8.90;0.46;0.53;273.30;276.30;20.60;27.10;;;;;;;;;;;;;;;;;;;;;;;;;;;;;;;;;;;;;;;;;;
2009-12-01 02:30:00;2.07;2.58;3.15;2.23;1.48;2.80;8.90;9.20;7.10;9.20;12.40;1.77;1.66;0.037;0.255;1.10;223;0.022;2.813;0.45;2.21;9.90;7.00;8.50;0.43;0.53;277.80;278.40;21.50;26.40;;;;;;;;;;;;;;;;;;;;;;;;;;;;;;;;;;;;;;;;;;
2009-12-01 03:00:00;1.92;2.43;3.28;2.03;1.36;2.77;9.10;9.30;7.10;8.00;13.60;1.76;1.62;0.033;0.115;1.70;226;0.031;2.900;0.37;1.99;10.30;6.80;8.50;0.46;0.46;276.70;277.10;24.20;29.50;;;;;;;;;;;;;;;;;;;;;;;;;;;;;;;;;;;;;;;;;;
2009-12-01 03:30:00;2.21;2.78;3.50;2.33;1.62;3.27;9.20;8.90;8.00;9.10;12.40;2.05;1.82;0.031;0.221;1.20;199;0.016;2.807;0.35;2.35;10.30;7.50;8.90;0.42;0.56;279.80;281.00;20.70;25.50;;;;;;;;;;;;;;;;;;;;;;;;;;;;;;;;;;;;;;;;;;
2009-12-01 04:00:00;1.99;2.46;3.21;2.12;1.40;2.72;8.80;9.20;7.00;8.90;12.20;1.74;1.52;0.028;0.061;1.20;225;0.080;2.880;0.41;2.14;10.30;7.10;8.60;0.42;0.50;285.30;282.00;24.60;27.00;;;;;;;;;;;;;;;;;;;;;;;;;;;;;;;;;;;;;;;;;;
2009-12-01 04:30:00;1.97;2.41;3.19;2.11;1.41;2.65;8.90;8.70;7.20;9.10;12.60;1.58;1.61;0.041;0.211;1.20;221;-0.024;2.800;0.42;2.14;9.90;7.20;8.70;0.42;0.51;283.30;280.40;21.90;26.40;;;;;;;;;;;;;;;;;;;;;;;;;;;;;;;;;;;;;;;;;;
2009-12-01 05:00:00;1.99;2.47;4.27;2.12;1.44;2.63;9.00;8.90;7.40;8.60;12.60;2.27;2.00;0.036;0.184;1.30;217;0.058;3.104;0.38;2.06;10.20;7.10;8.60;0.42;0.49;280.90;281.20;22.00;26.40;;;;;;;;;;;;;;;;;;;;;;;;;;;;;;;;;;;;;;;;;;
2009-12-01 05:30:00;1.84;2.24;2.69;1.97;1.31;2.49;9.20;8.90;7.20;8.90;12.60;1.63;1.34;0.029;0.109;1.30;220;0.116;2.741;0.42;1.97;10.00;7.20;8.70;0.43;0.55;286.10;282.00;20.40;26.60;;;;;;;;;;;;;;;;;;;;;;;;;;;;;;;;;;;;;;;;;;
2009-12-01 06:00:00;1.83;2.27;2.84;1.93;1.28;2.50;8.80;9.00;7.20;9.70;13.40;1.80;1.50;0.028;0.116;1.70;220;0.052;2.980;0.41;1.88;9.90;7.00;8.50;0.42;0.52;282.60;280.80;22.20;26.40;;;;;;;;;;;;;;;;;;;;;;;;;;;;;;;;;;;;;;;;;;
2009-12-01 06:30:00;1.61;2.06;2.75;1.75;1.16;2.29;8.60;8.70;6.90;8.90;13.20;1.54;1.54;0.029;0.107;1.70;232;0.043;2.925;0.34;1.73;10.20;6.80;8.30;0.43;0.46;286.80;282.20;25.40;28.80;;;;;;;;;;;;;;;;;;;;;;;;;;;;;;;;;;;;;;;;;;
2009-12-01 07:00:00;1.73;2.14;2.52;1.84;1.22;2.36;9.00;9.00;7.10;9.70;12.60;1.53;1.39;0.031;0.171;0.90;226;0.040;2.957;0.37;1.83;9.70;7.00;8.60;0.44;0.50;290.20;283.80;23.30;27.40;;;;;;;;;;;;;;;;;;;;;;;;;;;;;;;;;;;;;;;;;;
2009-12-01 07:30:00;1.52;1.87;2.43;1.62;1.07;2.02;9.00;8.80;6.70;8.80;12.10;1.32;1.36;0.031;0.103;1.00;238;0.028;2.949;0.34;1.60;10.20;6.70;8.40;0.46;0.48;287.30;282.40;26.30;29.10;;;;;;;;;;;;;;;;;;;;;;;;;;;;;;;;;;;;;;;;;;
2009-12-01 08:00:00;1.51;1.82;2.37;1.64;1.08;1.91;8.90;9.00;7.00;8.50;11.90;1.22;1.22;0.029;0.283;0.90;226;0.008;2.637;0.26;1.62;10.30;6.80;8.50;0.46;0.45;280.30;279.30;25.80;29.70;;;;;;;;;;;;;;;;;;;;;;;;;;;;;;;;;;;;;;;;;;
2009-12-01 08:30:00;1.66;2.10;2.66;1.76;1.15;2.30;9.10;9.30;7.00;8.00;12.10;1.39;1.28;0.031;0.208;0.90;226;0.001;2.972;0.47;1.78;10.30;7.20;8.90;0.46;0.55;282.40;280.70;21.60;27.10;;;;;;;;;;;;;;;;;;;;;;;;;;;;;;;;;;;;;;;;;;
2009-12-01 09:00:00;1.57;2.04;2.79;1.68;1.12;2.27;8.80;9.30;7.10;8.60;14.30;1.45;1.34;0.026;0.096;1.70;226;0.039;3.260;0.40;1.65;10.30;7.00;8.70;0.46;0.48;283.30;278.60;28.00;32.00;;;;;;;;;;;;;;;;;;;;;;;;;;;;;;;;;;;;;;;;;;
2009-12-01 09:30:00;1.58;1.99;2.44;1.67;1.11;2.17;9.30;9.20;7.00;10.10;12.80;1.41;1.36;0.027;0.086;1.40;227;0.036;2.986;0.42;1.69;10.30;7.10;8.90;0.47;0.50;281.50;278.50;27.40;30.50;;;;;;;;;;;;;;;;;;;;;;;;;;;;;;;;;;;;;;;;;;
2009-12-01 10:00:00;1.55;1.98;2.57;1.64;1.07;2.29;9.30;9.50;6.80;8.80;13.50;1.27;1.55;0.031;0.232;1.00;234;0.006;3.122;0.44;1.62;10.30;6.90;8.80;0.50;0.52;283.30;278.70;24.80;30.30;;;;;;;;;;;;;;;;;;;;;;;;;;;;;;;;;;;;;;;;;;
2009-12-01 10:30:00;1.35;1.67;2.32;1.47;0.95;1.86;9.00;8.90;6.40;8.80;11.90;1.32;1.46;0.040;0.274;0.90;248;0.018;2.914;0.40;1.43;9.70;6.30;8.30;0.53;0.50;278.70;273.90;30.90;34.10;;;;;;;;;;;;;;;;;;;;;;;;;;;;;;;;;;;;;;;;;;
2009-12-01 11:00:00;1.51;1.95;2.75;1.60;1.05;2.18;8.80;9.10;6.50;9.90;12.20;1.30;1.55;0.046;0.310;1.10;246;0.014;3.181;0.43;1.64;9.80;6.40;8.50;0.54;0.55;283.30;275.00;25.90;30.30;;;;;;;;;;;;;;;;;;;;;;;;;;;;;;;;;;;;;;;;;;
2009-12-01 11:30:00;1.37;1.71;2.24;1.48;0.96;2.03;8.60;9.10;6.00;9.40;11.50;1.31;1.22;0.049;0.250;1.00;266;0.069;2.958;0.39;1.47;10.20;5.90;8.20;0.57;0.51;280.50;268.10;32.70;35.80;;;;;;;;;;;;;;;;;;;;;;;;;;;;;;;;;;;;;;;;;;
2009-12-01 12:00:00;1.33;1.62;2.22;1.43;0.94;1.77;8.30;8.80;5.70;9.50;11.70;1.26;1.09;0.048;0.173;1.20;281;0.037;2.860;0.30;1.40;9.90;5.40;7.70;0.57;0.48;277.70;264.80;37.50;37.50;;;;;;;;;;;;;;;;;;;;;;;;;;;;;;;;;;;;;;;;;;
2009-12-01 12:30:00;1.35;1.72;2.15;1.51;0.96;1.94;7.60;8.80;5.30;6.60;11.60;1.33;1.34;0.065;0.259;1.00;298;0.057;2.934;0.23;1.49;10.20;5.30;7.70;0.57;0.53;278.00;258.80;30.40;35.90;;;;;;;;;;;;;;;;;;;;;;;;;;;;;;;;;;;;;;;;;;
2009-12-01 13:00:00;1.40;1.75;2.51;1.58;0.99;1.95;7.20;8.00;5.10;7.40;11.40;1.30;1.46;0.057;0.189;2.10;314;0.070;2.961;0.24;1.54;10.20;4.90;7.20;0.54;0.51;280.30;250.40;31.40;34.50;;;;;;;;;;;;;;;;;;;;;;;;;;;;;;;;;;;;;;;;;;
2009-12-01 13:30:00;1.50;1.91;2.53;1.69;1.08;2.12;6.90;8.20;5.10;9.30;11.30;1.51;1.37;0.071;0.306;0.90;312;0.071;2.954;0.22;1.67;10.20;5.00;7.20;0.54;0.48;287.00;250.60;28.10;33.50;;;;;;;;;;;;;;;;;;;;;;;;;;;;;;;;;;;;;;;;;;
2009-12-01 14:30:00;1.61;1.99;2.46;1.76;1.15;2.19;6.00;6.30;4.80;9.10;11.00;1.64;1.35;0.063;0.172;1.10;334;0.093;3.058;0.20;1.74;9.60;4.70;6.30;0.44;0.08;279.40;223.40;27.00;35.70;;;;;;;;;;;;;;;;;;;;;;;;;;;;;;;;;;;;;;;;;;
2009-12-01 15:00:00;1.61;1.96;2.75;1.80;1.17;2.24;5.80;5.80;4.70;5.10;10.60;1.46;1.71;0.066;0.414;0.80;336;0.000;2.946;0.11;1.77;4.70;4.70;6.10;0.42;0.07;195.50;215.00;31.80;37.00;;;;;;;;;;;;;;;;;;;;;;;;;;;;;;;;;;;;;;;;;;
2009-12-01 15:30:00;1.81;2.21;3.03;1.98;1.31;2.37;5.80;5.70;4.90;7.20;11.40;2.22;1.35;0.068;0.303;1.00;327;0.178;3.042;0.14;2.02;5.10;4.80;5.80;0.36;0.27;189.90;204.10;27.80;35.60;;;;;;;;;;;;;;;;;;;;;;;;;;;;;;;;;;;;;;;;;;
2009-12-01 16:00:00;1.80;2.24;3.40;1.96;1.29;2.43;6.00;6.00;4.80;5.70;9.70;1.81;1.59;0.074;0.726;0.80;330;0.092;3.001;0.34;1.89;5.50;4.70;5.80;0.38;0.34;203.80;204.40;36.60;39.80;;;;;;;;;;;;;;;;;;;;;;;;;;;;;;;;;;;;;;;;;;
2009-12-01 16:30:00;2.05;2.58;4.11;2.22;1.46;2.88;5.70;5.70;4.90;5.50;9.40;2.35;1.81;0.068;0.443;1.00;322;0.099;3.137;0.33;2.14;5.70;4.90;5.90;0.35;0.38;189.20;197.60;26.00;34.90;;;;;;;;;;;;;;;;;;;;;;;;;;;;;;;;;;;;;;;;;;
2009-12-01 17:00:00;2.28;2.81;3.82;2.44;1.62;3.00;6.10;6.30;5.20;6.10;9.60;2.31;1.80;0.064;0.474;1.00;309;0.084;3.038;0.29;2.44;6.30;5.20;6.10;0.34;0.46;188.30;197.00;26.60;33.40;;;;;;;;;;;;;;;;;;;;;;;;;;;;;;;;;;;;;;;;;;
2009-12-01 17:30:00;2.24;2.92;3.80;2.47;1.66;3.21;6.10;6.10;5.30;5.80;10.10;2.23;2.01;0.064;0.253;1.80;300;0.041;3.040;0.26;2.39;6.10;5.10;6.00;0.34;0.44;194.70;197.40;28.20;35.20;;;;;;;;;;;;;;;;;;;;;;;;;;;;;;;;;;;;;;;;;;
2009-12-01 18:00:00;2.28;2.96;4.76;2.45;1.62;3.33;6.20;6.30;5.20;6.80;10.10;3.19;1.99;0.064;0.220;1.10;307;0.234;3.474;0.38;2.44;6.30;5.20;6.20;0.36;0.47;195.10;196.40;31.10;37.10;;;;;;;;;;;;;;;;;;;;;;;;;;;;;;;;;;;;;;;;;;
2009-12-01 18:30:00;2.36;2.95;3.58;2.55;1.70;3.21;6.50;6.40;5.50;5.90;12.80;2.33;2.07;0.065;0.215;1.30;290;0.127;2.939;0.35;2.57;6.30;5.40;6.40;0.35;0.47;196.70;201.20;28.70;34.10;;;;;;;;;;;;;;;;;;;;;;;;;;;;;;;;;;;;;;;;;;
2009-12-01 19:00:00;2.41;3.08;4.63;2.56;1.72;3.22;6.40;6.50;5.60;7.10;9.80;2.35;2.28;0.064;0.758;0.90;287;0.027;3.160;0.41;2.60;6.80;5.50;6.40;0.35;0.51;197.50;197.70;27.00;33.80;;;;;;;;;;;;;;;;;;;;;;;;;;;;;;;;;;;;;;;;;;
2009-12-01 19:30:00;2.24;2.71;3.63;2.37;1.60;2.99;6.60;6.90;5.70;6.40;10.00;2.12;1.80;0.054;0.304;1.30;279;0.039;2.800;0.38;2.39;6.80;5.60;6.60;0.37;0.52;196.20;204.40;29.70;37.10;;;;;;;;;;;;;;;;;;;;;;;;;;;;;;;;;;;;;;;;;;
2009-12-01 20:00:00;2.19;2.58;3.37;2.34;1.59;2.86;6.60;6.70;5.80;6.40;13.10;1.87;1.96;0.049;0.196;1.20;274;0.070;2.720;0.30;2.26;6.60;5.50;6.50;0.37;0.46;192.80;207.00;36.80;39.50;;;;;;;;;;;;;;;;;;;;;;;;;;;;;;;;;;;;;;;;;;
2009-12-01 20:30:00;2.18;2.81;3.73;2.34;1.55;3.18;6.50;6.70;5.60;7.00;10.20;2.07;1.89;0.056;0.315;1.10;286;0.069;3.172;0.37;2.31;6.60;5.60;6.50;0.35;0.48;200.50;207.80;33.90;38.50;;;;;;;;;;;;;;;;;;;;;;;;;;;;;;;;;;;;;;;;;;
2009-12-01 21:00:00;2.03;2.58;3.92;2.17;1.45;2.85;6.40;6.60;5.40;6.50;10.20;2.04;1.88;0.051;0.125;1.30;293;0.132;3.136;0.38;2.14;6.50;5.40;6.30;0.37;0.44;196.60;212.30;38.50;41.90;;;;;;;;;;;;;;;;;;;;;;;;;;;;;;;;;;;;;;;;;;
2009-12-01 21:30:00;2.13;2.63;3.82;2.29;1.55;2.84;6.60;6.60;5.70;6.60;9.80;1.97;1.90;0.053;0.138;1.30;280;0.056;2.970;0.36;2.27;6.80;5.60;6.50;0.36;0.50;197.70;208.40;31.20;39.30;;;;;;;;;;;;;;;;;;;;;;;;;;;;;;;;;;;;;;;;;;
2009-12-01 22:00:00;1.93;2.46;3.67;2.09;1.39;2.93;6.60;6.80;5.50;6.10;11.10;2.17;1.96;0.053;0.162;1.10;287;0.048;3.186;0.31;2.05;6.80;5.40;6.40;0.38;0.42;196.00;217.00;37.70;42.20;;;;;;;;;;;;;;;;;;;;;;;;;;;;;;;;;;;;;;;;;;
2009-12-01 22:30:00;1.95;2.49;3.17;2.12;1.39;2.81;6.40;6.60;5.30;7.10;9.00;1.95;1.71;0.059;0.270;0.90;299;0.153;3.067;0.40;2.08;6.80;5.50;6.50;0.38;0.46;200.00;221.80;38.90;42.50;;;;;;;;;;;;;;;;;;;;;;;;;;;;;;;;;;;;;;;;;;
2009-12-01 23:00:00;1.89;2.31;2.76;2.06;1.37;2.65;6.70;6.90;5.50;7.00;10.10;1.83;1.41;0.050;0.159;1.80;290;0.126;2.881;0.36;2.02;6.80;5.30;6.30;0.37;0.40;197.20;221.50;37.10;41.00;;;;;;;;;;;;;;;;;;;;;;;;;;;;;;;;;;;;;;;;;;
2009-12-01 23:30:00;2.10;2.63;3.63;2.25;1.49;2.85;6.50;6.60;5.50;7.10;10.10;2.10;2.26;0.061;0.541;0.90;289;0.063;3.190;0.31;2.22;6.80;5.50;6.50;0.37;0.40;196.30;221.00;35.30;40.60;;;;;;;;;;;;;;;;;;;;;;;;;;;;;;;;;;;;;;;;;;
2009-12-02 00:00:00;2.10;2.58;3.90;2.22;1.52;2.82;6.70;6.80;5.80;7.00;10.00;2.15;1.75;0.044;0.088;1.60;273;0.058;2.862;0.34;2.22;6.80;5.60;6.50;0.36;0.47;212.30;225.20;33.10;39.10;;;;;;;;;;;;;;;;;;;;;;;;;;;;;;;;;;;;;;;;;;
2009-12-02 00:30:00;1.92;2.32;3.05;2.11;1.40;2.55;6.60;6.80;5.50;7.80;10.80;1.64;1.62;0.055;0.176;2.40;288;0.106;2.679;0.35;2.10;6.40;5.40;6.50;0.37;0.47;195.60;218.60;38.30;43.30;;;;;;;;;;;;;;;;;;;;;;;;;;;;;;;;;;;;;;;;;;
2009-12-02 01:00:00;1.99;2.41;3.18;2.09;1.42;2.57;6.90;6.60;5.60;6.40;10.90;1.78;1.94;0.056;0.188;1.30;283;0.046;2.887;0.37;2.09;7.10;5.50;6.60;0.39;0.43;193.50;227.20;41.80;43.00;;;;;;;;;;;;;;;;;;;;;;;;;;;;;;;;;;;;;;;;;;
2009-12-02 01:30:00;1.89;2.47;3.56;2.02;1.34;2.95;6.70;6.70;5.50;6.70;9.90;1.92;1.88;0.050;0.169;1.80;290;0.111;3.385;0.41;1.97;6.80;5.30;6.50;0.40;0.44;220.90;230.70;48.40;46.30;;;;;;;;;;;;;;;;;;;;;;;;;;;;;;;;;;;;;;;;;;
2009-12-02 02:00:00;1.95;2.44;3.46;2.09;1.39;2.68;6.40;6.50;5.50;6.40;10.90;1.89;1.72;0.050;0.155;1.00;289;0.144;3.055;0.36;2.14;6.80;5.40;6.40;0.37;0.44;211.90;226.00;40.50;41.60;;;;;;;;;;;;;;;;;;;;;;;;;;;;;;;;;;;;;;;;;;
2009-12-02 02:30:00;1.75;2.13;2.82;1.92;1.29;2.28;6.70;6.90;5.50;7.40;9.70;1.66;1.55;0.048;0.201;1.20;289;0.084;2.779;0.30;1.91;7.20;5.30;6.50;0.41;0.39;226.90;234.90;43.80;44.20;;;;;;;;;;;;;;;;;;;;;;;;;;;;;;;;;;;;;;;;;;
2009-12-02 03:00:00;1.96;2.41;3.42;2.11;1.40;2.54;6.90;6.80;5.60;8.10;10.20;1.83;1.73;0.058;0.478;0.90;284;0.047;2.998;0.35;2.09;7.30;5.60;6.70;0.40;0.43;229.50;234.20;46.00;43.90;;;;;;;;;;;;;;;;;;;;;;;;;;;;;;;;;;;;;;;;;;
2009-12-02 03:30:00;1.98;2.51;3.35;2.14;1.44;2.84;6.70;6.90;5.70;7.60;10.70;1.91;1.87;0.050;0.147;1.60;278;0.067;2.978;0.32;2.10;7.00;5.50;6.60;0.39;0.43;213.70;230.30;45.80;44.40;;;;;;;;;;;;;;;;;;;;;;;;;;;;;;;;;;;;;;;;;;
2009-12-02 04:00:00;1.99;2.50;3.02;2.15;1.42;2.77;6.80;6.90;5.50;7.10;10.20;1.77;1.57;0.057;0.203;1.20;286;0.094;2.956;0.37;2.14;7.20;5.50;6.70;0.40;0.42;242.30;235.90;44.90;43.30;;;;;;;;;;;;;;;;;;;;;;;;;;;;;;;;;;;;;;;;;;
2009-12-02 04:30:00;2.09;2.67;3.46;2.27;1.46;3.14;6.80;7.10;5.30;7.10;10.60;2.08;1.93;0.058;0.302;1.00;296;0.162;3.130;0.37;2.23;7.70;5.60;6.70;0.40;0.47;253.60;237.30;39.10;42.40;;;;;;;;;;;;;;;;;;;;;;;;;;;;;;;;;;;;;;;;;;
2009-12-02 05:00:00;2.22;2.82;4.35;2.41;1.59;3.22;7.00;7.30;5.80;6.90;10.40;2.24;2.35;0.054;0.277;1.10;273;0.049;3.244;0.38;2.39;8.00;5.80;6.90;0.38;0.45;232.70;236.40;40.60;42.30;;;;;;;;;;;;;;;;;;;;;;;;;;;;;;;;;;;;;;;;;;
2009-12-02 05:30:00;2.28;2.89;4.43;2.44;1.62;3.23;7.00;7.00;5.80;7.40;10.70;2.56;1.95;0.052;0.235;1.10;276;0.119;3.230;0.36;2.39;8.00;5.80;6.90;0.38;0.47;259.40;241.80;31.80;39.80;;;;;;;;;;;;;;;;;;;;;;;;;;;;;;;;;;;;;;;;;;
2009-12-02 06:00:00;2.18;2.65;3.70;2.33;1.57;2.85;7.00;7.10;5.90;6.80;11.00;2.20;1.88;0.060;0.346;0.90;271;0.037;2.868;0.31;2.32;7.80;5.80;6.90;0.38;0.46;250.60;247.50;34.30;40.70;;;;;;;;;;;;;;;;;;;;;;;;;;;;;;;;;;;;;;;;;;
2009-12-02 06:30:00;2.27;2.79;3.97;2.41;1.63;3.14;7.30;7.40;6.00;8.00;10.50;2.06;2.44;0.050;0.269;1.00;266;0.034;3.070;0.36;2.41;7.80;5.90;6.90;0.38;0.47;262.20;246.10;35.30;40.20;;;;;;;;;;;;;;;;;;;;;;;;;;;;;;;;;;;;;;;;;;
2009-12-02 07:00:00;2.20;2.72;3.86;2.34;1.57;2.97;7.40;7.20;6.10;7.70;11.10;2.01;1.91;0.049;0.222;1.20;261;0.077;2.997;0.41;2.28;8.30;6.00;7.20;0.40;0.50;259.10;249.10;34.40;40.90;;;;;;;;;;;;;;;;;;;;;;;;;;;;;;;;;;;;;;;;;;
2009-12-02 07:30:00;2.15;2.50;2.97;2.34;1.56;2.70;7.10;7.10;5.80;7.20;9.80;1.70;1.52;0.048;0.106;1.70;273;0.071;2.517;0.28;2.28;7.80;5.70;6.80;0.38;0.46;260.10;248.00;35.50;42.10;;;;;;;;;;;;;;;;;;;;;;;;;;;;;;;;;;;;;;;;;;
2009-12-02 08:00:00;2.19;2.68;3.40;2.33;1.58;2.97;7.10;7.20;6.00;6.60;10.60;2.11;1.72;0.051;0.246;1.00;266;0.077;2.962;0.31;2.32;7.80;5.70;6.90;0.39;0.46;258.00;249.50;31.90;39.60;;;;;;;;;;;;;;;;;;;;;;;;;;;;;;;;;;;;;;;;;;
2009-12-02 08:30:00;2.23;2.76;3.49;2.41;1.58;2.92;7.00;7.20;5.60;6.60;10.00;1.90;1.90;0.060;0.283;0.90;285;0.088;2.964;0.44;2.40;8.00;5.70;6.80;0.37;0.40;259.30;251.40;29.80;37.80;;;;;;;;;;;;;;;;;;;;;;;;;;;;;;;;;;;;;;;;;;
2009-12-02 09:00:00;2.18;2.63;3.29;2.38;1.58;2.85;6.60;6.60;5.70;7.40;10.00;1.95;1.92;0.057;0.192;1.80;280;0.043;2.769;0.33;2.35;7.80;5.50;6.60;0.38;0.43;256.50;243.00;31.90;39.10;;;;;;;;;;;;;;;;;;;;;;;;;;;;;;;;;;;;;;;;;;
2009-12-02 09:30:00;2.37;2.89;3.65;2.58;1.69;3.28;6.90;7.00;5.60;6.90;10.40;2.08;1.87;0.057;0.254;1.30;283;0.144;2.838;0.33;2.51;7.80;5.60;6.70;0.37;0.43;255.30;243.00;35.10;38.30;;;;;;;;;;;;;;;;;;;;;;;;;;;;;;;;;;;;;;;;;;
2009-12-02 10:00:00;2.38;2.82;3.51;2.59;1.72;3.02;6.90;7.00;5.70;7.80;10.10;2.22;1.85;0.055;0.152;1.30;277;0.077;2.704;0.26;2.58;7.80;5.70;6.70;0.38;0.45;259.70;245.70;26.90;35.50;;;;;;;;;;;;;;;;;;;;;;;;;;;;;;;;;;;;;;;;;;
2009-12-02 10:30:00;2.45;3.03;3.97;2.61;1.77;3.53;7.00;7.20;6.00;7.30;10.20;2.25;2.01;0.053;0.158;1.20;264;0.042;2.999;0.37;2.50;8.30;5.70;6.80;0.39;0.42;260.70;244.50;33.20;38.50;;;;;;;;;;;;;;;;;;;;;;;;;;;;;;;;;;;;;;;;;;
2009-12-02 11:00:00;2.58;3.25;4.84;2.74;1.85;3.58;7.00;7.30;5.90;7.50;11.60;2.50;2.34;0.065;0.508;0.80;270;0.115;3.036;0.47;2.73;7.80;5.80;6.80;0.37;0.48;251.50;242.00;30.10;36.00;;;;;;;;;;;;;;;;;;;;;;;;;;;;;;;;;;;;;;;;;;
2009-12-02 11:30:00;2.59;3.23;4.58;2.78;1.86;3.65;7.10;7.30;6.00;7.40;10.40;2.56;2.12;0.054;0.125;1.30;265;0.172;3.056;0.33;2.74;7.70;5.80;6.90;0.37;0.44;249.70;241.30;34.90;35.30;;;;;;;;;;;;;;;;;;;;;;;;;;;;;;;;;;;;;;;;;;
2009-12-02 12:00:00;2.75;3.44;4.68;2.88;1.93;3.80;7.50;7.50;6.10;6.70;11.20;2.51;2.48;0.063;0.408;0.80;263;0.077;3.073;0.41;2.84;8.00;6.00;7.10;0.38;0.50;247.10;241.30;30.00;35.00;;;;;;;;;;;;;;;;;;;;;;;;;;;;;;;;;;;;;;;;;;
2009-12-02 12:30:00;2.82;3.39;4.18;2.97;2.03;3.82;7.30;7.00;6.20;6.40;10.60;2.32;2.24;0.064;0.315;1.10;256;0.074;2.787;0.40;2.93;7.80;6.00;7.00;0.37;0.49;250.60;243.30;29.30;33.40;;;;;;;;;;;;;;;;;;;;;;;;;;;;;;;;;;;;;;;;;;
2009-12-02 13:00:00;2.87;3.47;4.75;3.07;2.07;3.82;7.50;7.70;6.30;7.80;11.60;2.83;2.26;0.063;0.265;1.00;255;0.047;2.779;0.38;3.05;8.30;6.10;7.20;0.38;0.49;254.40;246.90;27.40;32.10;;;;;;;;;;;;;;;;;;;;;;;;;;;;;;;;;;;;;;;;;;
2009-12-02 13:30:00;2.82;3.35;3.98;3.05;2.01;3.60;7.50;7.70;6.10;7.40;11.70;2.31;2.14;0.068;0.481;0.90;260;0.137;2.832;0.33;3.00;8.60;6.10;7.40;0.40;0.40;261.20;248.60;31.40;34.30;;;;;;;;;;;;;;;;;;;;;;;;;;;;;;;;;;;;;;;;;;
2009-12-02 14:00:00;2.98;3.72;4.55;3.18;2.11;4.05;7.70;7.90;6.30;8.40;11.30;3.09;2.36;0.074;0.548;0.90;252;0.108;2.945;0.35;3.14;8.40;6.30;7.50;0.40;0.48;244.40;245.30;28.30;32.70;;;;;;;;;;;;;;;;;;;;;;;;;;;;;;;;;;;;;;;;;;
2009-12-02 14:30:00;3.04;3.86;5.22;3.22;2.19;4.28;8.20;8.60;6.60;10.30;12.40;3.76;2.58;0.053;0.132;1.10;240;0.205;3.196;0.42;3.23;8.60;6.40;7.80;0.41;0.48;245.40;248.10;28.40;32.80;;;;;;;;;;;;;;;;;;;;;;;;;;;;;;;;;;;;;;;;;;
2009-12-02 15:00:00;3.40;4.29;6.63;3.65;2.44;4.37;8.40;8.60;6.80;9.00;12.20;4.29;2.64;0.058;0.290;1.70;233;0.201;3.251;0.37;3.59;9.20;6.60;8.10;0.41;0.45;263.00;253.10;25.70;30.80;;;;;;;;;;;;;;;;;;;;;;;;;;;;;;;;;;;;;;;;;;
2009-12-02 15:30:00;3.44;4.33;6.25;3.79;2.46;4.88;8.60;9.00;6.80;10.00;12.00;3.79;3.56;0.060;0.218;2.40;229;0.122;3.038;0.32;3.62;9.90;6.80;8.40;0.43;0.41;282.00;264.30;27.70;34.50;;;;;;;;;;;;;;;;;;;;;;;;;;;;;;;;;;;;;;;;;;
2009-12-02 16:00:00;3.82;4.70;6.12;4.10;2.71;5.02;8.90;8.70;7.10;8.10;13.40;3.46;3.01;0.060;0.123;2.10;221;0.139;2.886;0.28;4.06;9.90;7.20;8.80;0.42;0.45;278.40;264.30;26.40;32.00;;;;;;;;;;;;;;;;;;;;;;;;;;;;;;;;;;;;;;;;;;
2009-12-02 16:30:00;3.93;5.11;6.88;4.19;2.79;5.90;8.90;8.90;7.20;10.00;13.90;3.65;3.26;0.056;0.173;2.60;220;0.141;3.121;0.25;4.12;10.00;7.10;8.70;0.41;0.41;274.90;263.90;27.80;32.60;;;;;;;;;;;;;;;;;;;;;;;;;;;;;;;;;;;;;;;;;;
2009-12-02 17:00:00;3.99;4.99;5.89;4.26;2.82;5.55;9.10;9.40;7.10;8.10;12.80;3.37;3.42;0.062;0.243;1.20;221;0.028;3.005;0.42;4.24;10.50;7.20;8.80;0.42;0.46;284.00;271.70;22.70;32.40;;;;;;;;;;;;;;;;;;;;;;;;;;;;;;;;;;;;;;;;;;
2009-12-02 17:30:00;4.29;5.21;7.08;4.53;3.04;5.59;9.00;9.30;7.50;8.50;13.70;3.90;3.64;0.057;0.098;2.90;211;0.128;2.943;0.32;4.53;10.50;7.30;8.80;0.40;0.44;281.70;267.10;25.30;31.40;;;;;;;;;;;;;;;;;;;;;;;;;;;;;;;;;;;;;;;;;;
2009-12-02 18:00:00;4.27;5.24;5.87;4.62;3.08;5.77;9.60;9.80;7.90;11.30;14.80;3.80;3.44;0.057;0.173;2.50;200;0.032;2.766;0.38;4.69;10.60;7.80;9.40;0.42;0.49;281.40;272.40;20.20;29.20;;;;;;;;;;;;;;;;;;;;;;;;;;;;;;;;;;;;;;;;;;
2009-12-02 18:30:00;4.56;5.70;7.68;4.83;3.23;6.57;9.30;9.60;7.70;9.90;14.00;4.51;3.40;0.065;0.326;0.80;206;0.124;2.972;0.35;4.77;11.00;7.70;9.30;0.41;0.42;288.90;274.90;17.40;29.20;;;;;;;;;;;;;;;;;;;;;;;;;;;;;;;;;;;;;;;;;;
2009-12-02 19:00:00;4.73;5.87;7.73;4.96;3.39;6.52;9.80;9.80;8.40;10.00;14.80;4.15;3.70;0.051;0.176;1.60;190;0.128;3.046;0.34;4.91;10.20;8.00;9.70;0.42;0.50;281.30;274.70;21.10;27.00;;;;;;;;;;;;;;;;;;;;;;;;;;;;;;;;;;;;;;;;;;
2009-12-02 19:30:00;4.07;4.99;7.12;4.33;2.94;5.38;9.90;9.90;8.20;11.90;14.70;4.38;3.49;0.050;0.116;2.10;193;0.117;3.030;0.15;4.29;11.40;7.70;9.70;0.44;0.37;282.70;271.40;21.60;31.50;;;;;;;;;;;;;;;;;;;;;;;;;;;;;;;;;;;;;;;;;;
2009-12-02 20:00:00;4.43;5.26;5.90;4.77;3.17;5.75;10.10;9.90;8.30;9.60;16.80;3.51;3.44;0.053;0.118;1.30;191;0.040;2.752;0.30;4.67;11.00;8.00;10.10;0.45;0.39;281.50;274.80;22.40;30.20;;;;;;;;;;;;;;;;;;;;;;;;;;;;;;;;;;;;;;;;;;
2009-12-02 20:30:00;4.59;5.60;7.92;4.93;3.28;5.98;10.60;11.30;8.70;9.10;16.70;4.46;4.09;0.049;0.110;2.40;182;0.082;2.932;0.32;5.01;12.10;8.40;10.60;0.46;0.44;284.60;276.00;17.50;27.50;;;;;;;;;;;;;;;;;;;;;;;;;;;;;;;;;;;;;;;;;;
2009-12-02 21:00:00;4.72;5.78;6.85;5.05;3.38;6.35;10.70;10.50;8.90;8.60;18.00;3.64;3.67;0.046;0.131;2.00;178;0.092;2.657;0.24;4.92;12.20;8.40;10.70;0.46;0.40;286.40;276.00;20.40;29.10;;;;;;;;;;;;;;;;;;;;;;;;;;;;;;;;;;;;;;;;;;
2009-12-02 21:30:00;5.22;6.42;7.27;5.62;3.67;6.92;11.40;11.50;9.00;11.90;18.90;4.62;4.52;0.049;0.143;1.90;177;0.050;2.872;0.22;5.65;12.00;8.80;11.00;0.46;0.37;286.10;278.10;19.20;26.70;;;;;;;;;;;;;;;;;;;;;;;;;;;;;;;;;;;;;;;;;;
2009-12-02 22:00:00;4.89;6.13;8.25;5.22;3.46;6.88;11.10;11.60;8.60;13.00;16.80;4.30;4.47;0.055;0.279;1.20;183;0.133;2.945;0.21;5.27;12.40;8.70;11.20;0.48;0.39;284.30;277.20;17.80;26.20;;;;;;;;;;;;;;;;;;;;;;;;;;;;;;;;;;;;;;;;;;
2009-12-02 22:30:00;5.13;6.37;7.38;5.51;3.61;7.13;12.00;12.30;9.10;11.10;16.50;4.70;4.27;0.062;0.363;1.30;173;-0.005;2.901;0.20;5.58;14.30;9.00;11.80;0.48;0.34;280.20;274.70;22.10;27.10;;;;;;;;;;;;;;;;;;;;;;;;;;;;;;;;;;;;;;;;;;
2009-12-02 23:00:00;5.13;6.41;9.19;5.56;3.63;7.33;12.50;13.30;9.00;13.30;20.10;5.14;4.90;0.047;0.083;1.60;175;0.030;3.151;0.33;5.60;15.10;9.10;12.10;0.51;0.35;281.70;276.50;17.90;26.50;;;;;;;;;;;;;;;;;;;;;;;;;;;;;;;;;;;;;;;;;;
2009-12-02 23:30:00;5.34;6.97;8.84;5.61;3.80;7.73;12.60;13.50;9.80;13.10;18.10;4.66;4.58;0.047;0.112;2.00;160;0.049;3.250;0.33;5.57;15.10;9.40;12.50;0.52;0.38;285.40;278.70;17.00;26.20;;;;;;;;;;;;;;;;;;;;;;;;;;;;;;;;;;;;;;;;;;
2009-12-03 00:00:00;5.32;6.64;9.64;5.69;3.82;7.94;12.40;12.80;9.60;13.70;17.50;5.77;5.20;0.049;0.170;1.20;166;0.149;3.209;0.30;5.61;15.00;9.10;12.00;0.51;0.41;281.00;275.30;18.50;26.60;;;;;;;;;;;;;;;;;;;;;;;;;;;;;;;;;;;;;;;;;;
2009-12-03 00:30:00;5.58;7.02;10.28;5.98;3.89;7.40;13.10;13.20;9.60;11.40;18.70;4.81;5.47;0.058;0.112;1.70;162;-0.003;2.880;0.16;5.81;15.50;9.30;12.60;0.54;0.43;276.70;275.40;19.70;26.90;;;;;;;;;;;;;;;;;;;;;;;;;;;;;;;;;;;;;;;;;;
2009-12-03 01:00:00;4.67;5.98;8.25;5.15;3.26;6.68;11.70;12.60;8.60;11.70;17.80;4.92;4.46;0.061;0.236;1.00;184;0.107;3.269;0.15;5.24;15.50;8.80;12.10;0.53;0.39;275.90;271.50;19.20;28.20;;;;;;;;;;;;;;;;;;;;;;;;;;;;;;;;;;;;;;;;;;
2009-12-03 01:30:00;5.22;6.30;9.59;5.57;3.73;7.79;13.00;13.70;9.80;14.30;17.60;5.47;4.26;0.046;0.118;2.00;161;0.115;3.041;0.26;5.48;14.50;9.20;12.20;0.52;0.39;275.10;270.60;18.10;26.40;;;;;;;;;;;;;;;;;;;;;;;;;;;;;;;;;;;;;;;;;;
2009-12-03 02:00:00;5.27;6.77;9.16;5.56;3.71;8.06;12.90;13.60;9.40;11.50;18.50;5.53;4.47;0.053;0.390;1.20;167;0.073;3.250;0.35;5.59;14.10;9.20;12.10;0.50;0.41;274.50;273.40;19.40;26.60;;;;;;;;;;;;;;;;;;;;;;;;;;;;;;;;;;;;;;;;;;
2009-12-03 02:30:00;5.43;6.74;8.46;5.80;3.77;7.38;11.90;12.50;9.20;12.90;17.30;4.50;4.23;0.057;0.408;0.80;174;0.215;2.991;0.26;5.85;14.50;9.30;12.20;0.51;0.40;271.40;272.10;18.00;25.50;;;;;;;;;;;;;;;;;;;;;;;;;;;;;;;;;;;;;;;;;;
2009-12-03 03:00:00;5.44;6.78;9.61;5.80;3.81;7.49;13.10;13.90;9.90;11.40;18.80;4.75;5.18;0.049;0.160;2.20;159;0.123;2.962;0.41;5.63;15.10;9.60;12.60;0.53;0.46;271.00;271.50;18.10;25.60;;;;;;;;;;;;;;;;;;;;;;;;;;;;;;;;;;;;;;;;;;
2009-12-03 03:30:00;5.57;6.80;8.25;5.94;4.02;7.71;12.20;12.00;9.80;12.60;19.50;4.10;4.47;0.051;0.127;2.50;160;0.030;2.547;0.29;5.87;15.00;9.20;12.20;0.52;0.42;273.40;273.20;19.50;25.80;;;;;;;;;;;;;;;;;;;;;;;;;;;;;;;;;;;;;;;;;;
2009-12-03 04:00:00;5.13;6.43;8.28;5.50;3.63;7.38;12.40;13.00;9.30;13.00;17.60;4.25;4.03;0.053;0.172;1.80;170;0.163;2.833;0.37;5.66;14.60;9.30;12.20;0.52;0.44;271.40;273.40;21.50;27.80;;;;;;;;;;;;;;;;;;;;;;;;;;;;;;;;;;;;;;;;;;
2009-12-03 04:30:00;5.05;6.38;7.69;5.51;3.51;6.88;11.90;12.10;8.80;11.60;18.80;4.27;4.43;0.059;0.454;1.00;177;0.082;2.846;0.30;5.58;14.30;9.20;11.90;0.50;0.36;271.30;274.10;26.00;29.10;;;;;;;;;;;;;;;;;;;;;;;;;;;;;;;;;;;;;;;;;;
2009-12-03 05:00:00;5.43;6.56;10.12;5.72;3.75;7.37;12.60;12.80;9.20;12.80;17.70;6.02;4.10;0.053;0.298;0.90;171;0.137;3.051;0.24;5.80;14.10;9.30;12.10;0.51;0.44;271.10;272.90;20.20;26.10;;;;;;;;;;;;;;;;;;;;;;;;;;;;;;;;;;;;;;;;;;
2009-12-03 05:30:00;5.12;6.46;7.62;5.47;3.68;6.76;12.30;12.50;9.40;13.90;17.90;4.99;3.91;0.049;0.134;3.10;168;0.077;2.829;0.29;5.37;14.10;8.70;11.50;0.51;0.40;270.50;275.00;21.30;27.60;;;;;;;;;;;;;;;;;;;;;;;;;;;;;;;;;;;;;;;;;;
2009-12-03 06:00:00;4.83;6.13;8.34;5.18;3.38;6.77;11.80;12.40;8.60;11.50;16.40;4.64;4.15;0.042;0.075;3.10;185;0.113;3.090;0.33;5.24;14.10;8.70;11.50;0.52;0.37;266.90;275.00;21.20;27.70;;;;;;;;;;;;;;;;;;;;;;;;;;;;;;;;;;;;;;;;;;
2009-12-03 06:30:00;5.02;6.35;7.97;5.54;3.60;6.85;11.50;12.00;8.90;12.40;16.30;4.62;4.14;0.059;0.314;1.10;176;-0.124;3.065;0.25;5.46;12.90;8.80;11.30;0.48;0.42;272.80;276.20;19.70;25.80;;;;;;;;;;;;;;;;;;;;;;;;;;;;;;;;;;;;;;;;;;
2009-12-03 07:00:00;4.50;5.35;6.06;4.93;3.22;5.77;10.70;10.40;8.60;11.30;16.00;4.03;3.40;0.055;0.302;1.10;184;0.085;2.837;0.24;4.77;11.90;8.40;10.90;0.49;0.39;276.10;275.60;20.20;28.30;;;;;;;;;;;;;;;;;;;;;;;;;;;;;;;;;;;;;;;;;;
2009-12-03 07:30:00;4.60;5.72;6.63;4.97;3.23;6.40;11.00;11.40;8.50;11.90;15.40;4.02;3.44;0.050;0.114;2.80;187;0.164;2.998;0.22;4.79;13.50;8.40;10.80;0.48;0.28;272.40;275.70;22.10;28.10;;;;;;;;;;;;;;;;;;;;;;;;;;;;;;;;;;;;;;;;;;
2009-12-03 08:00:00;4.25;5.17;6.34;4.77;3.08;5.58;10.80;11.10;8.50;11.00;16.10;3.52;4.13;0.066;0.573;1.00;182;0.015;2.882;0.20;4.79;12.60;8.50;11.00;0.48;0.35;275.80;277.00;22.00;29.10;;;;;;;;;;;;;;;;;;;;;;;;;;;;;;;;;;;;;;;;;;
2009-12-03 08:30:00;4.46;5.58;7.14;5.00;3.14;6.16;11.70;11.70;8.50;10.60;18.90;4.16;4.08;0.058;0.245;1.00;184;0.040;3.009;0.20;4.80;14.10;8.50;11.10;0.50;0.36;276.70;280.90;22.10;27.50;;;;;;;;;;;;;;;;;;;;;;;;;;;;;;;;;;;;;;;;;;
2009-12-03 09:00:00;4.60;5.70;7.21;5.01;3.27;6.39;11.50;12.20;8.70;9.20;19.20;3.98;3.72;0.066;0.824;0.90;182;0.061;2.761;0.09;4.99;13.60;8.70;11.30;0.49;0.38;278.90;279.80;19.80;24.90;;;;;;;;;;;;;;;;;;;;;;;;;;;;;;;;;;;;;;;;;;
2009-12-03 09:30:00;4.61;5.40;7.08;5.04;3.29;5.67;11.80;12.10;8.90;12.70;18.10;3.54;3.54;0.052;0.128;3.40;178;0.068;2.632;0.17;5.00;14.10;8.90;11.50;0.49;0.39;276.30;279.30;18.80;24.70;;;;;;;;;;;;;;;;;;;;;;;;;;;;;;;;;;;;;;;;;;
2009-12-03 10:00:00;4.47;5.17;6.31;4.83;3.22;5.43;10.80;11.00;8.80;9.40;16.90;3.83;3.76;0.053;0.324;0.90;181;0.026;2.756;0.20;4.79;13.00;8.50;11.00;0.48;0.32;281.50;282.50;21.50;25.60;;;;;;;;;;;;;;;;;;;;;;;;;;;;;;;;;;;;;;;;;;
2009-12-03 10:30:00;4.30;5.56;8.03;4.61;3.01;6.28;11.20;11.80;8.50;11.40;16.60;4.62;3.87;0.055;0.207;1.20;185;0.207;3.314;0.16;4.65;14.10;8.40;11.00;0.50;0.37;276.80;279.30;20.00;24.90;;;;;;;;;;;;;;;;;;;;;;;;;;;;;;;;;;;;;;;;;;
2009-12-03 11:00:00;4.30;5.48;6.78;4.68;3.10;6.06;11.10;12.10;8.90;13.10;18.70;3.91;3.92;0.042;0.076;4.10;177;0.218;2.912;0.28;4.57;13.60;8.50;11.10;0.49;0.34;282.80;281.70;20.50;26.10;;;;;;;;;;;;;;;;;;;;;;;;;;;;;;;;;;;;;;;;;;
2009-12-03 11:30:00;4.33;5.44;7.03;4.75;3.06;6.10;11.20;12.30;8.40;12.40;17.20;4.12;3.78;0.055;0.170;1.70;187;0.169;3.020;0.25;4.70;14.10;8.50;11.40;0.51;0.37;278.40;281.30;18.80;25.70;;;;;;;;;;;;;;;;;;;;;;;;;;;;;;;;;;;;;;;;;;
2009-12-03 12:00:00;4.36;5.53;6.92;4.75;3.13;5.91;11.00;11.50;8.50;11.50;16.20;4.08;3.74;0.052;0.170;1.20;183;0.097;2.963;0.13;4.70;14.10;8.50;11.10;0.49;0.30;277.00;279.30;22.10;27.40;;;;;;;;;;;;;;;;;;;;;;;;;;;;;;;;;;;;;;;;;;
2009-12-03 12:30:00;4.21;5.14;6.19;4.50;2.93;5.58;10.80;11.20;8.20;10.30;17.90;3.89;3.27;0.055;0.183;1.30;193;0.081;3.050;0.19;4.43;14.60;7.80;10.60;0.50;0.26;270.30;278.30;22.60;28.50;;;;;;;;;;;;;;;;;;;;;;;;;;;;;;;;;;;;;;;;;;
2009-12-03 13:00:00;4.35;5.72;8.34;4.83;3.12;6.79;10.50;11.40;8.00;11.50;16.80;4.14;4.52;0.051;0.241;2.50;199;0.023;3.215;0.28;4.75;14.00;8.10;10.40;0.47;0.30;271.30;276.90;23.00;28.90;;;;;;;;;;;;;;;;;;;;;;;;;;;;;;;;;;;;;;;;;;
2009-12-03 13:30:00;4.22;5.30;6.24;4.63;3.06;5.97;10.50;11.40;8.30;13.80;16.20;4.41;3.17;0.060;0.327;1.00;192;0.052;2.928;0.13;4.59;13.50;8.20;10.70;0.49;0.31;269.00;275.60;25.60;30.10;;;;;;;;;;;;;;;;;;;;;;;;;;;;;;;;;;;;;;;;;;
2009-12-03 14:00:00;4.62;5.66;7.89;4.94;3.27;6.25;11.50;12.10;8.50;11.00;17.10;4.94;3.79;0.060;0.293;1.20;186;0.120;3.007;0.37;4.96;14.00;8.40;11.10;0.51;0.42;271.40;278.30;20.10;27.10;;;;;;;;;;;;;;;;;;;;;;;;;;;;;;;;;;;;;;;;;;
2009-12-03 14:30:00;4.92;6.13;7.89;5.27;3.40;6.79;11.50;12.20;8.40;13.70;16.50;5.27;3.59;0.059;0.184;2.10;187;0.162;3.042;0.38;5.23;14.00;8.60;11.30;0.51;0.45;271.60;274.60;20.20;26.00;;;;;;;;;;;;;;;;;;;;;;;;;;;;;;;;;;;;;;;;;;
2009-12-03 15:00:00;4.66;5.67;7.29;5.05;3.31;6.60;11.10;11.00;8.30;12.80;16.20;4.30;4.18;0.070;0.450;1.20;192;0.040;2.799;0.21;5.02;13.50;8.40;11.00;0.50;0.39;271.00;275.00;24.10;27.90;;;;;;;;;;;;;;;;;;;;;;;;;;;;;;;;;;;;;;;;;;
2009-12-03 15:30:00;4.50;5.59;7.69;4.79;3.15;6.22;11.20;11.80;8.50;10.80;16.30;5.42;3.93;0.058;0.185;1.40;187;0.226;3.237;0.26;4.68;13.20;8.40;11.10;0.52;0.43;274.90;277.40;19.10;26.60;;;;;;;;;;;;;;;;;;;;;;;;;;;;;;;;;;;;;;;;;;
2009-12-03 16:00:00;5.16;6.12;7.55;5.48;3.71;6.88;12.00;11.80;9.50;12.10;17.10;4.24;3.98;0.054;0.197;1.00;167;0.046;2.653;0.27;5.39;13.50;8.80;11.30;0.49;0.45;275.00;277.20;21.40;25.70;;;;;;;;;;;;;;;;;;;;;;;;;;;;;;;;;;;;;;;;;;
2009-12-03 16:30:00;5.08;6.60;9.16;5.49;3.63;8.36;11.70;12.20;8.80;12.60;16.80;4.87;5.03;0.059;0.200;1.20;182;0.069;3.207;0.34;5.57;13.40;8.70;11.20;0.49;0.45;274.20;277.30;23.20;26.20;;;;;;;;;;;;;;;;;;;;;;;;;;;;;;;;;;;;;;;;;;
2009-12-03 17:00:00;4.94;6.31;8.69;5.31;3.48;7.06;11.60;12.40;8.90;13.50;17.60;4.89;4.19;0.048;0.110;3.30;178;-0.033;3.263;0.49;5.13;12.70;8.70;11.20;0.50;0.52;273.60;276.10;21.60;26.80;;;;;;;;;;;;;;;;;;;;;;;;;;;;;;;;;;;;;;;;;;
2009-12-03 17:30:00;4.54;5.45;7.16;4.87;3.25;6.41;10.80;11.40;8.60;11.00;15.30;3.82;3.91;0.061;0.776;1.10;184;0.013;2.785;0.20;4.87;12.10;8.30;10.50;0.47;0.43;278.10;281.70;23.60;27.60;;;;;;;;;;;;;;;;;;;;;;;;;;;;;;;;;;;;;;;;;;
2009-12-03 18:00:00;4.44;5.53;6.51;4.75;3.11;5.96;11.10;11.40;8.40;12.50;14.50;3.75;3.76;0.059;0.438;1.00;188;0.043;2.897;0.35;4.68;12.20;8.40;10.60;0.48;0.45;277.80;279.60;21.70;26.90;;;;;;;;;;;;;;;;;;;;;;;;;;;;;;;;;;;;;;;;;;
2009-12-03 18:30:00;4.10;4.98;6.48;4.41;2.90;5.78;10.20;10.70;8.10;10.90;16.50;3.57;3.69;0.049;0.146;2.00;197;0.022;2.776;0.30;4.41;12.20;8.10;10.30;0.48;0.44;279.10;278.50;25.90;29.80;;;;;;;;;;;;;;;;;;;;;;;;;;;;;;;;;;;;;;;;;;
2009-12-03 19:00:00;4.86;6.00;7.15;5.07;3.38;6.67;10.60;10.90;8.50;11.40;16.70;4.13;3.62;0.052;0.119;2.20;188;0.057;2.987;0.38;5.02;11.30;8.20;10.30;0.46;0.44;277.80;280.60;21.20;26.00;;;;;;;;;;;;;;;;;;;;;;;;;;;;;;;;;;;;;;;;;;
2009-12-03 19:30:00;4.91;6.02;9.14;5.13;3.50;6.45;10.80;10.70;8.70;9.80;15.00;5.19;4.16;0.063;0.545;1.00;183;0.065;3.076;0.27;5.21;12.20;8.30;10.40;0.46;0.44;277.20;279.40;18.90;24.50;;;;;;;;;;;;;;;;;;;;;;;;;;;;;;;;;;;;;;;;;;
2009-12-03 20:00:00;4.28;5.43;7.48;4.75;3.07;6.12;10.50;11.30;8.00;11.00;15.20;4.96;3.67;0.058;0.167;1.80;193;0.087;2.947;0.23;4.75;12.60;8.00;10.30;0.48;0.39;282.50;281.00;23.30;28.10;;;;;;;;;;;;;;;;;;;;;;;;;;;;;;;;;;;;;;;;;;
2009-12-03 20:30:00;4.61;5.76;7.34;5.09;3.32;6.27;10.20;10.40;8.10;10.70;15.70;4.26;4.07;0.053;0.151;4.20;194;0.119;2.869;0.22;4.98;12.60;8.20;10.20;0.45;0.39;275.90;280.10;18.60;23.70;;;;;;;;;;;;;;;;;;;;;;;;;;;;;;;;;;;;;;;;;;
2009-12-03 21:00:00;4.34;5.42;7.03;4.78;3.06;5.98;10.10;10.50;7.70;12.50;15.40;3.54;4.42;0.061;0.275;2.60;204;0.048;2.926;0.29;4.74;11.60;7.80;10.00;0.47;0.37;277.50;279.60;23.50;27.70;;;;;;;;;;;;;;;;;;;;;;;;;;;;;;;;;;;;;;;;;;
2009-12-03 21:30:00;3.90;4.84;6.67;4.26;2.79;5.61;9.30;10.10;7.50;8.50;14.90;4.70;3.49;0.061;0.252;1.30;213;0.238;3.051;0.25;4.39;11.70;7.60;9.70;0.46;0.33;281.90;282.70;19.40;26.70;;;;;;;;;;;;;;;;;;;;;;;;;;;;;;;;;;;;;;;;;;
2009-12-03 22:00:00;3.98;5.05;5.94;4.17;2.83;5.56;9.80;10.10;8.00;9.50;15.30;3.50;2.83;0.053;0.326;1.10;198;0.144;2.977;0.20;4.13;11.50;7.60;9.80;0.47;0.36;277.60;281.10;21.60;28.20;;;;;;;;;;;;;;;;;;;;;;;;;;;;;;;;;;;;;;;;;;
2009-12-03 22:30:00;3.91;4.77;5.81;4.17;2.81;5.10;10.50;11.50;8.10;11.00;16.70;3.05;3.56;0.049;0.109;3.60;197;0.085;2.744;0.28;4.16;12.20;7.80;10.10;0.48;0.34;279.50;281.00;18.50;25.80;;;;;;;;;;;;;;;;;;;;;;;;;;;;;;;;;;;;;;;;;;
2009-12-03 23:00:00;3.84;4.68;6.06;4.14;2.77;5.08;10.00;10.20;8.10;7.90;14.60;3.12;3.05;0.051;0.185;0.90;193;0.020;2.681;0.32;4.07;13.10;7.80;10.10;0.48;0.36;276.30;280.10;21.50;27.00;;;;;;;;;;;;;;;;;;;;;;;;;;;;;;;;;;;;;;;;;;
2009-12-03 23:30:00;3.69;4.51;5.70;3.93;2.66;4.96;10.70;10.50;8.10;11.30;16.10;3.30;3.67;0.050;0.249;1.10;195;-0.124;2.893;0.27;3.84;12.50;7.80;10.10;0.48;0.37;278.50;280.80;25.50;29.20;;;;;;;;;;;;;;;;;;;;;;;;;;;;;;;;;;;;;;;;;;
2009-12-04 00:30:00;3.86;4.93;6.71;4.20;2.74;5.69;10.30;10.80;7.90;8.80;16.00;3.60;3.37;0.055;0.421;0.90;199;0.217;3.220;0.24;4.39;12.70;8.20;10.40;0.47;0.38;278.60;278.40;17.20;25.00;;;;;;;;;;;;;;;;;;;;;;;;;;;;;;;;;;;;;;;;;;
2009-12-04 01:00:00;3.64;4.66;5.57;3.90;2.58;5.25;10.20;10.00;7.90;11.40;15.40;3.36;3.04;0.061;0.495;0.90;201;0.073;3.010;0.23;3.84;12.80;7.80;10.10;0.48;0.40;275.60;277.10;24.50;29.80;;;;;;;;;;;;;;;;;;;;;;;;;;;;;;;;;;;;;;;;;;
2009-12-04 01:30:00;3.64;4.45;5.92;3.86;2.57;4.77;10.20;10.30;8.00;11.00;16.20;3.18;2.96;0.045;0.175;1.30;198;-0.017;2.878;0.20;3.85;12.20;7.90;9.90;0.45;0.37;276.60;274.50;21.90;28.50;;;;;;;;;;;;;;;;;;;;;;;;;;;;;;;;;;;;;;;;;;
2009-12-04 02:00:00;3.54;4.47;6.16;3.77;2.55;5.30;10.10;9.90;8.10;10.60;14.90;3.54;3.05;0.046;0.165;1.40;194;0.069;2.950;0.31;3.84;11.00;7.90;9.90;0.47;0.43;276.90;275.60;21.00;27.40;;;;;;;;;;;;;;;;;;;;;;;;;;;;;;;;;;;;;;;;;;
2009-12-04 02:30:00;3.33;3.97;6.04;3.60;2.40;4.48;10.30;10.80;8.00;9.50;15.00;2.79;3.34;0.050;0.244;0.80;197;0.046;2.786;0.31;3.56;12.10;7.70;9.90;0.49;0.39;279.50;275.90;24.00;31.00;;;;;;;;;;;;;;;;;;;;;;;;;;;;;;;;;;;;;;;;;;
2009-12-04 03:00:00;3.39;4.15;5.08;3.68;2.43;4.76;10.00;10.20;8.00;11.50;16.20;3.21;3.04;0.045;0.270;1.70;198;0.080;2.855;0.33;3.62;11.70;7.80;9.80;0.47;0.43;271.90;271.40;22.10;28.00;;;;;;;;;;;;;;;;;;;;;;;;;;;;;;;;;;;;;;;;;;
2009-12-04 03:30:00;3.43;4.20;5.99;3.66;2.45;4.59;9.90;10.60;8.20;10.50;17.30;2.90;3.15;0.044;0.336;0.90;194;0.001;2.930;0.35;3.70;11.70;8.00;10.00;0.45;0.44;273.30;272.00;21.70;26.80;;;;;;;;;;;;;;;;;;;;;;;;;;;;;;;;;;;;;;;;;;
2009-12-04 04:00:00;3.66;4.62;5.89;3.82;2.54;5.23;10.70;11.00;8.30;11.40;15.20;3.47;3.16;0.042;0.194;1.00;191;-0.043;3.158;0.48;3.87;12.20;8.30;10.50;0.47;0.43;274.80;274.50;19.50;26.60;;;;;;;;;;;;;;;;;;;;;;;;;;;;;;;;;;;;;;;;;;
2009-12-04 04:30:00;3.73;4.76;6.01;4.01;2.64;5.25;10.50;11.20;8.20;11.40;15.10;3.12;3.08;0.039;0.087;2.30;190;0.044;2.842;0.37;3.88;12.20;8.30;10.20;0.43;0.43;279.70;275.30;19.20;25.60;;;;;;;;;;;;;;;;;;;;;;;;;;;;;;;;;;;;;;;;;;
2009-12-04 05:00:00;3.73;4.90;6.20;3.94;2.67;5.64;10.40;10.80;8.70;9.50;15.10;3.30;3.29;0.037;0.078;2.70;181;0.027;3.163;0.36;3.81;12.20;8.50;10.40;0.44;0.48;281.70;275.60;20.20;25.80;;;;;;;;;;;;;;;;;;;;;;;;;;;;;;;;;;;;;;;;;;
2009-12-04 05:30:00;3.56;4.28;5.50;3.71;2.54;4.64;10.40;10.30;8.70;11.20;14.70;3.13;2.90;0.041;0.209;1.10;183;0.083;2.829;0.48;3.69;11.60;8.40;10.20;0.43;0.47;286.70;280.50;20.50;27.00;;;;;;;;;;;;;;;;;;;;;;;;;;;;;;;;;;;;;;;;;;
2009-12-04 06:00:00;3.41;4.26;5.37;3.59;2.44;4.57;9.90;10.00;8.30;10.30;15.60;3.69;2.69;0.042;0.354;1.10;190;0.147;3.151;0.31;3.55;10.90;8.10;9.80;0.42;0.48;281.40;279.40;26.40;28.70;;;;;;;;;;;;;;;;;;;;;;;;;;;;;;;;;;;;;;;;;;
2009-12-04 06:30:00;3.60;4.33;5.10;3.79;2.55;4.72;10.70;10.90;8.70;11.00;14.90;2.85;3.15;0.037;0.141;1.00;182;0.009;2.830;0.36;3.68;11.40;8.50;10.30;0.43;0.51;284.50;279.00;20.30;26.20;;;;;;;;;;;;;;;;;;;;;;;;;;;;;;;;;;;;;;;;;;
2009-12-04 07:00:00;3.34;4.19;4.87;3.54;2.36;4.59;10.10;9.90;8.30;10.60;15.00;2.85;2.76;0.039;0.240;0.90;191;0.046;2.956;0.34;3.50;11.00;8.10;9.70;0.41;0.43;281.30;278.30;22.70;28.80;;;;;;;;;;;;;;;;;;;;;;;;;;;;;;;;;;;;;;;;;;
2009-12-04 07:30:00;3.37;4.14;5.48;3.61;2.34;4.56;9.90;9.80;7.70;10.40;13.10;3.01;2.58;0.038;0.134;1.10;205;0.061;2.902;0.32;3.62;11.40;8.10;9.70;0.41;0.46;284.90;280.60;21.20;25.90;;;;;;;;;;;;;;;;;;;;;;;;;;;;;;;;;;;;;;;;;;
2009-12-04 08:00:00;3.77;4.62;5.81;3.96;2.73;5.23;10.30;11.00;9.00;10.50;15.00;3.08;2.92;0.035;0.152;1.30;176;0.079;2.855;0.39;4.00;11.40;8.70;10.20;0.39;0.49;285.60;281.70;16.10;21.30;;;;;;;;;;;;;;;;;;;;;;;;;;;;;;;;;;;;;;;;;;
2009-12-04 08:30:00;3.25;3.91;4.84;3.42;2.38;4.18;9.90;9.80;8.80;8.70;14.10;2.98;2.38;0.035;0.085;1.90;182;0.063;2.721;0.20;3.35;10.50;8.10;9.70;0.40;0.46;286.80;280.60;19.10;24.20;;;;;;;;;;;;;;;;;;;;;;;;;;;;;;;;;;;;;;;;;;
2009-12-04 09:00:00;3.17;3.88;4.79;3.32;2.30;4.36;10.00;9.50;8.50;8.10;15.00;2.75;2.80;0.035;0.182;1.70;187;0.055;2.816;0.46;3.31;10.30;8.00;9.60;0.41;0.49;286.00;278.70;20.20;25.30;;;;;;;;;;;;;;;;;;;;;;;;;;;;;;;;;;;;;;;;;;
2009-12-04 09:30:00;3.05;3.89;4.91;3.29;2.16;4.23;10.10;9.70;7.50;10.00;14.80;3.25;2.76;0.047;0.249;1.20;212;0.110;3.050;0.26;3.22;11.40;7.60;9.60;0.46;0.40;283.70;278.60;18.80;27.00;;;;;;;;;;;;;;;;;;;;;;;;;;;;;;;;;;;;;;;;;;
2009-12-04 10:00:00;3.02;3.84;4.89;3.16;2.14;4.49;9.10;9.10;7.50;9.00;14.40;3.15;2.55;0.046;0.248;1.30;213;0.107;3.196;0.34;3.09;9.70;7.30;9.00;0.44;0.36;286.30;279.30;23.20;28.20;;;;;;;;;;;;;;;;;;;;;;;;;;;;;;;;;;;;;;;;;;
2009-12-04 10:30:00;2.99;3.96;5.26;3.22;2.08;4.48;9.90;10.00;7.40;10.00;14.90;2.81;3.18;0.042;0.123;2.00;214;0.062;3.469;0.35;3.16;11.40;7.40;9.40;0.47;0.45;283.20;277.60;20.20;26.90;;;;;;;;;;;;;;;;;;;;;;;;;;;;;;;;;;;;;;;;;;
2009-12-04 11:00:00;2.78;3.53;4.47;2.99;1.97;4.22;9.20;10.00;7.30;10.30;14.30;2.75;2.46;0.040;0.100;2.10;218;0.112;3.177;0.34;3.00;11.40;7.20;9.20;0.46;0.38;283.30;279.10;23.30;28.70;;;;;;;;;;;;;;;;;;;;;;;;;;;;;;;;;;;;;;;;;;
2009-12-04 11:30:00;2.76;3.43;4.44;2.96;1.98;4.00;9.70;10.20;7.50;9.20;13.80;2.67;2.26;0.046;0.201;1.90;212;0.005;2.923;0.15;2.95;11.70;7.30;9.30;0.47;0.37;286.20;278.50;26.90;30.30;;;;;;;;;;;;;;;;;;;;;;;;;;;;;;;;;;;;;;;;;;
2009-12-04 12:00:00;2.79;3.57;5.42;2.99;1.99;3.83;9.30;9.70;7.60;9.50;14.60;2.67;2.82;0.040;0.083;3.30;207;-0.016;3.157;0.31;2.95;11.20;7.50;9.50;0.46;0.42;284.60;280.70;24.80;28.10;;;;;;;;;;;;;;;;;;;;;;;;;;;;;;;;;;;;;;;;;;
2009-12-04 12:30:00;2.47;3.11;4.27;2.67;1.75;3.47;9.00;9.60;7.00;10.10;13.00;2.63;2.09;0.040;0.153;1.10;227;0.061;3.101;0.16;2.64;12.10;6.90;8.90;0.47;0.30;282.90;276.10;26.80;32.20;;;;;;;;;;;;;;;;;;;;;;;;;;;;;;;;;;;;;;;;;;
2009-12-04 13:00:00;2.58;3.23;3.85;2.77;1.85;3.54;9.60;9.80;7.40;10.50;14.50;2.45;2.08;0.048;0.202;1.60;215;0.098;2.865;0.31;2.78;11.40;7.20;9.30;0.48;0.38;283.40;276.90;26.00;29.40;;;;;;;;;;;;;;;;;;;;;;;;;;;;;;;;;;;;;;;;;;
2009-12-04 13:30:00;2.42;3.04;4.57;2.64;1.78;3.39;9.50;9.70;7.50;9.20;14.50;2.18;2.46;0.041;0.093;3.20;211;0.021;2.943;0.15;2.60;11.30;7.00;9.20;0.48;0.33;282.10;274.10;29.60;32.20;;;;;;;;;;;;;;;;;;;;;;;;;;;;;;;;;;;;;;;;;;
2009-12-04 14:00:00;2.73;3.39;4.42;2.91;1.93;3.76;9.90;9.80;7.60;8.70;14.30;2.61;2.29;0.036;0.116;1.60;208;0.097;3.022;0.39;2.93;11.70;7.50;9.60;0.47;0.37;278.80;272.50;21.90;28.10;;;;;;;;;;;;;;;;;;;;;;;;;;;;;;;;;;;;;;;;;;
2009-12-04 14:30:00;2.50;3.07;3.64;2.66;1.79;3.44;9.80;9.50;7.50;9.90;13.90;2.43;1.93;0.045;0.217;1.10;212;0.130;2.952;0.20;2.63;11.80;7.10;9.20;0.49;0.39;279.00;272.40;27.90;31.70;;;;;;;;;;;;;;;;;;;;;;;;;;;;;;;;;;;;;;;;;;
2009-12-04 15:00:00;2.31;2.82;3.69;2.51;1.66;3.15;8.80;9.20;6.80;8.30;13.80;2.11;2.10;0.045;0.209;1.20;234;-0.051;2.769;0.20;2.44;11.40;6.70;8.80;0.50;0.34;278.80;268.40;28.50;33.80;;;;;;;;;;;;;;;;;;;;;;;;;;;;;;;;;;;;;;;;;;
2009-12-04 15:30:00;2.34;2.85;3.75;2.54;1.68;3.22;8.90;9.40;6.90;8.60;13.10;1.92;1.83;0.057;0.692;0.80;227;0.121;2.780;0.23;2.47;11.70;6.70;9.00;0.52;0.37;283.30;272.60;26.30;32.40;;;;;;;;;;;;;;;;;;;;;;;;;;;;;;;;;;;;;;;;;;
2009-12-04 16:00:00;2.30;2.99;4.36;2.54;1.66;3.37;8.50;9.10;6.50;10.20;13.10;2.17;2.23;0.055;0.223;1.80;244;0.052;3.191;0.21;2.55;11.40;6.50;8.60;0.50;0.35;278.20;267.00;28.30;32.60;;;;;;;;;;;;;;;;;;;;;;;;;;;;;;;;;;;;;;;;;;
2009-12-04 16:30:00;2.36;3.00;3.62;2.56;1.68;3.28;9.00;9.50;6.90;8.10;13.00;2.06;2.24;0.045;0.185;1.80;230;0.041;2.966;0.29;2.51;10.70;6.60;8.80;0.50;0.36;282.60;267.70;33.70;34.90;;;;;;;;;;;;;;;;;;;;;;;;;;;;;;;;;;;;;;;;;;
2009-12-04 17:00:00;2.61;3.26;4.85;2.83;1.86;3.64;9.70;9.70;7.10;10.20;14.20;2.75;2.35;0.053;0.261;1.00;224;0.052;3.144;0.30;2.82;11.40;6.80;9.10;0.51;0.44;281.40;272.50;23.70;29.40;;;;;;;;;;;;;;;;;;;;;;;;;;;;;;;;;;;;;;;;;;
2009-12-04 17:30:00;2.53;3.16;4.14;2.73;1.80;3.40;8.90;8.90;6.80;10.40;13.50;2.64;2.42;0.050;0.142;2.00;232;-0.040;3.095;0.13;2.72;11.80;6.70;8.90;0.51;0.42;289.70;273.80;27.60;32.10;;;;;;;;;;;;;;;;;;;;;;;;;;;;;;;;;;;;;;;;;;
2009-12-04 18:00:00;2.52;3.30;5.36;2.73;1.78;3.60;9.00;9.70;6.70;8.10;14.60;2.29;3.07;0.051;0.251;1.10;237;-0.117;3.293;0.28;2.76;11.80;6.60;8.90;0.51;0.38;286.00;273.00;26.90;31.80;;;;;;;;;;;;;;;;;;;;;;;;;;;;;;;;;;;;;;;;;;
2009-12-04 18:30:00;2.42;2.98;3.82;2.61;1.76;3.34;8.40;8.50;6.80;9.90;13.20;2.30;2.11;0.048;0.194;1.30;234;-0.006;2.905;0.20;2.57;10.30;6.40;8.40;0.48;0.34;282.50;268.50;30.10;34.80;;;;;;;;;;;;;;;;;;;;;;;;;;;;;;;;;;;;;;;;;;
2009-12-04 19:00:00;2.54;3.16;3.75;2.79;1.82;3.41;8.70;9.10;6.60;9.10;14.50;2.22;2.04;0.065;0.342;0.90;239;0.049;2.845;0.18;2.77;11.30;6.60;8.70;0.49;0.39;290.30;273.70;28.50;31.80;;;;;;;;;;;;;;;;;;;;;;;;;;;;;;;;;;;;;;;;;;
2009-12-04 19:30:00;2.69;3.39;4.37;2.96;1.96;3.99;8.60;9.40;7.10;8.70;14.40;2.35;2.54;0.047;0.165;1.80;221;0.125;2.972;0.22;2.94;10.20;6.60;8.40;0.46;0.34;284.80;270.40;27.40;31.50;;;;;;;;;;;;;;;;;;;;;;;;;;;;;;;;;;;;;;;;;;
2009-12-04 20:00:00;2.54;3.17;3.77;2.81;1.84;3.56;8.00;8.20;6.40;8.80;13.60;2.10;2.31;0.056;0.266;1.10;246;0.090;2.928;0.12;2.75;10.90;6.20;8.00;0.45;0.28;288.70;264.60;33.00;35.10;;;;;;;;;;;;;;;;;;;;;;;;;;;;;;;;;;;;;;;;;;
2009-12-04 20:30:00;2.62;3.22;4.23;2.84;1.85;3.68;8.10;8.80;6.30;7.80;13.20;2.48;2.80;0.058;0.207;1.70;252;0.073;3.260;0.18;2.78;11.30;6.20;8.00;0.46;0.26;287.50;264.40;26.10;32.80;;;;;;;;;;;;;;;;;;;;;;;;;;;;;;;;;;;;;;;;;;
2009-12-04 21:00:00;2.61;3.25;4.30;2.83;1.86;3.52;8.10;8.30;6.30;8.70;13.90;2.32;2.05;0.057;0.164;1.90;252;0.223;3.090;0.14;2.86;9.20;6.30;8.00;0.44;0.27;279.10;263.00;25.30;33.30;;;;;;;;;;;;;;;;;;;;;;;;;;;;;;;;;;;;;;;;;;
2009-12-04 21:30:00;2.66;3.31;3.85;2.88;1.89;3.60;8.20;8.10;6.40;8.90;12.60;2.43;2.27;0.050;0.092;2.60;251;0.117;3.049;0.16;2.87;11.40;6.30;8.20;0.46;0.25;284.20;264.70;25.50;34.60;;;;;;;;;;;;;;;;;;;;;;;;;;;;;;;;;;;;;;;;;;
2009-12-04 22:00:00;2.72;3.27;3.98;2.96;1.98;3.52;7.70;7.80;6.40;6.70;13.50;2.29;2.28;0.066;0.625;1.00;246;0.102;2.699;0.05;2.97;11.80;6.10;7.80;0.43;0.24;285.50;259.70;27.50;33.90;;;;;;;;;;;;;;;;;;;;;;;;;;;;;;;;;;;;;;;;;;
2009-12-04 22:30:00;2.76;3.32;5.09;2.95;1.95;3.53;7.60;7.20;6.30;6.60;14.00;2.73;2.36;0.060;0.256;1.10;252;0.022;2.860;0.32;2.97;7.00;6.20;7.70;0.41;0.32;254.70;260.40;31.30;34.80;;;;;;;;;;;;;;;;;;;;;;;;;;;;;;;;;;;;;;;;;;
2009-12-04 23:00:00;2.70;3.37;4.23;2.93;1.96;3.78;7.60;7.20;6.30;7.40;13.80;2.44;2.53;0.057;0.228;1.80;253;0.042;2.978;0.22;2.89;7.20;6.10;7.70;0.43;0.29;271.30;259.90;32.90;37.50;;;;;;;;;;;;;;;;;;;;;;;;;;;;;;;;;;;;;;;;;;
2009-12-04 23:30:00;2.73;3.35;4.32;2.96;1.97;3.75;7.90;8.40;6.40;8.60;13.30;2.72;2.53;0.057;0.253;1.00;249;0.088;2.995;0.03;2.94;7.50;6.30;7.90;0.43;0.26;252.50;255.00;30.70;35.50;;;;;;;;;;;;;;;;;;;;;;;;;;;;;;;;;;;;;;;;;;
2009-12-05 00:00:00;3.09;3.89;4.88;3.22;2.20;4.11;7.90;7.60;6.70;8.10;13.10;3.10;2.45;0.061;0.619;0.80;238;0.197;3.101;0.29;3.16;7.30;6.40;7.80;0.40;0.36;251.60;253.30;29.10;34.40;;;;;;;;;;;;;;;;;;;;;;;;;;;;;;;;;;;;;;;;;;
2009-12-05 00:30:00;2.74;3.38;4.70;2.95;1.98;3.87;7.60;7.70;6.40;6.90;12.00;2.78;2.29;0.053;0.242;1.20;250;0.060;2.865;0.26;2.92;7.50;6.30;7.70;0.41;0.39;245.00;254.30;32.10;37.20;;;;;;;;;;;;;;;;;;;;;;;;;;;;;;;;;;;;;;;;;;
2009-12-05 01:00:00;2.86;3.60;4.67;3.01;2.03;4.17;7.80;7.80;6.50;8.20;13.20;3.03;2.33;0.051;0.155;2.00;242;0.098;3.090;0.35;2.96;7.50;6.30;7.70;0.41;0.41;235.20;248.90;33.80;36.80;;;;;;;;;;;;;;;;;;;;;;;;;;;;;;;;;;;;;;;;;;
2009-12-05 01:30:00;2.79;3.43;5.83;3.08;2.00;3.57;8.00;8.10;6.20;7.10;13.00;3.45;2.82;0.072;0.327;1.10;254;0.048;3.095;0.23;3.03;7.70;6.20;7.70;0.42;0.36;236.20;248.80;35.80;38.30;;;;;;;;;;;;;;;;;;;;;;;;;;;;;;;;;;;;;;;;;;
2009-12-05 02:00:00;2.87;3.56;4.66;3.10;2.07;4.01;7.90;8.10;6.50;7.30;14.30;2.54;2.54;0.057;0.216;0.90;243;0.073;2.929;0.20;2.98;7.50;6.20;7.80;0.44;0.34;247.40;252.50;33.80;37.00;;;;;;;;;;;;;;;;;;;;;;;;;;;;;;;;;;;;;;;;;;
2009-12-05 02:30:00;2.93;3.64;5.15;3.21;2.10;3.97;8.00;8.10;6.30;9.00;12.10;3.14;2.51;0.060;0.189;1.90;250;0.087;2.971;0.26;3.14;7.80;6.30;7.90;0.43;0.39;249.00;250.00;29.40;35.30;;;;;;;;;;;;;;;;;;;;;;;;;;;;;;;;;;;;;;;;;;
2009-12-05 03:00:00;2.91;3.78;5.74;3.13;2.07;4.18;7.70;8.00;6.30;8.60;12.50;2.95;2.79;0.059;0.185;1.40;250;0.089;3.325;0.35;3.05;8.10;6.20;7.70;0.43;0.43;255.70;247.90;31.90;37.50;;;;;;;;;;;;;;;;;;;;;;;;;;;;;;;;;;;;;;;;;;
2009-12-05 03:30:00;3.10;3.89;4.80;3.33;2.21;4.26;8.40;8.40;6.50;8.50;12.20;3.14;2.32;0.067;0.519;0.80;244;0.178;2.995;0.35;3.32;8.40;6.50;8.10;0.43;0.43;245.30;247.00;29.60;35.20;;;;;;;;;;;;;;;;;;;;;;;;;;;;;;;;;;;;;;;;;;
2009-12-05 04:00:00;2.98;3.62;4.85;3.20;2.14;4.06;8.20;8.30;6.60;8.10;13.00;2.43;2.85;0.063;0.308;1.20;240;0.000;2.821;0.24;3.14;8.70;6.40;8.00;0.45;0.42;250.00;247.00;35.40;37.00;;;;;;;;;;;;;;;;;;;;;;;;;;;;;;;;;;;;;;;;;;
2009-12-05 04:30:00;2.98;3.75;4.72;3.18;2.15;4.25;8.10;8.00;6.50;8.30;12.50;2.58;3.01;0.056;0.187;1.60;245;0.130;2.956;0.20;3.22;8.40;6.40;7.80;0.41;0.45;245.10;243.40;34.50;37.20;;;;;;;;;;;;;;;;;;;;;;;;;;;;;;;;;;;;;;;;;;
2009-12-05 05:00:00;3.07;3.79;5.11;3.32;2.20;3.94;8.50;8.90;6.60;7.60;12.40;3.46;2.49;0.057;0.338;1.00;243;0.125;2.904;0.34;3.33;9.00;6.60;8.10;0.43;0.42;236.40;243.50;30.60;36.10;;;;;;;;;;;;;;;;;;;;;;;;;;;;;;;;;;;;;;;;;;
2009-12-05 05:30:00;3.29;4.09;5.44;3.51;2.33;4.65;8.40;8.90;6.80;9.90;13.30;3.02;2.79;0.061;0.178;1.80;235;0.024;3.032;0.42;3.51;9.60;6.90;8.40;0.43;0.51;246.50;244.10;34.20;37.80;;;;;;;;;;;;;;;;;;;;;;;;;;;;;;;;;;;;;;;;;;
2009-12-05 06:00:00;3.37;4.10;5.14;3.56;2.40;4.38;8.60;8.60;6.90;8.70;11.50;2.75;2.56;0.064;0.502;0.90;230;0.063;2.788;0.32;3.57;8.70;6.70;8.20;0.42;0.46;242.70;245.40;34.60;36.60;;;;;;;;;;;;;;;;;;;;;;;;;;;;;;;;;;;;;;;;;;
2009-12-05 06:30:00;3.31;4.06;5.23;3.53;2.38;4.64;8.70;8.70;6.90;8.50;13.10;3.15;2.54;0.061;0.434;1.20;230;0.166;3.082;0.47;3.51;9.00;6.80;8.20;0.42;0.52;249.80;249.60;32.60;38.20;;;;;;;;;;;;;;;;;;;;;;;;;;;;;;;;;;;;;;;;;;
2009-12-05 07:00:00;3.36;4.20;5.18;3.63;2.41;4.75;8.70;9.00;7.00;8.40;12.50;3.20;3.11;0.055;0.284;1.10;222;0.074;2.963;0.47;3.65;9.60;6.90;8.40;0.42;0.47;260.90;253.40;36.20;38.80;;;;;;;;;;;;;;;;;;;;;;;;;;;;;;;;;;;;;;;;;;
2009-12-05 07:30:00;3.62;4.43;6.53;3.85;2.65;4.86;8.80;8.40;7.50;7.60;13.00;3.72;3.39;0.060;0.641;0.80;210;0.076;2.874;0.28;3.88;9.30;7.10;8.40;0.39;0.50;259.50;255.70;32.70;37.10;;;;;;;;;;;;;;;;;;;;;;;;;;;;;;;;;;;;;;;;;;
2009-12-05 08:00:00;3.66;4.49;5.43;3.85;2.60;5.04;9.00;8.90;7.20;8.50;13.40;3.05;3.03;0.053;0.191;1.70;219;0.019;2.859;0.49;3.72;9.20;7.00;8.40;0.40;0.55;248.50;252.90;29.60;36.30;;;;;;;;;;;;;;;;;;;;;;;;;;;;;;;;;;;;;;;;;;
2009-12-05 08:30:00;3.72;4.70;6.66;4.02;2.68;5.27;9.10;8.80;7.40;8.50;13.10;3.54;3.52;0.055;0.230;1.70;212;0.049;2.869;0.34;3.93;9.90;7.20;8.70;0.43;0.52;261.90;259.00;32.30;35.80;;;;;;;;;;;;;;;;;;;;;;;;;;;;;;;;;;;;;;;;;;
2009-12-05 09:00:00;3.49;4.23;4.85;3.79;2.52;4.61;9.00;9.30;7.30;8.40;13.00;2.79;2.71;0.056;0.203;1.30;214;0.086;2.597;0.46;3.73;9.60;7.30;8.70;0.41;0.54;265.00;260.90;30.90;36.60;;;;;;;;;;;;;;;;;;;;;;;;;;;;;;;;;;;;;;;;;;
2009-12-05 09:30:00;3.88;5.05;8.26;4.14;2.79;6.36;9.10;9.10;7.40;9.40;12.40;4.52;3.74;0.049;0.176;1.80;212;0.105;3.488;0.54;4.11;9.90;7.30;8.70;0.39;0.50;261.70;258.60;30.50;35.10;;;;;;;;;;;;;;;;;;;;;;;;;;;;;;;;;;;;;;;;;;
2009-12-05 10:00:00;3.98;4.93;6.09;4.18;2.80;5.78;9.10;9.50;7.50;9.90;13.00;3.51;3.15;0.063;0.460;0.90;213;0.191;3.037;0.42;4.39;9.90;7.70;9.00;0.38;0.56;258.80;257.70;27.90;32.00;;;;;;;;;;;;;;;;;;;;;;;;;;;;;;;;;;;;;;;;;;
2009-12-05 10:30:00;3.82;4.76;5.87;4.17;2.79;5.28;9.50;9.30;7.80;9.10;12.80;3.35;2.78;0.051;0.310;0.90;200;0.105;2.699;0.43;4.17;10.20;7.60;9.10;0.41;0.57;269.90;261.10;25.00;32.10;;;;;;;;;;;;;;;;;;;;;;;;;;;;;;;;;;;;;;;;;;
2009-12-05 11:00:00;3.58;4.56;6.15;3.81;2.55;5.23;9.50;9.40;7.60;9.10;12.70;3.80;3.17;0.056;0.285;1.00;208;0.080;3.037;0.45;3.76;10.30;7.30;8.90;0.44;0.55;272.70;263.40;33.10;37.00;;;;;;;;;;;;;;;;;;;;;;;;;;;;;;;;;;;;;;;;;;
2009-12-05 11:30:00;3.70;4.59;5.90;3.96;2.63;5.03;9.40;10.00;7.70;9.70;13.40;3.06;2.90;0.050;0.198;1.90;203;0.080;2.865;0.36;3.97;10.60;7.60;9.40;0.44;0.55;273.50;262.00;23.50;31.60;;;;;;;;;;;;;;;;;;;;;;;;;;;;;;;;;;;;;;;;;;
2009-12-05 12:00:00;3.92;4.88;6.15;4.11;2.77;5.71;9.60;9.80;8.00;10.50;13.70;3.60;3.72;0.043;0.078;1.80;198;0.089;3.017;0.40;4.04;10.60;7.70;9.30;0.42;0.54;275.30;264.50;25.10;32.30;;;;;;;;;;;;;;;;;;;;;;;;;;;;;;;;;;;;;;;;;;
2009-12-05 12:30:00;3.81;4.75;6.67;4.04;2.67;4.95;9.20;9.80;7.50;9.20;13.90;3.43;3.24;0.052;0.249;0.90;212;0.034;3.026;0.50;3.94;10.30;7.30;8.90;0.42;0.51;280.40;264.20;22.30;31.60;;;;;;;;;;;;;;;;;;;;;;;;;;;;;;;;;;;;;;;;;;
2009-12-05 13:00:00;3.86;4.86;6.73;4.23;2.76;5.79;9.50;9.80;7.40;9.00;13.90;3.77;3.08;0.053;0.116;2.00;213;0.120;2.873;0.38;4.10;10.60;7.40;9.10;0.44;0.48;273.40;259.70;25.30;31.50;;;;;;;;;;;;;;;;;;;;;;;;;;;;;;;;;;;;;;;;;;
2009-12-05 13:30:00;3.66;4.56;9.09;3.88;2.57;5.17;9.20;9.20;7.20;8.80;12.20;4.66;4.43;0.058;0.226;1.40;222;0.084;3.654;0.37;3.90;10.10;7.10;8.70;0.43;0.45;272.70;260.60;27.80;32.50;;;;;;;;;;;;;;;;;;;;;;;;;;;;;;;;;;;;;;;;;;
2009-12-05 14:00:00;3.89;4.75;5.99;4.04;2.73;5.27;9.40;9.40;7.40;9.10;13.40;3.02;3.01;0.067;0.405;0.90;212;0.007;2.848;0.40;4.06;10.60;7.30;9.10;0.45;0.48;279.50;261.10;25.40;31.70;;;;;;;;;;;;;;;;;;;;;;;;;;;;;;;;;;;;;;;;;;
2009-12-05 14:30:00;3.85;4.88;5.85;4.08;2.70;5.42;9.50;9.90;7.50;9.10;14.00;3.23;3.13;0.055;0.194;2.00;210;0.118;2.979;0.41;4.04;10.70;7.40;9.30;0.46;0.52;272.00;259.10;23.90;31.30;;;;;;;;;;;;;;;;;;;;;;;;;;;;;;;;;;;;;;;;;;
2009-12-05 15:00:00;3.51;4.41;6.35;3.74;2.49;4.66;9.30;9.80;7.40;10.80;14.00;3.78;2.98;0.055;0.174;2.80;215;0.020;3.165;0.38;3.66;11.10;7.30;9.10;0.45;0.42;277.80;258.00;24.60;33.00;;;;;;;;;;;;;;;;;;;;;;;;;;;;;;;;;;;;;;;;;;
2009-12-05 15:30:00;3.52;4.39;6.52;3.72;2.54;4.71;9.00;9.10;7.40;8.90;13.30;3.26;3.26;0.058;0.206;1.90;216;0.055;2.945;0.26;3.64;10.60;7.00;8.80;0.45;0.41;276.70;258.00;26.90;33.10;;;;;;;;;;;;;;;;;;;;;;;;;;;;;;;;;;;;;;;;;;
2009-12-05 16:00:00;3.78;4.58;5.45;4.06;2.68;4.87;9.20;9.20;7.40;8.60;12.90;3.08;3.05;0.053;0.161;1.20;212;0.005;2.752;0.20;3.98;10.60;7.30;9.00;0.43;0.40;274.10;256.30;25.90;31.80;;;;;;;;;;;;;;;;;;;;;;;;;;;;;;;;;;;;;;;;;;
2009-12-05 16:30:00;3.88;4.84;5.63;4.06;2.76;5.34;9.60;10.20;7.60;7.70;14.20;3.48;3.32;0.056;0.338;1.10;210;0.142;3.015;0.36;4.10;10.60;7.40;9.20;0.45;0.49;262.40;252.70;22.60;29.40;;;;;;;;;;;;;;;;;;;;;;;;;;;;;;;;;;;;;;;;;;
2009-12-05 17:00:00;3.86;4.94;6.14;4.17;2.74;5.46;9.40;10.00;7.40;10.30;13.10;3.73;3.48;0.063;0.554;1.00;215;0.162;3.027;0.38;4.14;11.00;7.40;9.30;0.46;0.44;273.20;255.90;25.20;32.50;;;;;;;;;;;;;;;;;;;;;;;;;;;;;;;;;;;;;;;;;;
2009-12-05 17:30:00;3.78;4.79;5.83;4.04;2.66;5.15;9.20;9.50;7.20;11.60;13.00;3.02;3.40;0.060;0.381;1.10;220;-0.008;2.950;0.39;4.10;11.00;7.30;8.90;0.43;0.40;278.40;257.90;22.40;30.30;;;;;;;;;;;;;;;;;;;;;;;;;;;;;;;;;;;;;;;;;;
2009-12-05 18:00:00;3.78;4.60;6.28;4.00;2.69;5.30;9.60;10.00;7.60;8.80;13.60;3.41;3.47;0.060;0.222;2.00;209;0.024;2.882;0.40;3.97;10.60;7.40;9.20;0.45;0.47;276.00;261.60;25.20;31.80;;;;;;;;;;;;;;;;;;;;;;;;;;;;;;;;;;;;;;;;;;
2009-12-05 18:30:00;3.78;4.91;7.39;4.03;2.72;5.48;9.70;10.00;7.60;9.80;13.20;4.20;3.92;0.062;0.439;1.00;208;0.161;3.276;0.37;4.21;10.60;7.50;9.30;0.44;0.48;273.30;258.20;21.60;30.20;;;;;;;;;;;;;;;;;;;;;;;;;;;;;;;;;;;;;;;;;;
2009-12-05 19:00:00;4.25;5.29;6.27;4.38;2.97;5.97;9.20;9.10;7.50;10.10;13.70;3.64;3.38;0.058;0.325;1.10;211;0.087;3.110;0.36;4.35;9.90;7.30;8.80;0.41;0.44;265.70;254.70;23.60;30.10;;;;;;;;;;;;;;;;;;;;;;;;;;;;;;;;;;;;;;;;;;
2009-12-05 19:30:00;4.04;5.13;7.20;4.34;2.89;6.41;9.50;9.50;7.50;10.90;13.30;3.86;3.80;0.056;0.138;2.30;211;0.092;3.131;0.25;4.28;11.00;7.40;9.20;0.44;0.43;273.70;256.10;20.50;31.90;;;;;;;;;;;;;;;;;;;;;;;;;;;;;;;;;;;;;;;;;;
2009-12-05 20:00:00;3.65;4.59;6.18;3.90;2.55;5.54;9.40;9.30;7.10;11.30;14.90;3.24;3.36;0.055;0.167;2.10;222;0.099;3.144;0.36;3.90;10.70;7.20;9.10;0.46;0.44;273.80;258.70;22.10;33.20;;;;;;;;;;;;;;;;;;;;;;;;;;;;;;;;;;;;;;;;;;
2009-12-05 20:30:00;3.90;4.86;6.03;4.18;2.83;5.30;9.50;9.50;7.70;9.50;13.10;3.31;3.11;0.053;0.114;2.00;208;0.061;2.770;0.22;4.26;10.70;7.50;9.10;0.43;0.47;275.90;259.60;21.50;30.80;;;;;;;;;;;;;;;;;;;;;;;;;;;;;;;;;;;;;;;;;;
2009-12-05 21:00:00;3.96;4.96;6.58;4.19;2.79;5.54;9.70;9.70;7.70;8.90;13.80;3.46;3.22;0.055;0.156;3.10;207;0.121;2.962;0.41;4.07;10.70;7.40;9.20;0.45;0.47;270.80;255.80;20.80;31.70;;;;;;;;;;;;;;;;;;;;;;;;;;;;;;;;;;;;;;;;;;
2009-12-05 21:30:00;3.82;4.73;5.72;4.08;2.72;5.15;9.40;9.50;7.50;10.50;13.70;2.99;3.54;0.052;0.162;1.30;214;-0.007;2.929;0.29;4.04;10.50;7.40;9.10;0.43;0.41;270.40;256.20;23.70;32.80;;;;;;;;;;;;;;;;;;;;;;;;;;;;;;;;;;;;;;;;;;
2009-12-05 22:00:00;3.63;4.57;7.10;3.92;2.66;5.34;9.40;9.90;7.90;10.90;13.60;3.58;3.63;0.047;0.148;3.30;202;0.033;3.115;0.34;3.99;10.60;7.60;9.30;0.44;0.46;273.90;258.60;22.50;32.40;;;;;;;;;;;;;;;;;;;;;;;;;;;;;;;;;;;;;;;;;;
2009-12-05 22:30:00;3.93;4.75;5.89;4.15;2.78;5.16;9.70;10.00;7.60;11.20;14.00;3.58;2.79;0.061;0.270;1.80;209;0.171;2.916;0.36;3.99;10.70;7.20;9.10;0.45;0.38;276.50;256.90;25.30;34.50;;;;;;;;;;;;;;;;;;;;;;;;;;;;;;;;;;;;;;;;;;
2009-12-05 23:00:00;4.05;5.03;6.73;4.46;2.90;5.64;9.60;9.40;7.40;7.50;13.70;3.70;3.49;0.073;0.724;1.00;212;0.142;2.961;0.27;4.34;11.40;7.50;9.30;0.45;0.36;279.80;257.60;19.60;31.50;;;;;;;;;;;;;;;;;;;;;;;;;;;;;;;;;;;;;;;;;;
2009-12-05 23:30:00;4.10;5.12;6.58;4.31;2.93;5.43;10.20;10.00;7.80;9.20;15.00;3.92;3.58;0.059;0.189;1.20;205;0.066;3.167;0.22;4.31;11.70;7.40;9.50;0.46;0.39;279.30;255.30;22.80;32.40;;;;;;;;;;;;;;;;;;;;;;;;;;;;;;;;;;;;;;;;;;
2009-12-06 00:00:00;4.01;4.98;6.56;4.28;2.93;5.82;9.30;9.10;7.90;9.70;15.30;3.23;3.80;0.055;0.134;1.90;202;0.034;2.802;0.19;4.27;11.30;7.30;9.10;0.43;0.36;276.60;254.70;22.50;32.60;;;;;;;;;;;;;;;;;;;;;;;;;;;;;;;;;;;;;;;;;;
2009-12-06 00:30:00;4.05;4.90;7.97;4.35;2.91;5.43;9.80;9.70;7.50;9.50;14.70;4.86;3.68;0.063;0.245;1.00;212;0.140;3.059;0.13;4.45;11.40;7.40;9.50;0.46;0.36;272.30;250.60;22.80;31.50;;;;;;;;;;;;;;;;;;;;;;;;;;;;;;;;;;;;;;;;;;
2009-12-06 01:00:00;4.09;5.09;6.72;4.33;2.88;5.66;9.10;9.50;7.20;8.90;15.90;4.10;2.91;0.059;0.145;1.90;222;0.210;3.091;0.27;4.35;10.20;7.10;8.90;0.44;0.34;267.60;248.80;27.90;32.80;;;;;;;;;;;;;;;;;;;;;;;;;;;;;;;;;;;;;;;;;;
2009-12-06 01:30:00;4.37;5.52;7.46;4.64;3.07;6.17;9.70;9.80;7.60;10.60;14.30;4.46;3.19;0.058;0.221;1.70;209;0.208;3.121;0.29;4.58;11.40;7.60;9.50;0.45;0.38;275.50;254.10;20.60;30.20;;;;;;;;;;;;;;;;;;;;;;;;;;;;;;;;;;;;;;;;;;
2009-12-06 02:00:00;3.99;4.75;6.41;4.37;2.91;5.07;9.20;9.00;7.50;10.00;14.50;3.55;3.66;0.066;0.258;1.70;210;0.035;2.798;0.21;4.34;12.20;7.30;9.40;0.46;0.30;275.50;249.40;23.80;32.50;;;;;;;;;;;;;;;;;;;;;;;;;;;;;;;;;;;;;;;;;;
2009-12-06 02:30:00;3.87;4.70;6.07;4.22;2.85;4.97;9.20;9.90;7.60;9.70;14.60;3.64;3.37;0.071;0.558;1.00;210;0.048;2.778;0.15;4.25;11.80;7.20;9.20;0.46;0.29;269.60;248.80;26.20;34.40;;;;;;;;;;;;;;;;;;;;;;;;;;;;;;;;;;;;;;;;;;
2009-12-06 03:00:00;4.75;6.17;7.52;4.98;3.34;7.14;10.00;10.00;7.80;7.50;15.50;4.41;3.99;0.072;0.228;1.10;204;0.094;3.261;0.19;4.95;11.40;7.60;9.60;0.46;0.39;274.60;254.30;22.70;30.10;;;;;;;;;;;;;;;;;;;;;;;;;;;;;;;;;;;;;;;;;;
2009-12-06 03:30:00;4.86;5.86;7.03;5.27;3.53;6.55;9.90;9.90;7.90;11.60;15.00;4.46;3.73;0.066;0.217;1.80;200;0.147;2.744;0.22;5.21;11.00;7.70;9.60;0.44;0.38;271.80;253.60;21.90;29.10;;;;;;;;;;;;;;;;;;;;;;;;;;;;;;;;;;;;;;;;;;
2009-12-06 04:00:00;4.94;6.03;7.79;5.27;3.58;6.49;10.80;10.90;8.70;11.00;14.80;3.93;4.16;0.062;0.335;1.10;181;0.015;2.716;0.32;5.25;12.10;8.10;10.20;0.46;0.41;275.30;261.00;21.70;29.00;;;;;;;;;;;;;;;;;;;;;;;;;;;;;;;;;;;;;;;;;;
2009-12-06 04:30:00;4.89;6.03;7.62;5.19;3.55;6.83;10.40;10.60;8.50;11.70;15.40;3.75;4.08;0.070;0.591;1.00;188;-0.046;2.851;0.18;5.17;12.20;7.80;10.00;0.46;0.32;279.00;256.30;23.10;30.80;;;;;;;;;;;;;;;;;;;;;;;;;;;;;;;;;;;;;;;;;;
2009-12-06 05:00:00;5.23;6.56;8.45;5.53;3.74;7.32;10.30;10.50;8.20;9.00;16.80;4.51;4.08;0.064;0.405;1.00;194;0.046;2.982;0.27;5.53;10.90;8.00;9.90;0.43;0.41;268.90;256.90;21.70;28.90;;;;;;;;;;;;;;;;;;;;;;;;;;;;;;;;;;;;;;;;;;
2009-12-06 05:30:00;5.35;6.45;8.33;5.73;3.84;7.16;11.00;11.70;8.60;11.00;14.70;4.91;4.23;0.060;0.196;1.80;186;0.095;2.852;0.31;5.73;12.30;8.40;10.50;0.45;0.43;267.90;256.80;19.60;28.60;;;;;;;;;;;;;;;;;;;;;;;;;;;;;;;;;;;;;;;;;;
2009-12-06 06:00:00;5.79;7.17;9.18;6.11;4.14;8.07;11.20;11.70;9.10;11.50;15.70;5.90;4.64;0.057;0.282;1.00;174;0.112;3.064;0.40;6.15;12.30;8.80;10.90;0.44;0.42;267.90;256.00;19.90;27.60;;;;;;;;;;;;;;;;;;;;;;;;;;;;;;;;;;;;;;;;;;
2009-12-06 06:30:00;5.59;7.00;9.16;6.02;3.96;7.77;10.90;11.40;8.70;11.50;16.50;5.03;4.59;0.084;0.847;0.80;183;0.118;2.952;0.37;5.98;12.10;8.60;10.50;0.44;0.47;268.20;260.10;19.60;28.70;;;;;;;;;;;;;;;;;;;;;;;;;;;;;;;;;;;;;;;;;;
2009-12-06 07:00:00;5.68;6.88;9.50;6.03;3.98;7.28;10.80;11.00;8.70;10.40;16.90;6.04;4.25;0.055;0.144;5.20;180;0.136;2.933;0.35;5.88;12.60;8.70;10.90;0.46;0.44;271.60;261.70;20.10;29.90;;;;;;;;;;;;;;;;;;;;;;;;;;;;;;;;;;;;;;;;;;
2009-12-06 07:30:00;5.55;7.17;9.45;5.88;3.85;8.13;10.80;10.90;8.40;11.70;16.20;5.30;4.68;0.065;0.254;1.40;189;0.176;3.292;0.28;6.02;12.30;8.60;10.70;0.45;0.40;270.20;257.30;19.20;29.10;;;;;;;;;;;;;;;;;;;;;;;;;;;;;;;;;;;;;;;;;;
2009-12-06 08:00:00;5.57;6.89;8.92;5.98;3.97;7.82;11.40;11.30;8.90;10.90;15.50;5.00;5.20;0.060;0.306;1.10;177;0.073;2.986;0.25;5.90;13.00;8.80;11.00;0.46;0.43;267.60;260.40;19.80;29.90;;;;;;;;;;;;;;;;;;;;;;;;;;;;;;;;;;;;;;;;;;
2009-12-06 08:30:00;5.61;6.91;8.37;5.86;3.99;7.41;11.70;11.90;9.30;10.90;17.20;4.96;4.07;0.049;0.108;2.40;171;0.127;2.893;0.29;5.76;13.10;8.70;11.00;0.46;0.41;269.10;261.30;19.90;30.90;;;;;;;;;;;;;;;;;;;;;;;;;;;;;;;;;;;;;;;;;;
2009-12-06 09:00:00;5.63;6.64;7.85;6.06;4.01;7.69;11.80;12.10;9.50;12.10;17.80;4.62;4.37;0.051;0.200;2.60;163;0.071;2.713;0.37;6.08;12.60;9.10;11.30;0.46;0.50;268.50;262.60;19.20;29.30;;;;;;;;;;;;;;;;;;;;;;;;;;;;;;;;;;;;;;;;;;
2009-12-06 09:30:00;5.11;6.34;7.64;5.49;3.62;7.17;11.40;11.00;8.80;11.00;16.00;4.37;3.84;0.060;0.251;1.10;179;0.150;2.842;0.33;5.43;13.40;8.60;11.00;0.47;0.36;270.20;265.10;19.00;31.10;;;;;;;;;;;;;;;;;;;;;;;;;;;;;;;;;;;;;;;;;;
2009-12-06 10:00:00;5.14;6.21;8.12;5.44;3.62;6.39;11.20;11.60;8.80;10.10;16.50;5.03;3.62;0.051;0.108;1.30;179;0.110;2.828;0.28;5.47;13.50;8.90;11.40;0.48;0.42;269.10;266.40;17.20;29.00;;;;;;;;;;;;;;;;;;;;;;;;;;;;;;;;;;;;;;;;;;
2009-12-06 10:30:00;4.78;6.07;7.67;5.14;3.43;6.81;11.00;11.10;8.60;12.50;17.40;4.74;3.96;0.051;0.131;2.00;184;0.010;2.976;0.20;5.04;14.10;8.40;10.90;0.48;0.29;269.70;262.50;22.80;31.90;;;;;;;;;;;;;;;;;;;;;;;;;;;;;;;;;;;;;;;;;;
2009-12-06 11:00:00;4.81;6.05;7.96;5.12;3.42;6.82;11.30;11.90;8.90;12.00;16.00;4.10;4.08;0.057;0.280;1.70;178;0.018;2.946;0.40;5.16;13.50;8.80;11.30;0.48;0.41;270.30;266.90;20.70;29.70;;;;;;;;;;;;;;;;;;;;;;;;;;;;;;;;;;;;;;;;;;
2009-12-06 11:30:00;4.84;5.98;7.57;5.22;3.49;6.72;11.50;12.10;9.10;11.40;19.30;4.09;4.69;0.054;0.288;0.90;174;0.021;2.804;0.27;5.17;14.60;8.70;11.30;0.50;0.35;271.40;264.20;21.10;29.70;;;;;;;;;;;;;;;;;;;;;;;;;;;;;;;;;;;;;;;;;;
2009-12-06 12:00:00;4.86;6.23;8.52;5.19;3.44;7.21;11.40;12.00;8.90;9.80;16.00;4.36;4.42;0.050;0.155;1.90;179;0.086;3.110;0.31;5.11;12.90;8.70;11.30;0.49;0.43;273.00;267.00;22.90;31.10;;;;;;;;;;;;;;;;;;;;;;;;;;;;;;;;;;;;;;;;;;
2009-12-06 12:30:00;4.38;5.27;6.13;4.74;3.22;5.92;11.20;11.50;9.20;10.10;16.50;3.75;3.58;0.046;0.087;2.80;174;0.121;2.702;0.05;4.78;13.10;8.60;11.20;0.48;0.34;274.30;264.60;22.50;30.20;;;;;;;;;;;;;;;;;;;;;;;;;;;;;;;;;;;;;;;;;;
2009-12-06 13:00:00;4.48;5.71;8.04;4.89;3.23;6.00;11.50;11.80;8.80;12.50;15.60;4.55;4.69;0.053;0.169;2.00;179;-0.042;2.994;0.26;4.78;13.00;8.30;10.90;0.49;0.37;270.40;264.40;27.60;33.00;;;;;;;;;;;;;;;;;;;;;;;;;;;;;;;;;;;;;;;;;;
2009-12-06 13:30:00;4.69;5.73;7.03;5.03;3.32;6.06;12.20;12.00;9.10;11.10;17.20;3.88;4.19;0.046;0.134;2.50;176;-0.083;2.836;0.30;4.91;14.70;8.60;11.40;0.50;0.36;274.70;266.00;21.90;30.10;;;;;;;;;;;;;;;;;;;;;;;;;;;;;;;;;;;;;;;;;;
2009-12-06 14:00:00;4.99;6.20;8.20;5.31;3.53;7.23;12.10;12.50;9.10;12.30;17.00;4.35;4.09;0.054;0.133;2.30;174;0.065;2.919;0.27;5.28;14.60;9.00;12.00;0.52;0.45;272.70;264.30;18.50;28.10;;;;;;;;;;;;;;;;;;;;;;;;;;;;;;;;;;;;;;;;;;
2009-12-06 14:30:00;4.97;6.32;7.39;5.26;3.50;7.30;12.20;11.60;9.50;12.30;17.60;4.35;4.22;0.049;0.191;2.00;166;0.056;2.999;0.12;5.15;14.10;9.10;11.60;0.48;0.41;275.40;266.80;22.40;28.90;;;;;;;;;;;;;;;;;;;;;;;;;;;;;;;;;;;;;;;;;;
2009-12-06 15:00:00;4.65;5.88;6.82;4.99;3.35;6.30;11.40;10.80;8.80;12.60;16.10;4.24;3.73;0.054;0.165;1.10;178;0.138;2.822;0.22;4.88;13.50;8.50;11.00;0.49;0.36;274.10;264.80;24.00;31.30;;;;;;;;;;;;;;;;;;;;;;;;;;;;;;;;;;;;;;;;;;
2009-12-06 15:30:00;5.12;6.47;9.57;5.53;3.63;7.84;11.80;12.50;9.00;12.30;16.90;4.82;4.81;0.059;0.485;0.90;175;0.030;3.105;0.40;5.48;14.10;9.00;11.70;0.49;0.43;273.00;266.40;22.30;28.20;;;;;;;;;;;;;;;;;;;;;;;;;;;;;;;;;;;;;;;;;;
2009-12-06 16:00:00;4.83;5.85;7.23;5.14;3.52;6.81;12.20;12.00;9.60;11.80;17.20;3.95;3.85;0.043;0.103;3.10;165;-0.013;2.785;0.22;5.09;14.10;8.90;11.60;0.51;0.42;269.10;265.50;24.40;29.80;;;;;;;;;;;;;;;;;;;;;;;;;;;;;;;;;;;;;;;;;;
2009-12-06 16:30:00;4.91;6.12;8.09;5.14;3.45;7.21;11.20;11.30;8.90;12.30;16.40;4.31;3.87;0.051;0.148;3.50;179;0.065;2.948;0.34;5.04;12.90;8.50;10.80;0.46;0.41;268.90;263.90;26.90;30.80;;;;;;;;;;;;;;;;;;;;;;;;;;;;;;;;;;;;;;;;;;
2009-12-06 17:00:00;4.77;5.94;7.22;5.01;3.42;6.85;11.40;12.00;9.10;12.30;18.70;4.04;4.20;0.049;0.109;1.10;174;0.021;2.935;0.37;5.05;13.50;8.80;11.40;0.50;0.44;272.00;264.20;19.70;28.60;;;;;;;;;;;;;;;;;;;;;;;;;;;;;;;;;;;;;;;;;;
2009-12-06 17:30:00;4.90;6.09;7.53;5.11;3.40;6.80;11.70;12.30;8.70;12.30;18.20;4.12;4.19;0.053;0.194;1.20;183;0.016;3.064;0.36;5.03;14.00;8.80;11.30;0.49;0.42;269.70;266.30;19.80;27.30;;;;;;;;;;;;;;;;;;;;;;;;;;;;;;;;;;;;;;;;;;
2009-12-06 18:00:00;5.06;6.43;8.48;5.40;3.55;7.75;11.90;12.40;9.10;11.90;16.10;5.26;4.67;0.055;0.301;1.30;173;0.105;3.139;0.40;5.34;13.10;9.00;11.40;0.48;0.47;274.90;269.00;20.70;27.70;;;;;;;;;;;;;;;;;;;;;;;;;;;;;;;;;;;;;;;;;;
2009-12-06 18:30:00;4.98;6.35;8.19;5.40;3.53;7.15;11.60;12.50;9.10;11.70;17.40;4.85;4.34;0.060;0.270;1.00;173;0.121;3.072;0.34;5.48;13.20;9.20;11.70;0.49;0.51;272.90;268.00;16.70;25.40;;;;;;;;;;;;;;;;;;;;;;;;;;;;;;;;;;;;;;;;;;
2009-12-06 19:00:00;5.09;6.48;8.11;5.42;3.59;7.26;11.70;12.30;9.00;11.40;16.30;4.61;4.03;0.051;0.160;2.80;176;0.065;2.972;0.34;5.33;13.90;8.80;11.30;0.49;0.45;273.90;270.10;19.30;27.50;;;;;;;;;;;;;;;;;;;;;;;;;;;;;;;;;;;;;;;;;;
2009-12-06 19:30:00;4.99;6.22;7.97;5.29;3.60;7.10;11.80;12.10;9.40;11.20;17.40;4.38;3.84;0.051;0.190;2.10;166;0.041;2.816;0.26;5.11;12.60;8.70;11.10;0.49;0.49;275.00;271.10;21.60;28.30;;;;;;;;;;;;;;;;;;;;;;;;;;;;;;;;;;;;;;;;;;
2009-12-06 20:00:00;4.83;6.13;8.59;5.25;3.50;7.26;11.60;11.60;9.20;11.70;15.40;6.05;4.61;0.051;0.284;1.30;169;0.095;3.161;0.26;5.28;13.00;8.90;11.20;0.47;0.49;274.50;272.20;21.50;27.70;;;;;;;;;;;;;;;;;;;;;;;;;;;;;;;;;;;;;;;;;;
2009-12-06 20:30:00;5.24;6.55;9.70;5.63;3.87;7.69;11.90;11.00;9.90;12.10;16.10;5.11;4.59;0.046;0.147;3.40;160;0.013;2.779;0.33;5.83;13.20;9.40;11.60;0.46;0.50;276.80;272.20;16.50;24.70;;;;;;;;;;;;;;;;;;;;;;;;;;;;;;;;;;;;;;;;;;
2009-12-06 21:00:00;4.77;5.96;7.14;5.09;3.40;6.52;11.80;11.70;8.90;9.50;17.00;3.90;3.79;0.048;0.091;2.80;178;0.010;2.752;0.24;4.98;13.40;8.70;11.10;0.49;0.44;278.20;272.20;23.10;29.90;;;;;;;;;;;;;;;;;;;;;;;;;;;;;;;;;;;;;;;;;;
2009-12-06 21:30:00;4.56;5.78;6.78;4.85;3.26;6.54;11.70;11.50;8.90;10.90;17.80;3.52;4.19;0.045;0.120;1.40;177;-0.053;2.897;0.36;4.78;11.60;8.50;10.70;0.46;0.43;274.80;272.40;24.30;30.50;;;;;;;;;;;;;;;;;;;;;;;;;;;;;;;;;;;;;;;;;;
2009-12-06 22:00:00;5.03;6.25;7.86;5.35;3.56;7.72;12.10;12.20;9.30;13.00;18.30;4.73;4.52;0.049;0.183;1.80;171;0.012;3.082;0.46;5.25;13.10;9.00;11.30;0.47;0.49;282.70;277.80;19.20;27.10;;;;;;;;;;;;;;;;;;;;;;;;;;;;;;;;;;;;;;;;;;
2009-12-06 22:30:00;4.48;5.63;7.15;4.75;3.18;6.68;11.20;11.80;9.00;11.20;16.60;3.81;3.77;0.048;0.134;2.10;176;0.122;2.841;0.30;4.78;13.10;8.70;11.10;0.48;0.42;278.30;272.10;22.10;29.00;;;;;;;;;;;;;;;;;;;;;;;;;;;;;;;;;;;;;;;;;;
2009-12-06 23:00:00;4.35;5.27;6.25;4.65;3.08;5.68;11.40;11.20;8.80;10.50;17.00;3.27;3.49;0.048;0.142;1.90;179;0.089;2.723;0.33;4.58;13.40;8.50;11.00;0.50;0.44;280.00;272.20;23.90;30.30;;;;;;;;;;;;;;;;;;;;;;;;;;;;;;;;;;;;;;;;;;
2009-12-06 23:30:00;4.49;5.79;8.16;4.80;3.12;6.12;11.40;11.60;8.50;12.10;16.20;4.66;4.27;0.046;0.139;3.60;186;0.114;3.285;0.33;4.69;12.60;8.70;11.10;0.49;0.45;282.50;274.50;21.60;27.70;;;;;;;;;;;;;;;;;;;;;;;;;;;;;;;;;;;;;;;;;;
2009-12-07 00:00:00;4.79;6.06;7.95;5.07;3.35;6.58;11.60;12.40;9.10;10.90;18.40;4.47;3.81;0.049;0.458;1.00;176;0.039;3.193;0.44;4.96;13.10;9.20;11.50;0.47;0.47;283.00;276.60;17.80;25.70;;;;;;;;;;;;;;;;;;;;;;;;;;;;;;;;;;;;;;;;;;
2009-12-07 00:30:00;4.00;4.89;8.17;4.29;2.82;5.14;11.40;12.00;8.70;12.50;16.60;4.53;3.64;0.045;0.100;3.20;184;0.015;3.149;0.31;4.25;14.00;8.50;11.30;0.52;0.40;280.90;272.40;22.40;30.90;;;;;;;;;;;;;;;;;;;;;;;;;;;;;;;;;;;;;;;;;;
2009-12-07 01:00:00;4.50;5.63;7.83;4.71;3.11;6.03;11.70;12.00;9.00;12.60;18.30;4.04;4.30;0.048;0.324;1.00;177;0.080;3.095;0.35;4.65;13.10;8.90;11.40;0.49;0.47;284.10;277.10;20.60;27.30;;;;;;;;;;;;;;;;;;;;;;;;;;;;;;;;;;;;;;;;;;
2009-12-07 01:30:00;4.44;5.38;6.00;4.69;3.12;5.95;11.80;12.40;9.20;13.70;16.20;3.76;3.38;0.043;0.096;2.20;173;0.000;2.765;0.39;4.61;14.00;8.90;11.50;0.51;0.45;279.90;273.40;21.90;28.50;;;;;;;;;;;;;;;;;;;;;;;;;;;;;;;;;;;;;;;;;;
2009-12-07 02:00:00;4.36;5.29;6.61;4.64;3.07;5.73;11.80;12.30;8.80;11.80;15.50;3.60;3.82;0.047;0.116;1.90;181;-0.049;2.815;0.22;4.44;13.20;8.40;11.20;0.53;0.50;281.50;271.40;22.30;29.70;;;;;;;;;;;;;;;;;;;;;;;;;;;;;;;;;;;;;;;;;;
2009-12-07 02:30:00;4.78;6.05;8.06;5.09;3.36;6.60;12.00;12.10;9.00;13.10;17.30;4.69;3.45;0.052;0.115;2.50;175;0.113;3.048;0.40;4.94;13.50;8.70;11.50;0.52;0.49;280.10;271.60;20.20;27.50;;;;;;;;;;;;;;;;;;;;;;;;;;;;;;;;;;;;;;;;;;
2009-12-07 03:00:00;4.62;5.69;7.28;4.91;3.24;6.29;11.50;12.20;8.80;12.30;17.70;4.36;4.11;0.062;0.444;1.00;180;0.029;2.815;0.30;4.72;13.50;8.40;11.10;0.51;0.42;285.10;273.10;22.10;29.60;;;;;;;;;;;;;;;;;;;;;;;;;;;;;;;;;;;;;;;;;;
2009-12-07 03:30:00;4.42;5.46;7.86;4.65;3.11;5.73;11.40;11.90;8.60;10.40;16.80;4.25;3.82;0.058;0.581;0.90;182;0.013;2.959;0.37;4.57;12.60;8.30;10.80;0.51;0.47;282.30;270.40;25.40;30.00;;;;;;;;;;;;;;;;;;;;;;;;;;;;;;;;;;;;;;;;;;
2009-12-07 04:00:00;4.16;5.11;7.36;4.46;2.97;5.48;10.90;11.60;8.50;11.10;17.30;4.42;3.52;0.051;0.105;2.30;188;0.033;3.035;0.35;4.46;13.00;8.00;10.70;0.52;0.45;278.30;264.30;25.50;30.80;;;;;;;;;;;;;;;;;;;;;;;;;;;;;;;;;;;;;;;;;;
2009-12-07 04:30:00;4.70;5.81;7.09;4.89;3.26;6.34;11.60;11.50;8.50;12.30;17.40;3.52;3.75;0.070;0.602;1.10;186;-0.052;2.964;0.18;4.87;13.60;8.40;11.20;0.52;0.47;278.90;267.90;20.10;28.40;;;;;;;;;;;;;;;;;;;;;;;;;;;;;;;;;;;;;;;;;;
2009-12-07 05:00:00;4.70;5.73;7.58;5.07;3.33;6.53;11.10;11.80;8.70;12.00;16.60;3.89;4.15;0.072;0.607;0.80;182;0.128;2.964;0.33;4.97;13.10;8.50;11.10;0.51;0.47;277.20;268.20;20.80;27.40;;;;;;;;;;;;;;;;;;;;;;;;;;;;;;;;;;;;;;;;;;
2009-12-07 05:30:00;4.55;5.69;8.01;4.96;3.27;6.62;12.10;13.00;9.10;13.60;15.70;4.06;4.03;0.060;0.636;0.90;171;0.016;2.805;0.49;4.81;13.10;8.60;11.30;0.52;0.52;280.40;269.90;20.80;26.80;;;;;;;;;;;;;;;;;;;;;;;;;;;;;;;;;;;;;;;;;;
2009-12-07 06:00:00;4.83;6.07;9.64;5.21;3.45;6.20;11.50;11.90;8.90;11.70;16.00;5.36;4.28;0.048;0.123;3.60;176;0.158;3.070;0.34;5.02;13.10;8.40;10.80;0.48;0.44;279.10;268.00;21.90;27.20;;;;;;;;;;;;;;;;;;;;;;;;;;;;;;;;;;;;;;;;;;
2009-12-07 06:30:00;4.56;5.90;7.77;4.98;3.22;6.67;10.90;11.90;8.20;9.50;15.40;4.47;5.09;0.060;0.196;0.90;189;0.039;3.084;0.33;5.06;13.10;8.40;11.00;0.49;0.44;281.60;268.40;19.20;26.50;;;;;;;;;;;;;;;;;;;;;;;;;;;;;;;;;;;;;;;;;;
2009-12-07 07:00:00;4.92;6.23;8.60;5.27;3.47;7.09;11.20;12.10;8.60;11.70;16.50;5.19;4.12;0.061;0.441;0.90;184;0.111;3.120;0.39;5.17;13.20;8.40;11.10;0.51;0.47;279.10;268.20;20.70;28.00;;;;;;;;;;;;;;;;;;;;;;;;;;;;;;;;;;;;;;;;;;
2009-12-07 07:30:00;4.75;5.99;8.37;4.98;3.40;6.64;11.50;11.60;8.70;11.60;15.90;4.39;4.04;0.056;0.156;3.40;183;0.030;3.107;0.42;5.07;13.20;8.40;11.00;0.50;0.44;282.10;267.70;18.70;27.10;;;;;;;;;;;;;;;;;;;;;;;;;;;;;;;;;;;;;;;;;;
2009-12-07 08:00:00;4.71;6.08;6.98;5.02;3.29;6.83;11.20;12.20;8.10;11.40;15.90;4.26;3.65;0.057;0.141;2.50;195;0.216;3.035;0.41;5.05;13.10;8.20;10.70;0.50;0.41;283.20;268.50;23.60;30.40;;;;;;;;;;;;;;;;;;;;;;;;;;;;;;;;;;;;;;;;;;
2009-12-07 08:30:00;4.96;6.14;8.11;5.29;3.54;7.32;11.10;11.70;8.70;11.70;14.80;4.74;3.73;0.054;0.208;1.10;181;0.109;2.915;0.28;5.35;13.20;8.30;10.70;0.49;0.41;287.50;270.80;23.20;29.40;;;;;;;;;;;;;;;;;;;;;;;;;;;;;;;;;;;;;;;;;;
2009-12-07 09:00:00;4.95;6.11;8.11;5.33;3.48;6.66;10.80;11.40;8.30;11.80;17.50;4.58;4.33;0.070;0.354;0.90;191;0.037;3.014;0.28;5.26;12.70;8.40;10.60;0.46;0.39;285.10;269.10;20.10;28.60;;;;;;;;;;;;;;;;;;;;;;;;;;;;;;;;;;;;;;;;;;
2009-12-07 09:30:00;5.06;6.10;6.71;5.35;3.58;6.52;10.80;10.60;8.40;11.30;16.00;4.08;3.98;0.066;0.242;2.60;184;0.045;2.824;0.25;5.21;13.10;8.00;10.20;0.46;0.31;291.20;267.80;22.20;32.30;;;;;;;;;;;;;;;;;;;;;;;;;;;;;;;;;;;;;;;;;;
2009-12-07 10:00:00;5.12;6.32;7.26;5.71;3.67;6.65;11.30;11.80;8.70;11.00;16.40;4.56;4.48;0.057;0.151;2.60;176;-0.070;2.752;0.31;5.66;12.80;8.70;11.10;0.49;0.45;287.80;273.90;18.40;28.60;;;;;;;;;;;;;;;;;;;;;;;;;;;;;;;;;;;;;;;;;;
2009-12-07 10:30:00;5.06;6.36;7.55;5.41;3.58;7.00;10.60;11.50;8.40;12.60;16.80;4.20;4.39;0.060;0.150;2.00;186;-0.059;2.899;0.37;5.31;13.10;8.20;10.50;0.47;0.35;286.60;269.80;21.10;29.90;;;;;;;;;;;;;;;;;;;;;;;;;;;;;;;;;;;;;;;;;;
2009-12-07 11:00:00;4.92;6.06;7.41;5.26;3.52;7.08;10.80;10.80;8.50;9.90;15.90;4.46;4.34;0.057;0.245;1.90;184;0.136;2.802;0.29;5.20;13.10;8.20;10.40;0.47;0.37;285.30;264.10;20.20;31.30;;;;;;;;;;;;;;;;;;;;;;;;;;;;;;;;;;;;;;;;;;
2009-12-07 11:30:00;4.90;5.88;7.86;5.65;3.55;6.76;11.30;10.90;8.60;10.90;16.40;4.41;4.11;0.059;0.139;3.80;160;0.047;2.407;0.23;999.999;999.999;999.999;999.999;999.999;999.999;999.999;999.999;999.999;999.999;;;;;;;;;;;;;;;;;;;;;;;;;;;;;;;;;;;;;;;;;;
2009-12-07 12:00:00;4.83;5.75;7.62;5.34;3.50;5.88;10.40;10.50;8.20;9.00;16.10;3.64;4.20;0.062;0.267;1.70;193;0.021;2.635;0.24;5.23;13.10;8.20;10.40;0.46;0.34;289.10;267.30;20.60;29.40;;;;;;;;;;;;;;;;;;;;;;;;;;;;;;;;;;;;;;;;;;
2009-12-07 12:30:00;4.69;5.73;8.14;4.88;3.30;6.06;11.10;10.70;8.50;12.00;16.20;4.53;3.63;0.062;0.510;1.00;188;0.118;2.967;0.26;4.77;13.10;8.10;10.40;0.47;0.35;283.80;263.10;24.20;34.60;;;;;;;;;;;;;;;;;;;;;;;;;;;;;;;;;;;;;;;;;;
2009-12-07 13:00:00;5.04;6.25;8.96;5.26;3.45;6.89;10.30;10.40;8.10;10.50;14.50;4.66;4.34;0.059;0.148;2.00;196;0.232;3.284;0.19;5.29;11.60;8.30;10.30;0.44;0.38;283.20;265.00;21.30;28.20;;;;;;;;;;;;;;;;;;;;;;;;;;;;;;;;;;;;;;;;;;
2009-12-07 13:30:00;5.12;6.20;8.23;5.51;3.60;6.50;10.90;11.70;8.50;10.30;16.50;4.45;4.36;0.061;0.316;1.00;184;0.062;2.936;0.27;5.38;13.60;8.50;10.70;0.46;0.36;289.50;267.30;19.00;30.10;;;;;;;;;;;;;;;;;;;;;;;;;;;;;;;;;;;;;;;;;;
2009-12-07 14:00:00;4.79;6.06;7.57;5.11;3.41;6.50;10.70;11.20;8.50;11.00;16.40;4.58;4.19;0.057;0.296;1.20;186;0.127;3.030;0.15;5.03;13.10;8.30;10.70;0.48;0.39;286.20;265.70;19.00;30.60;;;;;;;;;;;;;;;;;;;;;;;;;;;;;;;;;;;;;;;;;;
2009-12-07 14:30:00;4.97;6.33;8.77;5.44;3.50;7.19;10.90;11.40;8.30;10.50;18.00;5.56;4.37;0.059;0.191;2.10;190;0.101;3.093;0.27;5.47;13.20;8.60;10.80;0.46;0.37;286.40;267.00;19.40;29.10;;;;;;;;;;;;;;;;;;;;;;;;;;;;;;;;;;;;;;;;;;
2009-12-07 15:00:00;4.98;6.27;7.50;5.50;3.52;6.82;11.00;11.50;8.30;12.70;16.50;5.13;4.90;0.062;0.199;2.70;190;0.139;3.032;0.34;5.33;14.00;8.40;10.70;0.47;0.37;279.30;264.90;22.70;30.00;;;;;;;;;;;;;;;;;;;;;;;;;;;;;;;;;;;;;;;;;;
2009-12-07 15:30:00;5.33;6.35;7.78;5.69;3.90;6.68;11.20;11.20;9.30;13.20;16.50;4.84;3.59;0.055;0.239;2.50;169;0.119;2.695;0.21;5.47;13.60;8.60;11.00;0.49;0.40;279.40;268.00;20.70;30.00;;;;;;;;;;;;;;;;;;;;;;;;;;;;;;;;;;;;;;;;;;
2009-12-07 16:00:00;4.65;6.01;8.25;5.16;3.30;6.72;10.80;12.60;8.30;13.40;18.90;5.36;3.96;0.060;0.160;1.70;190;0.211;3.176;0.42;5.13;13.10;8.20;10.90;0.50;0.41;273.10;264.30;26.70;32.10;;;;;;;;;;;;;;;;;;;;;;;;;;;;;;;;;;;;;;;;;;
2009-12-07 16:30:00;4.46;5.44;6.23;4.81;3.10;5.85;10.70;10.40;7.80;9.20;15.90;3.87;3.63;0.060;0.243;0.90;201;0.081;3.089;0.27;4.80;13.10;7.80;10.10;0.48;0.38;276.30;263.50;26.20;32.30;;;;;;;;;;;;;;;;;;;;;;;;;;;;;;;;;;;;;;;;;;
2009-12-07 17:00:00;5.30;6.49;7.59;5.64;3.74;7.28;11.40;10.90;8.70;10.30;15.90;4.12;4.30;0.056;0.196;3.40;182;0.000;2.737;0.34;5.65;12.50;8.70;10.90;0.48;0.52;276.70;266.50;20.20;28.20;;;;;;;;;;;;;;;;;;;;;;;;;;;;;;;;;;;;;;;;;;
2009-12-07 17:30:00;4.61;5.68;6.84;4.95;3.31;6.31;10.80;10.80;8.40;12.30;15.90;3.90;3.17;0.060;0.190;1.00;189;0.109;2.772;0.27;4.93;12.20;8.10;10.40;0.48;0.42;273.10;263.30;23.70;32.80;;;;;;;;;;;;;;;;;;;;;;;;;;;;;;;;;;;;;;;;;;
2009-12-07 18:00:00;4.92;6.07;6.96;5.22;3.52;6.66;10.70;10.60;8.60;12.40;16.30;4.28;4.11;0.068;0.305;1.00;186;0.032;2.885;0.32;5.25;13.10;8.30;10.60;0.47;0.42;271.60;265.10;22.80;30.50;;;;;;;;;;;;;;;;;;;;;;;;;;;;;;;;;;;;;;;;;;
2009-12-07 18:30:00;4.94;6.12;8.78;5.19;3.55;6.75;11.00;11.20;8.70;12.40;17.30;3.92;4.86;0.059;0.241;2.40;181;-0.002;3.011;0.29;5.11;13.10;8.30;10.60;0.47;0.41;272.90;264.70;22.80;30.50;;;;;;;;;;;;;;;;;;;;;;;;;;;;;;;;;;;;;;;;;;
2009-12-07 19:00:00;4.53;5.78;7.61;4.80;3.18;6.46;10.00;10.30;8.00;10.00;14.90;4.08;3.60;0.049;0.089;3.20;196;0.173;3.091;0.14;4.79;12.70;7.90;10.00;0.46;0.36;269.70;264.50;25.50;33.80;;;;;;;;;;;;;;;;;;;;;;;;;;;;;;;;;;;;;;;;;;
2009-12-07 19:30:00;4.42;5.52;7.10;4.70;3.09;6.26;10.70;10.50;7.90;12.30;17.20;4.49;3.42;0.054;0.114;2.00;202;0.172;3.172;0.28;4.68;13.00;7.90;10.20;0.48;0.38;272.30;268.30;25.70;34.60;;;;;;;;;;;;;;;;;;;;;;;;;;;;;;;;;;;;;;;;;;
2009-12-07 20:00:00;4.97;6.66;8.63;5.38;3.51;7.67;10.90;11.10;8.40;10.00;15.60;4.98;4.49;0.055;0.178;0.90;188;0.038;3.386;0.37;5.47;13.00;8.60;10.80;0.47;0.42;271.00;268.00;25.70;31.10;;;;;;;;;;;;;;;;;;;;;;;;;;;;;;;;;;;;;;;;;;
2009-12-07 20:30:00;4.82;5.94;7.76;5.14;3.41;6.84;10.90;10.90;8.70;11.30;15.40;4.02;3.74;0.051;0.157;1.90;183;0.011;3.014;0.25;5.00;12.70;8.40;10.60;0.47;0.44;272.40;269.40;25.80;31.90;;;;;;;;;;;;;;;;;;;;;;;;;;;;;;;;;;;;;;;;;;
2009-12-07 21:00:00;4.84;5.85;7.91;5.12;3.47;6.19;10.70;10.20;8.50;8.90;14.80;3.93;4.62;0.056;0.161;2.60;185;0.002;2.841;0.27;4.97;12.60;8.10;10.20;0.47;0.40;273.70;267.70;24.70;33.20;;;;;;;;;;;;;;;;;;;;;;;;;;;;;;;;;;;;;;;;;;
2009-12-07 21:30:00;4.91;6.16;8.44;5.23;3.50;6.58;11.10;10.80;8.70;10.50;14.80;4.88;4.13;0.059;0.360;1.70;180;0.006;2.935;0.33;5.13;13.10;8.30;10.60;0.47;0.42;273.50;269.70;25.40;32.10;;;;;;;;;;;;;;;;;;;;;;;;;;;;;;;;;;;;;;;;;;
2009-12-07 22:00:00;4.53;5.76;7.73;4.82;3.26;6.25;10.30;10.20;8.50;9.80;15.10;4.23;3.95;0.049;0.115;2.10;184;0.050;2.888;0.27;4.85;11.40;8.10;10.00;0.45;0.44;268.50;267.10;26.20;32.80;;;;;;;;;;;;;;;;;;;;;;;;;;;;;;;;;;;;;;;;;;
2009-12-07 22:30:00;4.51;5.63;7.86;4.81;3.21;5.84;10.60;10.90;8.40;10.20;15.60;4.25;3.68;0.070;0.585;0.90;189;0.048;3.036;0.32;4.75;13.00;8.20;10.30;0.46;0.41;273.80;269.50;23.70;32.30;;;;;;;;;;;;;;;;;;;;;;;;;;;;;;;;;;;;;;;;;;
2009-12-07 23:00:00;4.65;6.02;8.90;4.99;3.27;7.10;10.70;11.50;8.40;11.30;16.50;5.78;3.54;0.070;0.613;0.90;189;0.217;3.449;0.23;4.75;12.70;8.20;10.40;0.47;0.42;280.90;271.70;23.40;32.40;;;;;;;;;;;;;;;;;;;;;;;;;;;;;;;;;;;;;;;;;;
2009-12-07 23:30:00;4.57;5.94;9.15;4.86;3.26;6.48;10.30;11.00;8.40;10.60;16.80;4.43;4.83;0.063;0.420;1.00;189;0.119;3.272;0.31;4.83;12.00;8.40;10.50;0.46;0.43;273.00;269.30;22.40;29.50;;;;;;;;;;;;;;;;;;;;;;;;;;;;;;;;;;;;;;;;;;
2009-12-08 00:00:00;4.16;5.14;7.10;4.41;3.02;5.76;10.50;10.20;8.50;11.30;14.60;3.39;3.84;0.049;0.104;1.50;188;0.025;2.816;0.27;4.39;11.70;8.00;10.00;0.45;0.42;274.50;270.50;26.50;32.00;;;;;;;;;;;;;;;;;;;;;;;;;;;;;;;;;;;;;;;;;;
2009-12-08 00:30:00;3.96;5.01;7.88;4.32;2.81;5.94;10.50;10.70;8.20;10.80;16.50;4.45;3.54;0.054;0.269;1.10;193;0.009;3.056;0.25;4.20;12.30;8.20;10.40;0.47;0.42;277.70;270.30;22.50;31.20;;;;;;;;;;;;;;;;;;;;;;;;;;;;;;;;;;;;;;;;;;
2009-12-08 01:00:00;4.05;5.07;6.26;4.37;2.90;5.81;10.40;10.70;8.50;11.00;16.50;3.90;3.49;0.045;0.187;1.30;187;0.071;2.858;0.25;4.55;12.00;8.40;10.50;0.46;0.47;281.80;272.70;21.10;28.90;;;;;;;;;;;;;;;;;;;;;;;;;;;;;;;;;;;;;;;;;;
2009-12-08 01:30:00;4.35;5.51;7.33;4.52;3.04;6.26;11.40;11.60;8.90;10.60;17.40;3.99;3.67;0.042;0.117;1.10;179;0.007;3.111;0.46;4.52;12.70;8.60;10.90;0.48;0.48;278.10;268.70;22.10;31.40;;;;;;;;;;;;;;;;;;;;;;;;;;;;;;;;;;;;;;;;;;
2009-12-08 02:00:00;3.91;4.73;6.02;4.18;2.77;5.11;10.80;10.60;8.50;12.40;14.60;3.42;3.50;0.040;0.097;2.10;185;-0.031;2.689;0.31;4.13;12.70;8.30;10.50;0.47;0.45;281.50;273.10;21.70;31.40;;;;;;;;;;;;;;;;;;;;;;;;;;;;;;;;;;;;;;;;;;
2009-12-08 02:30:00;4.02;4.89;5.74;4.29;2.82;5.26;10.80;11.10;8.40;9.70;15.80;3.23;3.25;0.048;0.207;1.70;188;0.097;2.816;0.23;4.37;12.30;8.40;10.60;0.47;0.45;275.50;272.20;22.90;29.20;;;;;;;;;;;;;;;;;;;;;;;;;;;;;;;;;;;;;;;;;;
2009-12-08 03:00:00;3.75;4.76;6.84;4.01;2.68;5.28;11.10;11.40;8.60;11.60;15.90;3.67;3.17;0.054;0.490;0.90;185;0.038;2.954;0.33;4.09;13.10;8.30;10.70;0.50;0.46;285.90;272.80;20.30;30.40;;;;;;;;;;;;;;;;;;;;;;;;;;;;;;;;;;;;;;;;;;
2009-12-08 03:30:00;3.92;4.81;6.33;4.22;2.83;5.22;11.20;11.40;9.00;11.50;16.40;3.26;3.88;0.047;0.174;2.20;174;-0.041;2.807;0.35;4.33;13.60;8.60;11.00;0.49;0.42;278.50;270.00;19.80;28.70;;;;;;;;;;;;;;;;;;;;;;;;;;;;;;;;;;;;;;;;;;
2009-12-08 04:00:00;4.11;5.04;6.08;4.33;2.91;5.25;11.30;11.00;8.90;9.60;17.00;3.40;2.88;0.047;0.232;1.60;177;0.043;2.711;0.32;4.29;12.70;8.60;10.80;0.48;0.49;279.50;272.50;19.20;27.70;;;;;;;;;;;;;;;;;;;;;;;;;;;;;;;;;;;;;;;;;;
2009-12-08 04:30:00;3.93;5.02;7.55;4.20;2.77;5.70;11.00;11.50;8.40;10.20;15.50;3.55;4.15;0.044;0.151;2.40;187;0.028;3.203;0.46;4.12;12.20;8.30;10.50;0.48;0.48;280.80;271.20;23.80;30.90;;;;;;;;;;;;;;;;;;;;;;;;;;;;;;;;;;;;;;;;;;
2009-12-08 05:00:00;4.26;5.37;7.37;4.43;3.01;6.12;11.60;10.90;9.10;10.50;16.80;3.95;3.71;0.040;0.152;1.70;174;0.087;3.084;0.38;4.38;12.30;8.60;10.90;0.48;0.51;279.00;269.80;20.30;27.30;;;;;;;;;;;;;;;;;;;;;;;;;;;;;;;;;;;;;;;;;;
2009-12-08 05:30:00;4.32;5.69;7.31;4.47;3.05;6.65;11.50;11.80;9.30;12.60;16.00;4.09;3.57;0.048;0.452;1.00;169;0.131;3.384;0.43;4.39;12.80;8.70;11.10;0.49;0.49;279.10;270.30;18.60;26.60;;;;;;;;;;;;;;;;;;;;;;;;;;;;;;;;;;;;;;;;;;
2009-12-08 06:00:00;3.57;4.56;7.27;4.04;2.51;4.93;10.60;10.50;7.90;12.10;16.00;4.33;3.31;0.049;0.276;1.00;200;0.077;4.120;0.32;3.94;12.70;8.10;10.60;0.51;0.43;277.40;267.70;22.70;30.50;;;;;;;;;;;;;;;;;;;;;;;;;;;;;;;;;;;;;;;;;;
2009-12-08 06:30:00;3.97;4.92;5.74;4.32;2.84;5.43;10.60;10.80;8.40;12.90;15.60;3.27;3.59;0.048;0.154;1.90;190;-0.058;2.711;0.33;4.35;12.20;8.50;10.60;0.48;0.48;274.90;268.80;20.20;27.10;;;;;;;;;;;;;;;;;;;;;;;;;;;;;;;;;;;;;;;;;;
2009-12-08 07:00:00;3.84;5.04;7.04;4.05;2.67;5.79;10.80;10.90;8.10;11.20;16.00;3.44;3.70;0.048;0.174;1.00;197;0.033;3.300;0.40;4.07;12.20;8.20;10.40;0.48;0.51;279.00;268.80;23.90;27.70;;;;;;;;;;;;;;;;;;;;;;;;;;;;;;;;;;;;;;;;;;
2009-12-08 07:30:00;3.77;4.87;6.53;4.03;2.68;5.70;10.70;11.20;8.20;12.70;15.50;3.77;3.91;0.045;0.175;1.70;194;0.058;3.227;0.44;3.96;12.20;8.20;10.30;0.48;0.50;277.70;268.00;23.80;30.50;;;;;;;;;;;;;;;;;;;;;;;;;;;;;;;;;;;;;;;;;;
2009-12-08 08:00:00;3.81;4.79;5.87;4.03;2.69;4.99;11.40;11.30;8.80;10.80;16.60;3.12;3.19;0.043;0.113;1.50;178;-0.035;2.966;0.51;4.01;12.20;8.40;10.70;0.50;0.57;275.60;268.30;20.80;28.60;;;;;;;;;;;;;;;;;;;;;;;;;;;;;;;;;;;;;;;;;;
2009-12-08 08:30:00;4.41;5.54;7.87;4.65;3.07;5.94;11.00;11.60;8.80;10.80;13.90;4.11;3.76;0.047;0.197;1.70;179;0.119;3.003;0.41;4.68;12.20;8.90;10.90;0.46;0.55;276.00;269.60;20.70;24.60;;;;;;;;;;;;;;;;;;;;;;;;;;;;;;;;;;;;;;;;;;
2009-12-08 09:00:00;3.66;4.47;5.64;3.98;2.64;4.72;10.70;11.40;8.40;10.90;14.70;2.99;2.75;0.046;0.273;1.10;187;0.057;2.623;0.44;3.95;11.80;8.10;10.20;0.48;0.51;277.30;268.30;22.00;29.70;;;;;;;;;;;;;;;;;;;;;;;;;;;;;;;;;;;;;;;;;;
2009-12-08 09:30:00;3.89;4.83;6.28;4.08;2.71;5.24;10.90;11.80;8.20;12.00;15.20;3.36;3.24;0.046;0.150;1.60;191;0.002;3.056;0.51;4.16;11.80;8.30;10.70;0.49;0.53;275.30;269.10;21.90;29.70;;;;;;;;;;;;;;;;;;;;;;;;;;;;;;;;;;;;;;;;;;
2009-12-08 10:00:00;3.50;4.58;6.21;3.81;2.45;5.53;10.40;10.80;7.80;10.90;14.80;3.48;3.60;0.056;0.190;2.50;203;0.089;3.205;0.34;3.88;12.20;8.20;10.50;0.49;0.52;282.90;272.90;21.90;29.00;;;;;;;;;;;;;;;;;;;;;;;;;;;;;;;;;;;;;;;;;;
2009-12-08 10:30:00;3.58;4.49;5.42;3.83;2.57;4.75;10.80;11.20;8.30;11.50;14.70;3.23;2.99;0.046;0.159;1.20;190;0.080;2.926;0.44;3.87;12.10;8.10;10.30;0.48;0.49;278.80;271.50;22.30;29.80;;;;;;;;;;;;;;;;;;;;;;;;;;;;;;;;;;;;;;;;;;
2009-12-08 11:00:00;3.62;4.48;6.35;3.85;2.61;4.91;11.10;11.10;8.50;11.10;15.80;3.25;3.10;0.049;0.352;0.90;185;0.002;2.815;0.34;3.76;12.20;8.20;10.50;0.49;0.53;273.20;267.30;19.80;28.90;;;;;;;;;;;;;;;;;;;;;;;;;;;;;;;;;;;;;;;;;;
2009-12-08 11:30:00;3.37;4.10;5.42;3.64;2.35;4.39;10.70;10.80;7.80;11.70;14.90;3.09;2.89;0.048;0.205;1.10;200;-0.016;2.824;0.38;3.56;11.80;7.90;10.10;0.48;0.52;279.50;269.30;20.60;28.90;;;;;;;;;;;;;;;;;;;;;;;;;;;;;;;;;;;;;;;;;;
2009-12-08 12:00:00;3.22;4.18;4.86;3.44;2.28;4.70;11.00;11.30;8.10;10.20;14.80;2.92;2.74;0.048;0.231;1.20;194;0.048;3.019;0.35;3.38;12.20;7.70;10.20;0.52;0.48;280.90;269.40;23.20;32.40;;;;;;;;;;;;;;;;;;;;;;;;;;;;;;;;;;;;;;;;;;
2009-12-08 12:30:00;3.33;4.19;5.08;3.51;2.31;4.66;10.40;10.60;7.90;11.40;15.10;3.23;2.68;0.044;0.199;1.70;202;0.089;3.220;0.30;3.46;12.10;7.70;10.00;0.49;0.47;280.00;267.10;26.10;31.50;;;;;;;;;;;;;;;;;;;;;;;;;;;;;;;;;;;;;;;;;;
2009-12-08 13:00:00;3.07;3.70;4.82;3.47;2.14;3.79;10.30;10.20;7.50;11.30;14.30;2.61;2.21;0.054;0.262;1.10;192;0.066;2.550;0.32;3.22;12.10;7.60;9.90;0.50;0.48;282.50;270.40;24.10;31.90;;;;;;;;;;;;;;;;;;;;;;;;;;;;;;;;;;;;;;;;;;
2009-12-08 13:30:00;2.90;3.56;4.16;3.33;2.06;4.00;9.70;10.10;7.30;9.70;15.30;2.62;2.57;0.054;0.224;1.10;199;-0.011;2.653;0.18;3.13;11.40;7.40;9.80;0.51;0.45;280.10;267.60;27.70;33.80;;;;;;;;;;;;;;;;;;;;;;;;;;;;;;;;;;;;;;;;;;
2009-12-08 14:00:00;3.09;3.70;4.34;3.30;2.22;3.95;10.30;10.70;7.80;10.90;14.90;2.66;2.63;0.048;0.327;1.10;202;0.011;2.777;0.23;3.30;12.20;7.50;9.80;0.50;0.43;286.20;271.80;24.90;31.50;;;;;;;;;;;;;;;;;;;;;;;;;;;;;;;;;;;;;;;;;;
2009-12-08 14:30:00;3.15;3.83;4.73;3.36;2.24;4.37;10.70;11.10;7.90;12.20;16.20;3.16;2.40;0.048;0.144;1.30;202;0.034;2.794;0.25;3.30;12.70;7.40;10.20;0.54;0.50;290.70;273.30;22.30;30.50;;;;;;;;;;;;;;;;;;;;;;;;;;;;;;;;;;;;;;;;;;
2009-12-08 15:00:00;2.98;3.76;4.42;3.23;2.15;4.23;10.00;10.50;7.50;7.90;15.40;2.49;2.53;0.052;0.185;1.50;212;0.024;2.867;0.29;3.17;12.70;7.20;9.60;0.50;0.36;286.60;268.20;30.00;32.90;;;;;;;;;;;;;;;;;;;;;;;;;;;;;;;;;;;;;;;;;;
2009-12-08 15:30:00;2.99;3.96;6.72;3.33;2.14;4.82;9.80;10.40;7.00;9.20;13.80;4.40;3.12;0.056;0.159;1.40;224;0.068;3.744;0.24;3.28;12.10;7.30;9.60;0.49;0.39;285.40;266.80;25.30;31.10;;;;;;;;;;;;;;;;;;;;;;;;;;;;;;;;;;;;;;;;;;
2009-12-08 16:00:00;3.15;3.93;6.03;3.38;2.22;4.46;10.30;10.40;7.70;10.40;15.10;3.62;2.58;0.050;0.113;2.00;205;0.185;3.085;0.30;3.31;12.20;7.30;9.80;0.52;0.42;284.60;267.70;24.70;31.30;;;;;;;;;;;;;;;;;;;;;;;;;;;;;;;;;;;;;;;;;;
2009-12-08 16:30:00;2.92;3.65;5.51;3.20;2.10;4.16;9.60;10.30;7.10;13.10;15.90;2.89;2.62;0.061;0.291;1.40;224;0.142;2.953;0.19;3.19;12.70;6.80;9.40;0.52;0.28;284.00;262.50;27.60;32.90;;;;;;;;;;;;;;;;;;;;;;;;;;;;;;;;;;;;;;;;;;
2009-12-08 17:00:00;2.92;3.69;4.56;3.19;2.07;4.10;9.00;10.10;6.80;10.00;13.60;2.75;2.28;0.062;0.549;1.10;233;0.177;3.074;0.22;3.19;12.20;6.80;9.10;0.50;0.30;280.60;261.30;29.30;32.90;;;;;;;;;;;;;;;;;;;;;;;;;;;;;;;;;;;;;;;;;;
2009-12-08 17:30:00;3.09;4.13;5.96;3.36;2.17;5.05;9.60;10.20;7.00;11.00;15.00;3.27;3.18;0.055;0.166;1.80;226;0.159;3.561;0.21;3.41;12.20;7.10;9.60;0.52;0.38;280.90;263.60;24.80;30.80;;;;;;;;;;;;;;;;;;;;;;;;;;;;;;;;;;;;;;;;;;
2009-12-08 18:00:00;3.25;4.10;5.24;3.51;2.29;4.83;9.90;10.40;7.30;12.10;14.50;3.39;2.52;0.058;0.266;1.30;216;0.186;3.007;0.14;3.48;12.20;7.10;9.50;0.51;0.38;282.50;264.90;23.50;30.60;;;;;;;;;;;;;;;;;;;;;;;;;;;;;;;;;;;;;;;;;;
2009-12-08 18:30:00;3.35;4.14;5.62;3.58;2.40;4.62;9.20;9.30;7.40;10.20;16.50;3.24;2.51;0.058;0.293;1.00;215;0.101;2.997;0.16;3.63;12.20;7.20;9.40;0.48;0.32;278.80;262.40;25.40;30.50;;;;;;;;;;;;;;;;;;;;;;;;;;;;;;;;;;;;;;;;;;
2009-12-08 19:00:00;3.39;4.31;5.52;3.63;2.38;4.67;9.90;10.50;7.20;10.30;15.00;3.37;3.10;0.058;0.178;1.10;219;0.151;3.152;0.10;3.55;12.20;7.20;9.40;0.49;0.36;281.60;261.00;25.00;30.00;;;;;;;;;;;;;;;;;;;;;;;;;;;;;;;;;;;;;;;;;;
2009-12-08 19:30:00;3.19;3.92;6.12;3.45;2.26;4.26;9.60;9.80;7.10;9.90;15.00;2.97;3.15;0.060;0.606;0.90;223;0.035;2.927;0.27;3.39;12.10;7.00;9.10;0.48;0.31;281.40;262.50;23.90;30.00;;;;;;;;;;;;;;;;;;;;;;;;;;;;;;;;;;;;;;;;;;
2009-12-08 20:00:00;3.32;4.04;5.39;3.63;2.42;4.57;9.00;9.50;7.40;11.70;14.60;3.22;2.47;0.063;0.604;0.80;211;0.089;2.780;0.13;3.56;11.70;7.20;9.10;0.46;0.33;276.90;261.40;25.70;30.50;;;;;;;;;;;;;;;;;;;;;;;;;;;;;;;;;;;;;;;;;;
2009-12-08 20:30:00;3.26;3.92;4.90;3.53;2.39;4.29;10.10;10.50;7.80;11.80;14.30;2.66;2.71;0.049;0.239;1.10;204;0.057;2.714;0.22;3.48;12.10;7.20;9.40;0.49;0.38;278.00;261.50;26.10;31.40;;;;;;;;;;;;;;;;;;;;;;;;;;;;;;;;;;;;;;;;;;
2009-12-08 21:00:00;3.15;4.15;5.96;3.48;2.28;4.82;8.70;9.00;6.90;7.90;13.50;3.66;2.86;0.060;0.178;2.30;228;0.077;3.270;0.16;3.43;11.20;6.90;8.70;0.45;0.34;280.90;257.00;31.60;34.00;;;;;;;;;;;;;;;;;;;;;;;;;;;;;;;;;;;;;;;;;;
2009-12-08 21:30:00;3.41;4.33;5.81;3.57;2.38;4.72;9.60;9.60;7.50;10.00;14.20;3.10;3.08;0.049;0.200;1.20;212;0.032;3.267;0.29;3.59;11.40;7.30;9.30;0.47;0.38;284.40;261.80;24.10;33.40;;;;;;;;;;;;;;;;;;;;;;;;;;;;;;;;;;;;;;;;;;
2009-12-08 22:00:00;3.59;4.26;5.23;3.82;2.56;4.62;9.60;9.70;7.50;9.80;13.60;2.79;2.99;0.050;0.116;1.00;212;-0.037;2.721;0.29;3.77;11.10;7.40;9.20;0.45;0.40;279.80;263.70;24.70;33.10;;;;;;;;;;;;;;;;;;;;;;;;;;;;;;;;;;;;;;;;;;
2009-12-08 22:30:00;3.48;4.39;5.06;3.60;2.42;4.76;9.20;9.50;7.40;12.10;13.60;3.06;2.67;0.051;0.168;1.40;216;0.116;3.174;0.34;3.71;11.00;7.30;9.10;0.44;0.41;280.20;262.70;25.70;31.90;;;;;;;;;;;;;;;;;;;;;;;;;;;;;;;;;;;;;;;;;;
2009-12-08 23:00:00;3.41;4.21;5.94;3.66;2.41;4.41;9.40;9.70;7.30;10.30;14.00;2.99;2.95;0.046;0.088;3.40;218;0.110;2.896;0.32;3.70;11.00;7.30;9.20;0.45;0.40;276.40;259.40;27.40;33.00;;;;;;;;;;;;;;;;;;;;;;;;;;;;;;;;;;;;;;;;;;
2009-12-08 23:30:00;3.39;4.05;5.30;3.62;2.44;4.72;9.50;10.60;7.70;11.40;14.30;3.27;2.66;0.055;0.398;1.20;207;0.106;2.843;0.29;3.57;11.40;7.30;9.10;0.45;0.40;284.40;264.60;25.50;33.50;;;;;;;;;;;;;;;;;;;;;;;;;;;;;;;;;;;;;;;;;;
2009-12-09 00:00:00;3.62;4.49;6.23;3.85;2.55;4.76;9.80;10.20;7.80;9.90;14.70;3.28;3.91;0.051;0.309;1.00;201;0.038;3.043;0.47;3.78;11.30;7.50;9.40;0.46;0.44;283.80;270.10;21.80;30.80;;;;;;;;;;;;;;;;;;;;;;;;;;;;;;;;;;;;;;;;;;
2009-12-09 00:30:00;3.54;4.40;5.56;3.84;2.54;4.96;9.40;9.70;7.70;9.10;15.00;3.70;2.93;0.045;0.089;2.50;206;0.112;2.943;0.31;3.86;11.80;7.60;9.40;0.44;0.43;281.60;264.30;22.20;30.20;;;;;;;;;;;;;;;;;;;;;;;;;;;;;;;;;;;;;;;;;;
2009-12-09 01:00:00;3.45;4.24;5.84;3.62;2.40;4.65;10.00;10.10;7.60;10.10;14.50;2.97;2.92;0.049;0.212;1.40;209;0.014;3.014;0.44;3.68;11.80;7.70;9.70;0.47;0.49;285.00;269.20;17.60;28.90;;;;;;;;;;;;;;;;;;;;;;;;;;;;;;;;;;;;;;;;;;
2009-12-09 01:30:00;3.36;4.06;5.33;3.57;2.40;4.40;9.70;9.70;7.90;9.70;15.00;2.73;2.74;0.048;0.382;1.10;201;0.001;2.805;0.34;3.48;10.50;7.50;9.40;0.47;0.50;277.40;263.30;25.10;31.80;;;;;;;;;;;;;;;;;;;;;;;;;;;;;;;;;;;;;;;;;;
2009-12-09 02:00:00;3.46;4.57;7.21;3.79;2.44;5.80;9.80;10.30;7.40;10.20;13.60;3.34;4.06;0.051;0.275;1.00;213;0.097;3.502;0.33;3.89;11.40;7.80;9.70;0.45;0.47;282.60;266.40;20.20;28.70;;;;;;;;;;;;;;;;;;;;;;;;;;;;;;;;;;;;;;;;;;
2009-12-09 02:30:00;3.31;4.14;5.09;3.50;2.36;4.71;9.60;10.20;7.80;11.30;14.80;3.13;3.06;0.056;0.395;1.20;204;0.069;3.129;0.40;3.50;10.70;7.50;9.40;0.46;0.46;278.40;263.80;25.00;31.80;;;;;;;;;;;;;;;;;;;;;;;;;;;;;;;;;;;;;;;;;;
2009-12-09 03:00:00;3.59;4.48;5.47;3.78;2.51;4.92;10.30;10.30;7.90;10.30;14.90;2.85;3.14;0.051;0.125;2.00;201;0.035;2.951;0.37;3.77;11.40;7.80;9.90;0.48;0.50;279.30;268.70;19.70;29.00;;;;;;;;;;;;;;;;;;;;;;;;;;;;;;;;;;;;;;;;;;
2009-12-09 03:30:00;3.39;4.15;5.61;3.68;2.41;4.56;10.10;10.50;7.60;10.00;14.50;3.44;2.93;0.049;0.158;0.90;209;0.005;2.834;0.42;3.57;11.40;7.60;9.60;0.47;0.42;283.10;264.70;24.20;31.50;;;;;;;;;;;;;;;;;;;;;;;;;;;;;;;;;;;;;;;;;;
2009-12-09 04:00:00;3.50;4.30;5.82;3.75;2.47;5.04;10.40;10.80;7.80;9.90;16.20;3.05;3.48;0.053;0.283;1.40;205;-0.028;2.951;0.33;3.70;12.10;7.80;10.10;0.48;0.47;283.30;268.80;22.50;29.80;;;;;;;;;;;;;;;;;;;;;;;;;;;;;;;;;;;;;;;;;;
2009-12-09 04:30:00;3.21;3.91;5.00;3.43;2.30;4.05;9.60;9.80;7.70;8.80;14.60;2.98;2.52;0.053;0.341;1.00;207;0.070;2.870;0.21;3.46;10.10;7.50;10.00;0.49;0.37;277.70;262.10;26.50;31.20;;;;;;;;;;;;;;;;;;;;;;;;;;;;;;;;;;;;;;;;;;
2009-12-09 05:00:00;3.25;3.95;5.09;3.57;2.31;4.32;10.30;10.80;7.90;13.40;17.20;2.80;2.60;0.047;0.414;1.00;201;0.040;2.785;0.26;3.44;11.00;7.80;10.50;0.51;0.38;275.30;262.80;24.20;30.70;;;;;;;;;;;;;;;;;;;;;;;;;;;;;;;;;;;;;;;;;;
2009-12-09 05:30:00;3.28;4.20;5.65;3.56;2.31;4.73;10.60;11.30;8.00;11.30;19.20;3.32;2.76;0.043;0.122;1.30;199;0.082;3.279;0.22;3.46;11.40;8.00;11.00;0.52;0.31;277.20;261.50;22.70;29.20;;;;;;;;;;;;;;;;;;;;;;;;;;;;;;;;;;;;;;;;;;
2009-12-09 06:00:00;3.38;4.25;5.98;3.71;2.37;4.51;11.40;12.30;8.40;10.90;18.60;3.13;2.98;0.044;0.361;1.00;188;0.098;2.983;0.15;3.71;11.40;8.40;12.00;0.55;0.23;276.60;262.60;24.60;28.50;;;;;;;;;;;;;;;;;;;;;;;;;;;;;;;;;;;;;;;;;;
2009-12-09 06:30:00;3.73;4.66;5.95;4.11;2.68;5.10;12.60;13.40;9.30;14.30;22.30;3.48;3.57;0.041;0.164;1.30;169;-0.003;2.819;0.05;4.03;11.40;8.90;12.60;0.54;0.19;277.70;267.00;22.90;26.40;;;;;;;;;;;;;;;;;;;;;;;;;;;;;;;;;;;;;;;;;;
2009-12-09 07:00:00;4.32;5.07;6.88;4.70;3.04;5.36;14.50;14.70;10.30;16.70;23.50;3.52;3.71;0.043;0.195;1.30;152;0.035;2.757;0.20;4.65;19.40;10.10;14.60;0.60;0.34;271.30;267.80;15.10;22.60;;;;;;;;;;;;;;;;;;;;;;;;;;;;;;;;;;;;;;;;;;
2009-12-09 07:30:00;4.60;5.84;7.63;4.87;3.18;6.60;14.50;14.10;10.10;14.60;22.00;4.05;3.99;0.046;0.259;1.20;157;0.100;3.131;0.21;4.93;18.80;10.40;14.00;0.54;0.31;269.20;265.00;13.80;20.30;;;;;;;;;;;;;;;;;;;;;;;;;;;;;;;;;;;;;;;;;;
2009-12-09 08:00:00;4.88;5.97;7.32;5.26;3.47;6.66;14.40;16.40;11.00;12.50;23.70;4.07;3.59;0.038;0.145;1.60;141;0.052;2.819;0.22;5.06;18.80;10.50;14.70;0.57;0.35;269.10;266.10;12.90;20.80;;;;;;;;;;;;;;;;;;;;;;;;;;;;;;;;;;;;;;;;;;
2009-12-09 08:30:00;5.26;6.30;8.01;5.63;3.72;6.88;15.70;16.10;12.00;18.00;22.00;4.02;4.96;0.042;0.288;1.00;132;-0.019;2.804;0.23;5.65;18.70;11.30;15.20;0.55;0.38;270.10;267.80;11.80;19.10;;;;;;;;;;;;;;;;;;;;;;;;;;;;;;;;;;;;;;;;;;
2009-12-09 09:00:00;5.11;6.50;8.46;5.57;3.62;6.69;15.40;16.20;11.50;18.60;21.10;5.31;4.36;0.036;0.129;2.00;136;0.218;2.954;0.11;5.56;18.10;11.20;15.30;0.56;0.41;269.00;267.70;15.20;21.20;;;;;;;;;;;;;;;;;;;;;;;;;;;;;;;;;;;;;;;;;;
2009-12-09 09:30:00;5.49;6.57;9.07;5.73;3.99;6.87;15.10;14.90;12.20;16.50;22.90;4.69;4.38;0.034;0.090;1.60;130;0.076;2.788;0.10;5.75;17.50;11.20;14.50;0.50;0.36;270.40;268.70;14.00;19.80;;;;;;;;;;;;;;;;;;;;;;;;;;;;;;;;;;;;;;;;;;
2009-12-09 10:00:00;5.44;6.66;7.34;5.99;3.97;7.19;14.70;15.10;11.90;14.90;20.90;3.67;3.85;0.031;0.079;2.30;130;0.061;2.834;0.14;5.77;17.60;11.20;14.70;0.52;0.35;269.70;270.40;16.20;20.90;;;;;;;;;;;;;;;;;;;;;;;;;;;;;;;;;;;;;;;;;;
2009-12-09 10:30:00;5.59;6.78;8.21;6.01;3.96;7.44;15.70;16.50;12.20;18.30;22.70;4.47;4.58;0.031;0.082;3.00;128;0.106;2.807;0.21;6.05;17.50;11.80;15.30;0.52;0.44;268.40;268.30;14.30;20.00;;;;;;;;;;;;;;;;;;;;;;;;;;;;;;;;;;;;;;;;;;
2009-12-09 11:00:00;5.47;7.51;10.79;5.93;3.81;8.74;14.30;16.00;11.00;14.40;22.00;6.29;4.74;0.035;0.082;1.90;142;0.140;3.824;0.32;5.82;17.50;11.60;14.90;0.50;0.38;267.70;269.50;13.90;19.90;;;;;;;;;;;;;;;;;;;;;;;;;;;;;;;;;;;;;;;;;;
2009-12-09 11:30:00;4.86;6.11;6.81;5.25;3.46;6.76;14.70;14.70;11.60;17.20;23.20;4.47;4.23;0.032;0.127;1.00;137;0.112;2.930;0.27;5.32;18.00;11.10;14.60;0.51;0.32;268.80;269.30;12.70;21.00;;;;;;;;;;;;;;;;;;;;;;;;;;;;;;;;;;;;;;;;;;
2009-12-09 12:00:00;4.96;6.36;8.01;5.34;3.40;7.96;14.40;15.40;10.40;15.60;22.80;4.25;5.05;0.035;0.079;3.70;151;0.008;3.191;0.35;5.36;16.70;11.10;14.60;0.53;0.47;270.20;269.60;14.70;21.70;;;;;;;;;;;;;;;;;;;;;;;;;;;;;;;;;;;;;;;;;;
2009-12-09 12:30:00;5.98;7.50;9.00;6.42;4.29;8.31;15.00;15.30;12.10;13.20;21.30;4.65;4.58;0.034;0.072;3.20;128;0.101;2.677;0.29;6.49;17.50;11.80;15.00;0.49;0.39;269.60;271.10;15.00;18.70;;;;;;;;;;;;;;;;;;;;;;;;;;;;;;;;;;;;;;;;;;
2009-12-09 13:00:00;4.98;6.24;7.31;5.43;3.55;7.14;14.50;14.80;11.20;14.70;22.60;4.08;4.59;0.034;0.089;2.40;142;-0.082;2.895;0.32;5.44;17.60;11.10;14.60;0.51;0.35;270.10;272.00;17.30;23.00;;;;;;;;;;;;;;;;;;;;;;;;;;;;;;;;;;;;;;;;;;
2009-12-09 13:30:00;5.29;6.68;7.93;5.68;3.79;7.58;15.80;17.00;12.50;15.80;23.50;4.56;4.06;0.028;0.065;4.80;125;0.030;2.740;0.30;5.60;18.10;11.80;15.60;0.54;0.44;269.70;270.90;16.30;21.80;;;;;;;;;;;;;;;;;;;;;;;;;;;;;;;;;;;;;;;;;;
2009-12-09 14:00:00;5.13;6.22;9.65;5.47;3.66;6.88;15.10;14.50;11.90;15.00;21.90;5.12;4.53;0.028;0.064;2.70;131;0.126;2.942;0.40;5.47;14.90;11.20;14.40;0.50;0.39;268.10;272.00;17.80;21.30;;;;;;;;;;;;;;;;;;;;;;;;;;;;;;;;;;;;;;;;;;
2009-12-09 14:30:00;5.80;7.14;10.42;6.14;4.22;9.57;16.60;16.90;13.40;16.60;23.80;6.37;4.85;0.028;0.064;3.50;116;0.141;3.055;0.34;6.24;18.10;12.30;15.70;0.50;0.42;268.20;270.30;15.50;20.10;;;;;;;;;;;;;;;;;;;;;;;;;;;;;;;;;;;;;;;;;;
2009-12-09 15:00:00;5.84;7.29;9.52;6.21;4.18;7.86;16.30;16.80;12.70;16.10;23.00;4.05;5.75;0.028;0.073;2.90;125;0.001;2.756;0.22;6.36;18.10;12.70;16.10;0.50;0.49;267.30;269.60;16.30;19.90;;;;;;;;;;;;;;;;;;;;;;;;;;;;;;;;;;;;;;;;;;
2009-12-09 15:30:00;5.31;6.98;10.33;5.65;3.75;8.14;14.30;16.00;11.60;15.70;21.40;6.02;4.31;0.031;0.155;1.20;137;0.169;3.457;0.36;5.60;16.70;11.60;14.60;0.48;0.43;271.40;271.70;17.40;21.70;;;;;;;;;;;;;;;;;;;;;;;;;;;;;;;;;;;;;;;;;;
2009-12-09 16:00:00;5.33;6.67;8.91;5.56;3.77;7.07;15.40;15.90;12.20;15.80;22.90;4.78;4.13;0.027;0.086;2.70;129;0.166;2.949;0.38;5.29;17.50;11.20;14.70;0.52;0.37;266.00;268.50;19.10;23.40;;;;;;;;;;;;;;;;;;;;;;;;;;;;;;;;;;;;;;;;;;
2009-12-09 16:30:00;5.17;6.42;8.63;5.43;3.65;6.74;15.30;15.80;12.00;18.70;23.40;5.91;5.79;0.029;0.069;2.00;132;-0.015;3.406;0.46;5.48;16.80;11.20;14.70;0.52;0.42;267.40;268.60;16.70;22.40;;;;;;;;;;;;;;;;;;;;;;;;;;;;;;;;;;;;;;;;;;
2009-12-09 17:00:00;5.20;6.58;9.32;5.50;3.67;7.62;14.40;14.90;11.30;14.70;20.80;4.81;5.28;0.035;0.188;1.70;139;0.064;3.188;0.28;5.69;16.70;11.50;14.50;0.48;0.41;267.40;269.00;17.60;21.50;;;;;;;;;;;;;;;;;;;;;;;;;;;;;;;;;;;;;;;;;;
2009-12-09 17:30:00;5.22;6.48;9.51;5.48;3.69;7.56;14.90;15.10;11.70;15.40;22.20;4.82;4.69;0.030;0.095;2.10;136;0.024;2.979;0.37;5.50;15.70;11.60;14.70;0.49;0.45;268.40;268.00;17.10;21.60;;;;;;;;;;;;;;;;;;;;;;;;;;;;;;;;;;;;;;;;;;
2009-12-09 18:00:00;5.44;6.40;7.70;5.60;3.80;7.01;14.40;14.30;12.00;14.40;21.80;4.15;4.06;0.031;0.109;3.80;131;0.053;2.728;0.36;5.43;15.70;11.50;14.40;0.48;0.47;272.10;270.80;18.40;22.20;;;;;;;;;;;;;;;;;;;;;;;;;;;;;;;;;;;;;;;;;;
2009-12-09 18:30:00;5.67;7.12;8.23;5.99;4.03;7.89;15.50;15.90;12.50;16.90;22.60;5.19;4.87;0.034;0.199;1.60;127;0.026;2.967;0.45;5.94;16.30;12.00;15.00;0.49;0.48;268.90;269.00;16.60;20.40;;;;;;;;;;;;;;;;;;;;;;;;;;;;;;;;;;;;;;;;;;
2009-12-09 19:00:00;5.13;6.45;9.68;5.33;3.66;6.70;14.70;14.20;11.90;16.50;21.10;4.72;5.48;0.028;0.057;3.40;132;0.043;3.395;0.40;5.26;17.40;11.20;14.40;0.50;0.39;269.00;268.50;17.40;22.30;;;;;;;;;;;;;;;;;;;;;;;;;;;;;;;;;;;;;;;;;;
2009-12-09 19:30:00;5.33;6.75;8.65;5.55;3.72;7.10;14.70;13.80;11.40;13.20;19.80;4.42;5.00;0.041;0.493;1.00;138;-0.013;3.023;0.39;5.52;15.60;11.20;14.10;0.49;0.45;268.70;267.80;16.60;21.00;;;;;;;;;;;;;;;;;;;;;;;;;;;;;;;;;;;;;;;;;;
2009-12-09 20:00:00;5.46;6.58;7.59;5.72;3.87;7.26;14.70;15.10;12.10;15.80;21.40;4.99;3.98;0.034;0.262;1.10;131;0.129;2.816;0.31;5.74;16.30;11.60;14.50;0.47;0.45;266.30;267.10;15.50;20.20;;;;;;;;;;;;;;;;;;;;;;;;;;;;;;;;;;;;;;;;;;
2009-12-09 20:30:00;5.19;6.53;8.17;5.54;3.70;7.64;14.40;14.10;11.50;15.00;22.00;5.36;4.24;0.030;0.053;3.00;137;0.121;3.010;0.24;5.54;16.10;11.30;14.10;0.46;0.36;265.30;267.50;16.30;21.50;;;;;;;;;;;;;;;;;;;;;;;;;;;;;;;;;;;;;;;;;;
2009-12-09 21:00:00;5.09;6.41;8.27;5.37;3.58;7.18;14.80;15.00;11.50;14.90;21.10;4.06;4.47;0.032;0.119;1.80;138;0.009;3.008;0.37;5.34;16.70;11.20;14.40;0.50;0.42;266.30;267.80;16.40;21.90;;;;;;;;;;;;;;;;;;;;;;;;;;;;;;;;;;;;;;;;;;
2009-12-09 21:30:00;5.39;6.88;9.31;5.81;3.84;8.21;14.70;14.90;11.70;15.60;20.40;5.02;5.00;0.032;0.079;1.80;132;0.062;2.918;0.36;5.66;16.90;11.70;14.70;0.49;0.42;266.10;266.50;14.40;20.40;;;;;;;;;;;;;;;;;;;;;;;;;;;;;;;;;;;;;;;;;;
2009-12-09 22:00:00;5.10;6.30;8.58;5.46;3.50;6.94;14.90;14.70;11.00;14.10;21.40;5.96;4.17;0.037;0.125;1.30;144;0.229;3.257;0.38;5.29;15.70;10.90;13.90;0.49;0.44;263.00;265.40;15.50;21.20;;;;;;;;;;;;;;;;;;;;;;;;;;;;;;;;;;;;;;;;;;
2009-12-09 22:30:00;5.36;6.76;8.62;5.75;3.73;8.01;14.80;15.70;11.30;16.20;21.10;5.03;4.39;0.032;0.120;2.00;140;0.049;2.964;0.40;5.81;16.90;12.00;15.10;0.49;0.48;268.30;269.20;13.00;19.00;;;;;;;;;;;;;;;;;;;;;;;;;;;;;;;;;;;;;;;;;;
2009-12-09 23:00:00;5.39;6.90;8.41;5.70;3.83;7.47;14.60;14.60;11.60;14.50;21.00;5.17;4.53;0.028;0.069;3.00;134;0.098;3.002;0.35;5.66;15.00;11.40;14.30;0.48;0.46;266.70;267.80;13.80;18.90;;;;;;;;;;;;;;;;;;;;;;;;;;;;;;;;;;;;;;;;;;
2009-12-09 23:30:00;5.04;6.34;8.04;5.26;3.56;7.41;14.30;15.10;11.50;15.00;24.20;4.31;4.38;0.032;0.154;1.00;138;-0.038;3.110;0.32;5.40;16.20;11.30;14.20;0.48;0.44;268.50;269.40;16.00;21.90;;;;;;;;;;;;;;;;;;;;;;;;;;;;;;;;;;;;;;;;;;
2009-12-10 00:00:00;4.83;5.95;7.42;5.17;3.44;6.56;13.80;14.30;10.80;15.60;21.50;4.88;3.79;0.036;0.123;3.00;145;0.004;2.874;0.25;5.06;16.70;10.70;13.80;0.49;0.37;264.00;268.70;16.30;21.90;;;;;;;;;;;;;;;;;;;;;;;;;;;;;;;;;;;;;;;;;;
2009-12-10 00:30:00;5.37;6.77;10.06;5.78;3.83;7.68;14.30;15.40;11.80;15.90;21.20;5.35;4.71;0.029;0.062;4.30;134;0.076;3.093;0.31;5.56;16.30;11.30;14.40;0.50;0.42;268.40;270.20;14.80;19.90;;;;;;;;;;;;;;;;;;;;;;;;;;;;;;;;;;;;;;;;;;
2009-12-10 01:00:00;4.93;5.99;8.48;5.19;3.57;6.48;14.60;14.80;11.80;14.30;22.00;4.26;4.22;0.029;0.218;1.70;134;0.129;2.913;0.40;5.21;16.30;11.20;14.00;0.47;0.40;266.70;270.70;17.50;22.50;;;;;;;;;;;;;;;;;;;;;;;;;;;;;;;;;;;;;;;;;;
2009-12-10 01:30:00;4.95;6.13;7.84;5.22;3.53;7.08;15.30;15.50;12.00;15.30;21.90;4.35;4.17;0.037;0.510;0.90;132;-0.009;2.867;0.36;5.28;17.40;11.50;14.80;0.51;0.45;267.10;267.80;17.70;21.60;;;;;;;;;;;;;;;;;;;;;;;;;;;;;;;;;;;;;;;;;;
2009-12-10 02:00:00;4.51;5.56;6.59;4.89;3.26;6.37;14.30;14.50;11.50;14.00;21.40;3.56;3.55;0.031;0.085;1.90;135;-0.004;2.625;0.33;4.77;16.30;11.10;14.30;0.51;0.43;267.30;268.20;18.80;24.00;;;;;;;;;;;;;;;;;;;;;;;;;;;;;;;;;;;;;;;;;;
2009-12-10 02:30:00;4.89;5.98;7.04;5.03;3.48;6.76;14.00;13.80;11.60;14.20;20.70;3.84;3.86;0.027;0.141;1.30;137;0.025;2.840;0.35;5.00;14.90;11.20;13.80;0.46;0.47;269.70;269.20;17.60;21.90;;;;;;;;;;;;;;;;;;;;;;;;;;;;;;;;;;;;;;;;;;
2009-12-10 03:00:00;4.59;5.80;7.41;4.94;3.21;6.46;15.00;14.90;11.10;14.70;19.60;3.79;3.90;0.029;0.053;3.30;140;0.067;2.808;0.34;4.80;16.30;11.30;14.60;0.50;0.46;265.50;268.60;18.40;22.90;;;;;;;;;;;;;;;;;;;;;;;;;;;;;;;;;;;;;;;;;;
2009-12-10 03:30:00;4.67;5.94;7.04;4.92;3.31;6.13;14.40;14.70;11.30;12.50;19.10;3.83;3.61;0.028;0.076;2.00;140;0.031;2.927;0.47;4.86;15.50;11.10;13.70;0.45;0.46;269.90;270.40;17.80;21.20;;;;;;;;;;;;;;;;;;;;;;;;;;;;;;;;;;;;;;;;;;
2009-12-10 04:00:00;4.13;5.20;6.52;4.35;2.98;5.93;14.20;13.80;11.30;13.30;20.60;3.01;3.59;0.028;0.141;1.70;140;-0.139;2.844;0.31;4.41;15.60;10.80;13.60;0.47;0.44;269.40;272.70;19.90;23.90;;;;;;;;;;;;;;;;;;;;;;;;;;;;;;;;;;;;;;;;;;
2009-12-10 04:30:00;4.79;6.24;7.79;5.08;3.33;7.24;14.30;14.20;11.00;15.10;21.60;4.13;3.92;0.031;0.161;1.80;143;0.023;3.175;0.34;5.19;16.20;11.60;14.20;0.45;0.49;271.10;272.00;15.50;20.40;;;;;;;;;;;;;;;;;;;;;;;;;;;;;;;;;;;;;;;;;;
2009-12-10 05:00:00;4.58;5.81;7.83;4.91;3.30;6.85;14.50;14.40;11.90;14.00;19.90;4.04;4.38;0.027;0.166;2.00;133;0.079;3.067;0.33;4.72;16.30;11.10;13.80;0.45;0.44;268.70;271.70;16.90;23.10;;;;;;;;;;;;;;;;;;;;;;;;;;;;;;;;;;;;;;;;;;
2009-12-10 05:30:00;4.24;5.26;7.24;4.52;3.00;5.62;14.00;14.00;10.80;14.60;20.10;4.01;3.36;0.028;0.072;5.70;145;0.065;2.934;0.37;4.45;15.10;10.80;13.50;0.47;0.49;268.80;271.10;19.00;24.70;;;;;;;;;;;;;;;;;;;;;;;;;;;;;;;;;;;;;;;;;;
2009-12-10 06:00:00;4.94;6.66;8.56;5.30;3.52;7.46;14.30;13.90;11.60;12.20;20.80;4.44;4.12;0.028;0.110;1.80;134;0.071;3.159;0.42;5.16;15.00;11.70;14.10;0.43;0.46;271.60;273.20;16.10;20.50;;;;;;;;;;;;;;;;;;;;;;;;;;;;;;;;;;;;;;;;;;
2009-12-10 06:30:00;4.30;5.44;6.66;4.58;3.04;6.32;13.50;13.60;10.90;14.40;19.80;3.48;3.72;0.028;0.067;3.30;146;0.047;3.018;0.36;4.34;14.90;10.80;13.40;0.46;0.45;274.50;271.00;21.00;25.30;;;;;;;;;;;;;;;;;;;;;;;;;;;;;;;;;;;;;;;;;;
2009-12-10 07:00:00;4.58;5.84;6.79;4.84;3.19;6.69;14.00;14.10;11.10;14.10;20.80;3.91;3.96;0.029;0.109;1.80;141;0.007;3.056;0.40;4.76;15.50;11.10;13.70;0.46;0.47;271.30;271.80;19.30;23.00;;;;;;;;;;;;;;;;;;;;;;;;;;;;;;;;;;;;;;;;;;
2009-12-10 07:30:00;4.23;5.31;6.77;4.44;2.92;6.17;13.60;13.10;10.50;14.50;18.80;3.55;3.33;0.028;0.069;1.30;149;0.030;3.140;0.39;4.40;14.60;10.70;13.40;0.47;0.46;274.40;272.20;19.00;23.30;;;;;;;;;;;;;;;;;;;;;;;;;;;;;;;;;;;;;;;;;;
2009-12-10 08:00:00;4.03;5.10;6.63;4.26;2.88;5.81;13.70;13.10;10.80;12.60;18.90;3.51;3.26;0.027;0.115;1.10;148;0.135;2.989;0.30;4.24;14.50;10.50;13.10;0.45;0.44;270.50;270.90;18.70;22.90;;;;;;;;;;;;;;;;;;;;;;;;;;;;;;;;;;;;;;;;;;
2009-12-10 08:30:00;4.01;5.00;6.41;4.46;2.89;5.86;13.80;14.20;10.80;13.70;19.00;3.66;3.25;0.033;0.279;0.90;144;0.068;2.812;0.31;4.45;14.60;10.90;13.50;0.46;0.48;270.30;270.90;19.40;24.20;;;;;;;;;;;;;;;;;;;;;;;;;;;;;;;;;;;;;;;;;;
2009-12-10 09:00:00;3.93;4.97;6.79;4.26;2.81;5.84;13.40;13.60;10.50;14.70;19.10;4.17;3.49;0.028;0.105;1.60;149;0.004;2.981;0.46;4.13;14.50;10.30;12.70;0.45;0.48;272.60;272.10;20.10;24.20;;;;;;;;;;;;;;;;;;;;;;;;;;;;;;;;;;;;;;;;;;
2009-12-10 09:30:00;4.44;5.31;6.20;4.70;3.25;5.76;14.40;13.70;11.90;12.80;19.90;3.74;3.40;0.024;0.062;1.80;133;0.009;2.664;0.39;4.75;15.20;11.00;13.50;0.45;0.47;269.40;270.50;18.10;23.40;;;;;;;;;;;;;;;;;;;;;;;;;;;;;;;;;;;;;;;;;;
2009-12-10 10:00:00;4.40;5.55;7.11;4.54;3.08;6.25;13.10;12.80;10.90;13.60;19.30;3.70;3.44;0.029;0.182;1.40;144;0.067;3.104;0.23;4.43;15.10;10.60;12.90;0.43;0.40;273.60;271.80;20.50;24.10;;;;;;;;;;;;;;;;;;;;;;;;;;;;;;;;;;;;;;;;;;
2009-12-10 10:30:00;4.38;5.62;6.76;4.67;3.13;6.29;13.60;14.10;11.00;15.90;18.20;4.06;3.97;0.027;0.085;2.70;145;-0.006;3.021;0.40;4.55;15.10;10.50;13.20;0.48;0.43;276.00;274.70;20.90;24.60;;;;;;;;;;;;;;;;;;;;;;;;;;;;;;;;;;;;;;;;;;
2009-12-10 11:00:00;4.08;4.92;6.12;4.29;2.91;5.85;13.40;13.50;10.70;11.80;18.80;3.30;3.26;0.037;0.359;1.10;149;0.136;2.764;0.43;4.29;15.20;10.60;13.20;0.47;0.46;272.90;273.80;18.80;23.70;;;;;;;;;;;;;;;;;;;;;;;;;;;;;;;;;;;;;;;;;;
2009-12-10 11:30:00;3.95;4.92;6.92;4.17;2.82;5.47;13.40;14.00;10.70;13.90;20.20;2.79;4.13;0.036;0.322;1.00;149;-0.097;2.975;0.46;4.20;15.10;10.40;13.00;0.49;0.45;275.20;273.90;23.10;25.80;;;;;;;;;;;;;;;;;;;;;;;;;;;;;;;;;;;;;;;;;;
2009-12-10 12:00:00;3.88;5.00;7.21;4.10;2.79;6.10;13.20;13.90;10.80;14.40;18.50;3.87;4.20;0.026;0.070;1.20;146;-0.008;3.370;0.52;3.96;15.50;10.30;13.00;0.50;0.43;270.50;274.00;23.30;26.20;;;;;;;;;;;;;;;;;;;;;;;;;;;;;;;;;;;;;;;;;;
2009-12-10 12:30:00;3.64;4.40;5.87;3.94;2.58;5.41;12.50;13.40;9.70;13.70;17.30;3.18;2.77;0.031;0.113;1.30;163;0.058;2.770;0.36;3.84;14.10;9.70;12.30;0.49;0.42;275.20;276.50;23.40;27.10;;;;;;;;;;;;;;;;;;;;;;;;;;;;;;;;;;;;;;;;;;
2009-12-10 13:00:00;3.84;4.84;6.09;4.11;2.69;5.44;13.30;14.10;10.30;15.50;18.50;3.74;3.17;0.025;0.043;1.90;152;0.094;2.920;0.48;3.91;14.70;10.00;12.90;0.53;0.48;274.80;275.20;21.80;26.70;;;;;;;;;;;;;;;;;;;;;;;;;;;;;;;;;;;;;;;;;;
2009-12-10 13:30:00;3.87;5.02;7.32;4.05;2.66;5.64;13.10;13.00;10.30;13.60;19.40;3.72;3.60;0.027;0.110;2.00;155;0.107;3.391;0.33;3.98;15.10;10.10;12.90;0.51;0.44;274.00;276.10;22.10;25.50;;;;;;;;;;;;;;;;;;;;;;;;;;;;;;;;;;;;;;;;;;
2009-12-10 14:00:00;3.64;4.46;4.77;3.85;2.54;4.74;13.00;13.30;10.00;16.00;18.90;2.97;2.80;0.031;0.137;1.10;159;0.101;2.798;0.39;3.79;15.00;9.60;12.40;0.52;0.40;272.80;274.80;23.70;26.00;;;;;;;;;;;;;;;;;;;;;;;;;;;;;;;;;;;;;;;;;;
2009-12-10 14:30:00;3.65;4.36;5.28;3.86;2.54;4.79;13.30;13.20;10.00;12.00;17.60;2.67;2.97;0.035;0.128;1.20;159;0.007;2.703;0.33;3.86;15.10;10.10;13.10;0.54;0.49;273.80;275.50;19.90;24.60;;;;;;;;;;;;;;;;;;;;;;;;;;;;;;;;;;;;;;;;;;
2009-12-10 15:00:00;3.39;4.38;5.47;3.66;2.34;5.02;13.10;14.60;9.50;12.10;18.50;2.98;3.20;0.035;0.163;1.30;167;-0.006;3.083;0.46;3.82;15.10;10.10;13.30;0.56;0.51;276.30;277.20;20.80;25.60;;;;;;;;;;;;;;;;;;;;;;;;;;;;;;;;;;;;;;;;;;
2009-12-10 15:30:00;3.36;4.33;6.02;3.54;2.38;4.91;13.10;13.50;10.20;10.80;18.50;2.91;3.11;0.040;0.351;0.80;154;0.028;3.139;0.34;3.61;14.60;9.80;12.80;0.54;0.47;277.90;276.40;24.50;27.20;;;;;;;;;;;;;;;;;;;;;;;;;;;;;;;;;;;;;;;;;;
2009-12-10 16:00:00;3.52;4.49;6.11;3.76;2.39;5.12;13.50;13.30;9.60;12.50;17.40;3.30;2.81;0.043;0.334;1.00;166;0.049;3.052;0.52;3.70;14.10;9.80;13.00;0.58;0.56;277.90;276.40;23.20;27.70;;;;;;;;;;;;;;;;;;;;;;;;;;;;;;;;;;;;;;;;;;
2009-12-10 16:30:00;3.29;4.17;5.50;3.43;2.36;4.87;13.00;12.40;10.30;12.10;18.50;2.83;2.77;0.036;0.118;1.40;154;0.007;3.068;0.34;3.41;15.00;9.30;12.60;0.59;0.50;275.90;274.20;25.30;28.30;;;;;;;;;;;;;;;;;;;;;;;;;;;;;;;;;;;;;;;;;;
2009-12-10 17:00:00;3.31;4.00;5.35;3.52;2.28;4.32;13.10;13.60;9.50;13.60;18.90;2.54;3.16;0.042;0.402;1.00;168;-0.091;2.748;0.35;3.53;14.60;9.50;12.80;0.59;0.54;274.00;272.30;23.80;27.40;;;;;;;;;;;;;;;;;;;;;;;;;;;;;;;;;;;;;;;;;;
2009-12-10 17:30:00;3.46;4.52;5.54;3.67;2.36;5.32;13.40;13.70;9.30;12.20;18.40;3.17;2.95;0.048;0.373;0.90;171;0.004;3.227;0.45;3.60;14.60;9.40;12.80;0.60;0.54;274.90;271.70;23.90;26.90;;;;;;;;;;;;;;;;;;;;;;;;;;;;;;;;;;;;;;;;;;
2009-12-10 18:00:00;3.23;4.11;5.27;3.46;2.28;5.19;13.20;13.70;9.60;13.60;17.80;2.86;2.70;0.043;0.199;1.70;165;-0.020;2.938;0.45;3.48;15.00;9.20;13.00;0.64;0.59;273.60;271.60;24.40;27.60;;;;;;;;;;;;;;;;;;;;;;;;;;;;;;;;;;;;;;;;;;
2009-12-10 18:30:00;3.29;4.06;5.38;3.51;2.28;4.64;13.60;14.00;9.70;13.90;17.00;2.58;2.95;0.044;0.155;1.00;161;0.056;2.781;0.48;3.56;14.60;9.60;13.10;0.61;0.61;272.80;271.70;22.90;26.00;;;;;;;;;;;;;;;;;;;;;;;;;;;;;;;;;;;;;;;;;;
2009-12-10 19:00:00;3.15;3.94;4.86;3.38;2.22;4.34;13.10;13.10;9.40;12.40;17.70;2.45;2.84;0.043;0.364;0.90;169;0.010;2.719;0.41;3.33;14.60;9.10;12.80;0.62;0.56;275.10;272.30;21.20;26.40;;;;;;;;;;;;;;;;;;;;;;;;;;;;;;;;;;;;;;;;;;
2009-12-10 19:30:00;3.63;4.55;5.81;3.79;2.57;5.56;13.70;13.70;10.40;12.90;19.10;3.41;3.38;0.038;0.219;1.10;153;0.050;2.871;0.54;3.73;14.60;9.60;13.30;0.62;0.61;271.50;269.40;21.20;25.40;;;;;;;;;;;;;;;;;;;;;;;;;;;;;;;;;;;;;;;;;;
2009-12-10 20:00:00;2.90;3.64;4.70;3.02;2.03;4.24;12.50;12.70;9.10;12.30;16.50;2.60;2.39;0.037;0.120;1.50;174;0.073;2.825;0.34;3.03;14.10;8.20;11.90;0.64;0.51;274.30;268.90;25.90;29.50;;;;;;;;;;;;;;;;;;;;;;;;;;;;;;;;;;;;;;;;;;
2009-12-10 20:30:00;3.09;3.76;5.15;3.27;2.13;3.89;12.70;13.20;8.90;11.90;15.70;2.35;3.05;0.047;0.388;1.10;177;0.047;2.722;0.47;3.23;13.50;8.40;12.00;0.63;0.58;277.30;268.70;22.90;28.20;;;;;;;;;;;;;;;;;;;;;;;;;;;;;;;;;;;;;;;;;;
2009-12-10 21:00:00;2.85;3.33;4.33;3.08;1.99;3.66;12.70;13.40;8.50;12.70;16.60;2.24;2.32;0.057;0.314;1.20;186;0.028;2.670;0.27;3.03;14.60;8.00;12.00;0.66;0.55;269.30;265.30;24.70;29.70;;;;;;;;;;;;;;;;;;;;;;;;;;;;;;;;;;;;;;;;;;
2009-12-10 21:30:00;3.52;4.58;5.77;3.77;2.43;5.12;13.00;13.80;8.90;13.40;16.30;2.89;2.88;0.054;0.244;1.10;177;-0.060;3.049;0.43;3.87;14.60;9.10;12.90;0.63;0.62;269.30;268.20;18.70;24.40;;;;;;;;;;;;;;;;;;;;;;;;;;;;;;;;;;;;;;;;;;
2009-12-10 22:00:00;2.93;3.57;4.92;3.22;2.08;4.06;12.40;12.80;8.30;12.70;16.40;2.44;2.63;0.051;0.163;2.60;192;-0.064;2.730;0.35;3.13;13.90;7.60;11.30;0.63;0.62;274.60;266.40;26.00;29.90;;;;;;;;;;;;;;;;;;;;;;;;;;;;;;;;;;;;;;;;;;
2009-12-10 22:30:00;2.91;3.97;5.55;3.28;2.05;4.47;11.40;13.00;7.80;12.80;17.10;2.96;2.71;0.065;0.231;1.50;204;0.046;3.159;0.42;3.22;14.00;7.70;11.40;0.63;0.64;271.50;265.50;26.60;30.00;;;;;;;;;;;;;;;;;;;;;;;;;;;;;;;;;;;;;;;;;;
2009-12-10 23:00:00;2.87;3.59;5.28;3.07;2.01;3.81;11.90;12.50;8.00;12.70;16.30;2.61;2.67;0.053;0.165;1.20;199;-0.060;2.819;0.39;3.13;14.00;7.40;11.20;0.64;0.64;274.20;263.40;26.00;30.60;;;;;;;;;;;;;;;;;;;;;;;;;;;;;;;;;;;;;;;;;;
2009-12-10 23:30:00;2.75;3.38;4.04;3.02;1.91;3.70;11.00;12.10;7.40;10.20;14.90;2.52;2.04;0.054;0.275;1.20;214;0.079;2.908;0.33;3.02;14.00;7.20;10.90;0.62;0.57;275.20;265.60;28.40;32.20;;;;;;;;;;;;;;;;;;;;;;;;;;;;;;;;;;;;;;;;;;
2009-12-11 00:00:00;3.02;3.79;5.71;3.30;2.11;4.15;11.40;12.30;7.60;11.70;16.30;3.46;2.48;0.058;0.170;2.10;209;0.046;2.991;0.24;3.28;14.60;7.60;11.60;0.64;0.65;271.70;265.50;22.70;27.90;;;;;;;;;;;;;;;;;;;;;;;;;;;;;;;;;;;;;;;;;;
2009-12-11 00:30:00;2.72;3.45;4.42;3.04;1.91;4.09;11.30;12.50;7.30;12.00;17.80;2.28;2.47;0.053;0.142;3.50;214;-0.035;2.858;0.17;3.01;14.00;7.20;11.00;0.64;0.62;274.80;266.20;26.10;31.00;;;;;;;;;;;;;;;;;;;;;;;;;;;;;;;;;;;;;;;;;;
2009-12-11 01:00:00;2.61;3.28;4.66;2.91;1.83;3.53;10.70;11.20;7.20;12.50;16.40;2.55;2.48;0.061;0.255;1.10;219;-0.026;2.873;0.24;2.85;13.50;7.00;10.60;0.61;0.54;273.10;257.70;28.40;31.80;;;;;;;;;;;;;;;;;;;;;;;;;;;;;;;;;;;;;;;;;;
2009-12-11 01:30:00;2.46;3.19;5.15;2.73;1.74;3.60;9.90;11.60;6.70;12.20;16.60;3.14;2.34;0.056;0.172;0.90;237;0.106;3.177;0.22;2.66;13.20;6.50;10.00;0.61;0.49;279.60;249.60;31.60;34.40;;;;;;;;;;;;;;;;;;;;;;;;;;;;;;;;;;;;;;;;;;
2009-12-11 02:00:00;2.63;3.32;4.16;2.94;1.83;3.58;10.50;12.70;6.80;12.60;16.40;2.21;2.37;0.060;0.146;3.10;235;0.026;2.871;0.34;3.03;14.00;7.10;10.80;0.63;0.63;273.50;258.10;25.60;29.20;;;;;;;;;;;;;;;;;;;;;;;;;;;;;;;;;;;;;;;;;;
2009-12-11 02:30:00;2.60;3.24;4.72;2.80;1.85;3.79;10.30;11.70;7.30;12.90;16.40;2.44;2.46;0.059;0.396;0.90;218;0.075;3.002;0.23;2.76;14.10;6.60;10.30;0.62;0.51;267.10;241.60;32.10;33.80;;;;;;;;;;;;;;;;;;;;;;;;;;;;;;;;;;;;;;;;;;
2009-12-11 03:00:00;2.50;3.10;4.01;2.80;1.78;3.46;10.50;12.10;7.10;12.00;15.90;2.21;2.09;0.059;0.215;1.00;223;0.028;2.730;0.14;2.77;14.00;6.80;10.40;0.61;0.53;272.20;252.80;28.00;31.80;;;;;;;;;;;;;;;;;;;;;;;;;;;;;;;;;;;;;;;;;;
2009-12-11 03:30:00;2.46;3.20;4.01;2.73;1.70;3.58;10.00;12.40;6.60;13.60;16.10;2.28;2.41;0.057;0.159;1.20;239;0.025;3.167;0.29;2.71;13.50;6.80;10.50;0.64;0.54;271.60;256.10;29.70;32.00;;;;;;;;;;;;;;;;;;;;;;;;;;;;;;;;;;;;;;;;;;
2009-12-11 04:00:00;2.28;2.86;3.55;2.54;1.62;3.08;9.10;10.60;6.40;14.10;16.50;2.08;2.00;0.061;0.152;0.90;248;0.026;3.000;0.29;2.48;13.50;6.10;9.60;0.60;0.45;269.70;231.70;30.90;32.00;;;;;;;;;;;;;;;;;;;;;;;;;;;;;;;;;;;;;;;;;;
2009-12-11 04:30:00;2.41;2.96;3.57;2.59;1.68;3.12;9.20;10.50;6.50;12.30;15.40;2.27;2.24;0.065;0.283;1.10;243;0.035;2.994;0.25;2.52;13.40;6.20;9.40;0.58;0.42;274.40;231.00;29.90;31.40;;;;;;;;;;;;;;;;;;;;;;;;;;;;;;;;;;;;;;;;;;
2009-12-11 05:00:00;2.22;2.77;3.80;2.48;1.57;2.95;9.20;11.10;6.40;11.40;15.40;2.04;2.25;0.059;0.543;0.90;249;-0.014;2.942;0.22;2.44;13.50;6.20;9.60;0.60;0.43;278.20;240.70;29.60;32.50;;;;;;;;;;;;;;;;;;;;;;;;;;;;;;;;;;;;;;;;;;
2009-12-11 05:30:00;2.09;2.64;3.45;2.35;1.49;2.98;8.50;10.80;6.10;13.50;15.80;2.15;2.09;0.064;0.290;1.00;260;-0.113;3.066;0.17;2.40;13.50;6.10;9.40;0.60;0.41;277.90;237.90;30.60;32.40;;;;;;;;;;;;;;;;;;;;;;;;;;;;;;;;;;;;;;;;;;
2009-12-11 06:00:00;2.16;2.76;3.56;2.43;1.54;3.17;8.50;10.10;6.10;14.30;15.20;2.33;1.80;0.058;0.196;1.70;259;0.097;3.056;0.05;2.43;13.20;6.00;9.40;0.59;0.38;280.90;230.60;29.70;32.70;;;;;;;;;;;;;;;;;;;;;;;;;;;;;;;;;;;;;;;;;;
2009-12-11 06:30:00;2.21;2.66;3.46;2.47;1.58;2.86;8.60;9.90;6.10;10.50;15.70;1.78;1.96;0.065;0.405;1.00;261;-0.024;2.879;0.08;2.51;13.90;6.00;9.50;0.60;0.38;279.10;224.20;25.60;30.50;;;;;;;;;;;;;;;;;;;;;;;;;;;;;;;;;;;;;;;;;;
2009-12-11 07:00:00;2.24;2.75;3.59;2.48;1.62;2.90;8.00;8.50;6.10;11.00;16.50;2.03;2.19;0.059;0.161;2.60;260;0.137;2.951;0.16;2.45;13.10;5.80;8.90;0.57;0.29;275.60;201.00;27.60;31.90;;;;;;;;;;;;;;;;;;;;;;;;;;;;;;;;;;;;;;;;;;
2009-12-11 07:30:00;2.21;2.63;3.23;2.50;1.63;2.82;8.60;9.90;6.40;12.50;16.20;1.99;2.05;0.056;0.176;0.90;248;0.092;2.716;0.03;2.47;13.60;5.80;8.70;0.54;0.25;276.20;180.70;26.20;30.80;;;;;;;;;;;;;;;;;;;;;;;;;;;;;;;;;;;;;;;;;;
2009-12-11 08:00:00;2.14;2.67;3.77;2.43;1.57;3.11;7.40;8.20;5.80;12.70;14.10;2.24;1.76;0.065;0.193;1.60;272;0.213;3.126;0.05;2.38;14.10;5.60;8.30;0.52;0.14;270.90;160.80;34.50;34.20;;;;;;;;;;;;;;;;;;;;;;;;;;;;;;;;;;;;;;;;;;
2009-12-11 08:30:00;2.19;2.76;3.84;2.45;1.59;3.08;7.90;9.60;6.20;7.10;15.30;2.31;2.05;0.062;0.299;1.10;257;0.121;3.041;0.09;2.44;14.00;5.80;8.80;0.55;0.23;277.40;178.00;29.60;33.10;;;;;;;;;;;;;;;;;;;;;;;;;;;;;;;;;;;;;;;;;;
2009-12-11 09:00:00;2.09;2.57;3.54;2.34;1.52;2.73;7.60;8.20;5.80;6.40;14.90;2.01;1.68;0.074;0.592;0.90;277;0.084;2.796;0.07;2.39;13.10;5.70;8.30;0.51;0.09;276.90;155.20;29.60;30.50;;;;;;;;;;;;;;;;;;;;;;;;;;;;;;;;;;;;;;;;;;
2009-12-11 09:30:00;2.03;2.50;3.29;2.34;1.46;2.63;7.20;8.50;5.60;11.80;14.90;2.03;1.51;0.056;0.217;1.20;284;0.152;2.891;0.21;2.31;13.10;5.70;8.30;0.52;0.11;270.90;167.40;28.30;31.40;;;;;;;;;;;;;;;;;;;;;;;;;;;;;;;;;;;;;;;;;;
2009-12-11 10:00:00;2.04;2.51;3.60;2.33;1.48;2.90;7.70;9.10;5.90;12.00;14.60;2.27;1.88;0.060;0.213;1.00;267;0.057;2.955;0.19;2.29;13.20;5.90;8.90;0.55;0.18;273.40;185.60;29.90;32.40;;;;;;;;;;;;;;;;;;;;;;;;;;;;;;;;;;;;;;;;;;
2009-12-11 10:30:00;2.08;2.65;4.30;2.31;1.50;2.80;7.90;9.40;5.80;11.00;14.70;2.16;2.24;0.062;0.245;1.20;276;0.033;3.386;0.14;2.27;13.20;5.60;8.50;0.54;0.22;271.70;172.90;26.20;31.10;;;;;;;;;;;;;;;;;;;;;;;;;;;;;;;;;;;;;;;;;;
2009-12-11 11:00:00;2.04;2.50;3.19;2.30;1.47;2.71;8.10;9.40;5.90;11.70;14.40;1.72;1.92;0.063;0.376;1.30;270;0.058;2.890;0.14;2.35;13.60;5.90;8.90;0.56;0.24;269.40;187.50;26.90;31.10;;;;;;;;;;;;;;;;;;;;;;;;;;;;;;;;;;;;;;;;;;
2009-12-11 11:30:00;2.00;2.32;2.84;2.26;1.46;2.50;8.00;8.80;6.00;4.90;14.60;1.66;1.60;0.052;0.174;1.10;265;0.059;2.659;0.16;2.24;13.50;5.60;8.30;0.53;0.16;268.30;167.00;29.80;32.30;;;;;;;;;;;;;;;;;;;;;;;;;;;;;;;;;;;;;;;;;;
2009-12-11 12:00:00;2.04;2.52;3.26;2.26;1.47;2.83;7.40;7.90;5.80;11.90;13.60;1.95;1.66;0.053;0.205;1.40;273;0.061;2.844;0.16;2.27;13.20;5.70;8.30;0.52;0.11;274.70;167.70;28.70;31.60;;;;;;;;;;;;;;;;;;;;;;;;;;;;;;;;;;;;;;;;;;
2009-12-11 12:30:00;2.07;2.51;3.86;2.33;1.51;2.72;7.60;7.90;5.90;7.10;15.40;2.06;1.88;0.064;0.295;1.00;269;0.173;2.880;0.08;2.34;13.20;5.80;8.50;0.53;0.09;274.70;170.20;31.10;31.80;;;;;;;;;;;;;;;;;;;;;;;;;;;;;;;;;;;;;;;;;;
2009-12-11 13:00:00;2.00;2.48;3.42;2.24;1.45;2.73;7.00;7.40;5.60;14.00;14.00;2.19;1.95;0.057;0.154;2.00;283;0.015;3.042;0.14;2.19;12.30;5.40;7.60;0.48;0.04;277.10;150.30;33.30;32.50;;;;;;;;;;;;;;;;;;;;;;;;;;;;;;;;;;;;;;;;;;
2009-12-11 13:30:00;2.03;2.46;3.13;2.28;1.49;2.73;7.00;7.50;5.80;12.10;13.90;2.26;1.80;0.057;0.304;0.90;277;0.141;2.956;0.09;2.24;13.10;5.60;7.90;0.50;0.02;273.60;157.00;34.60;32.60;;;;;;;;;;;;;;;;;;;;;;;;;;;;;;;;;;;;;;;;;;
2009-12-11 14:00:00;2.04;2.50;3.23;2.29;1.49;2.64;7.20;7.40;5.80;11.30;14.40;2.11;1.76;0.057;0.208;1.10;277;-0.056;2.918;0.05;2.27;13.20;5.60;7.90;0.49;0.03;275.30;158.50;30.50;31.00;;;;;;;;;;;;;;;;;;;;;;;;;;;;;;;;;;;;;;;;;;
2009-12-11 14:30:00;1.98;2.44;3.20;2.17;1.43;2.80;8.00;8.10;5.90;13.80;14.90;1.92;1.81;0.057;0.249;1.40;267;-0.018;3.022;0.22;2.18;13.60;5.60;8.20;0.52;0.08;273.70;160.70;33.30;32.50;;;;;;;;;;;;;;;;;;;;;;;;;;;;;;;;;;;;;;;;;;
2009-12-11 15:00:00;1.88;2.36;3.41;2.09;1.32;2.63;6.40;6.60;5.00;6.10;12.40;1.91;1.71;0.066;0.278;1.20;319;0.155;3.119;0.21;2.08;13.00;5.20;7.40;0.49;0.06;270.80;147.30;37.60;32.80;;;;;;;;;;;;;;;;;;;;;;;;;;;;;;;;;;;;;;;;;;
2009-12-11 15:30:00;1.97;2.53;3.55;2.22;1.40;2.73;6.80;7.30;5.30;7.10;12.70;2.10;2.01;0.058;0.160;1.50;297;0.126;3.133;0.06;2.20;12.70;5.30;7.50;0.48;0.06;272.70;147.80;34.80;33.10;;;;;;;;;;;;;;;;;;;;;;;;;;;;;;;;;;;;;;;;;;
2009-12-11 16:00:00;2.07;2.50;3.97;2.29;1.52;2.64;6.80;7.00;5.70;6.20;13.70;2.38;1.84;0.054;0.107;2.10;279;0.109;2.935;0.16;2.24;6.10;5.40;7.30;0.45;0.16;136.50;144.30;19.10;29.60;;;;;;;;;;;;;;;;;;;;;;;;;;;;;;;;;;;;;;;;;;
2009-12-11 16:30:00;1.92;2.42;3.13;2.13;1.39;2.67;6.80;7.20;5.40;5.70;14.10;1.91;1.67;0.058;0.149;2.20;296;0.165;2.977;0.04;2.12;12.80;5.20;7.30;0.48;0.04;269.90;145.90;36.60;32.90;;;;;;;;;;;;;;;;;;;;;;;;;;;;;;;;;;;;;;;;;;
2009-12-11 17:00:00;1.87;2.35;3.14;2.09;1.35;2.70;6.50;7.00;5.30;11.70;13.50;1.84;2.00;0.066;0.475;1.00;298;-0.011;3.155;0.24;2.10;13.60;5.30;7.70;0.49;0.01;271.60;150.40;35.70;33.30;;;;;;;;;;;;;;;;;;;;;;;;;;;;;;;;;;;;;;;;;;
2009-12-11 17:30:00;1.94;2.43;3.05;2.17;1.37;2.62;6.70;6.60;5.20;5.70;13.70;1.89;1.82;0.070;0.544;0.90;307;0.147;3.184;0.04;2.17;12.80;5.30;7.40;0.47;0.05;269.40;143.50;35.50;32.90;;;;;;;;;;;;;;;;;;;;;;;;;;;;;;;;;;;;;;;;;;
2009-12-11 18:00:00;1.97;2.47;3.60;2.21;1.42;2.94;6.30;6.40;5.20;5.70;14.10;2.15;1.73;0.063;0.237;1.10;308;0.126;3.072;0.18;2.15;12.80;5.10;7.10;0.45;0.07;273.60;133.40;36.70;33.20;;;;;;;;;;;;;;;;;;;;;;;;;;;;;;;;;;;;;;;;;;
2009-12-11 18:30:00;2.01;2.47;3.00;2.22;1.45;2.69;6.10;6.40;5.10;5.00;11.90;1.85;1.63;0.068;0.407;1.00;310;0.071;2.842;0.22;2.21;5.90;5.20;6.80;0.43;0.22;121.20;127.90;25.00;32.50;;;;;;;;;;;;;;;;;;;;;;;;;;;;;;;;;;;;;;;;;;
2009-12-11 19:00:00;2.12;2.68;3.69;2.35;1.53;3.11;5.90;6.00;5.10;7.40;11.30;2.35;2.02;0.070;0.324;1.30;310;0.137;3.040;0.18;2.32;6.10;5.00;6.40;0.40;0.28;126.30;123.90;24.80;32.20;;;;;;;;;;;;;;;;;;;;;;;;;;;;;;;;;;;;;;;;;;
2009-12-11 19:30:00;2.25;2.85;3.88;2.47;1.62;3.22;6.60;6.60;5.30;4.90;14.60;2.39;2.17;0.073;0.470;1.10;300;0.197;3.138;0.19;2.44;6.10;5.20;7.00;0.43;0.19;120.90;126.90;23.70;32.90;;;;;;;;;;;;;;;;;;;;;;;;;;;;;;;;;;;;;;;;;;
2009-12-11 20:00:00;2.25;2.73;3.47;2.44;1.60;3.01;6.60;6.50;5.40;6.50;12.80;2.10;1.89;0.069;0.286;1.00;295;0.121;2.940;0.22;2.47;6.50;5.40;7.00;0.42;0.24;131.50;129.40;22.60;32.70;;;;;;;;;;;;;;;;;;;;;;;;;;;;;;;;;;;;;;;;;;
2009-12-11 20:30:00;2.40;2.92;4.25;2.57;1.74;3.03;6.30;6.40;5.50;5.90;11.50;2.59;2.13;0.064;0.284;0.90;288;0.203;3.016;0.31;2.51;6.40;5.30;6.70;0.41;0.30;130.30;127.40;20.10;30.90;;;;;;;;;;;;;;;;;;;;;;;;;;;;;;;;;;;;;;;;;;
2009-12-11 21:00:00;2.23;2.78;4.00;2.46;1.60;2.95;6.40;6.70;5.40;6.40;12.60;2.11;2.37;0.065;0.189;2.10;296;0.091;2.914;0.12;2.45;6.30;5.30;7.30;0.45;0.17;125.80;130.00;24.30;33.10;;;;;;;;;;;;;;;;;;;;;;;;;;;;;;;;;;;;;;;;;;
2009-12-11 21:30:00;2.29;2.80;3.69;2.52;1.66;2.88;6.30;6.20;5.40;5.90;14.30;2.13;1.84;0.067;0.207;1.00;295;0.152;2.848;0.28;2.51;6.30;5.40;7.00;0.42;0.26;123.60;128.50;19.70;32.20;;;;;;;;;;;;;;;;;;;;;;;;;;;;;;;;;;;;;;;;;;
2009-12-11 22:00:00;2.29;2.86;4.00;2.51;1.62;3.25;6.50;6.40;5.30;6.40;16.40;2.34;2.00;0.068;0.402;1.10;300;0.106;2.994;0.38;2.42;6.30;5.30;6.90;0.42;0.26;127.90;124.50;23.80;32.90;;;;;;;;;;;;;;;;;;;;;;;;;;;;;;;;;;;;;;;;;;
2009-12-11 22:30:00;2.25;2.85;3.97;2.53;1.63;3.26;6.30;6.60;5.20;5.40;12.90;2.53;2.27;0.068;0.181;1.40;304;0.141;3.093;0.28;2.51;6.30;5.30;6.70;0.40;0.26;127.20;125.00;21.50;31.40;;;;;;;;;;;;;;;;;;;;;;;;;;;;;;;;;;;;;;;;;;
2009-12-11 23:00:00;2.39;3.01;4.11;2.56;1.69;3.42;6.60;6.50;5.60;7.50;12.10;2.10;2.16;0.066;0.271;1.10;282;-0.029;3.204;0.17;2.59;6.80;5.50;7.30;0.43;0.24;130.00;131.30;21.90;32.20;;;;;;;;;;;;;;;;;;;;;;;;;;;;;;;;;;;;;;;;;;
2009-12-11 23:30:00;2.37;2.89;3.38;2.57;1.70;3.14;6.80;6.40;5.70;7.10;14.70;2.10;1.87;0.060;0.244;1.00;277;0.020;2.941;0.18;2.54;6.50;5.40;7.10;0.43;0.22;129.30;129.90;23.40;32.60;;;;;;;;;;;;;;;;;;;;;;;;;;;;;;;;;;;;;;;;;;
2009-12-12 00:00:00;2.41;3.00;4.12;2.62;1.71;3.22;6.50;6.40;5.50;7.10;12.20;2.96;2.12;0.064;0.380;0.90;291;0.141;3.331;0.17;2.60;6.80;5.50;7.00;0.40;0.27;131.30;130.30;21.10;30.90;;;;;;;;;;;;;;;;;;;;;;;;;;;;;;;;;;;;;;;;;;
2009-12-12 00:30:00;2.16;2.61;3.63;2.37;1.57;2.79;6.60;6.70;5.40;6.70;12.40;2.62;1.61;0.062;0.233;1.30;291;0.149;2.909;0.06;2.37;6.30;5.30;6.90;0.42;0.20;124.00;130.90;22.20;32.00;;;;;;;;;;;;;;;;;;;;;;;;;;;;;;;;;;;;;;;;;;
2009-12-12 01:00:00;2.20;2.71;3.27;2.43;1.61;2.93;6.70;6.80;5.60;6.80;13.10;1.80;1.83;0.061;0.198;1.80;286;0.073;2.627;0.23;2.42;6.50;5.40;6.80;0.40;0.30;135.00;135.00;18.20;29.50;;;;;;;;;;;;;;;;;;;;;;;;;;;;;;;;;;;;;;;;;;
2009-12-12 01:30:00;2.22;2.74;3.45;2.47;1.62;3.18;6.80;7.10;5.70;5.40;11.60;2.35;1.72;0.068;0.353;1.20;281;0.071;2.861;0.15;2.44;6.50;5.60;7.30;0.44;0.20;135.20;138.30;20.10;30.00;;;;;;;;;;;;;;;;;;;;;;;;;;;;;;;;;;;;;;;;;;
2009-12-12 02:00:00;2.12;2.69;3.89;2.33;1.54;2.86;7.10;7.30;5.60;7.90;14.50;2.13;1.81;0.064;0.412;1.00;282;0.098;3.142;0.21;2.35;6.80;5.50;7.30;0.45;0.17;136.50;139.70;18.40;31.00;;;;;;;;;;;;;;;;;;;;;;;;;;;;;;;;;;;;;;;;;;
2009-12-12 02:30:00;2.07;2.66;3.81;2.30;1.48;3.19;6.70;7.00;5.40;7.10;12.60;2.41;1.90;0.064;0.278;1.20;293;0.147;3.286;0.08;2.29;6.50;5.40;7.60;0.48;0.13;134.80;141.50;19.80;31.50;;;;;;;;;;;;;;;;;;;;;;;;;;;;;;;;;;;;;;;;;;
2009-12-12 03:00:00;1.95;2.39;3.29;2.17;1.40;2.60;6.50;6.70;5.30;7.70;14.40;1.85;1.56;0.059;0.166;0.90;300;0.169;2.990;0.20;2.16;6.00;5.30;7.10;0.45;0.15;132.30;135.40;18.60;31.20;;;;;;;;;;;;;;;;;;;;;;;;;;;;;;;;;;;;;;;;;;
2009-12-12 03:30:00;1.87;2.35;3.25;2.07;1.35;2.63;6.30;6.20;5.20;5.80;12.50;1.91;1.72;0.065;0.332;1.00;308;0.086;3.071;0.19;2.05;6.50;5.10;6.90;0.45;0.12;134.60;132.70;21.10;33.40;;;;;;;;;;;;;;;;;;;;;;;;;;;;;;;;;;;;;;;;;;
2009-12-12 04:00:00;1.99;2.50;3.80;2.23;1.43;2.66;7.00;7.20;5.50;7.30;13.90;1.95;2.11;0.066;0.376;0.90;290;0.119;3.168;0.15;2.21;14.00;5.40;8.00;0.51;0.08;277.10;146.70;34.10;32.50;;;;;;;;;;;;;;;;;;;;;;;;;;;;;;;;;;;;;;;;;;
2009-12-12 04:30:00;1.81;2.23;2.95;2.02;1.31;2.45;6.90;7.40;5.40;5.10;13.80;1.88;1.57;0.061;0.307;1.10;294;0.069;3.067;0.11;2.00;12.80;5.30;7.60;0.49;0.02;272.70;142.40;34.60;33.00;;;;;;;;;;;;;;;;;;;;;;;;;;;;;;;;;;;;;;;;;;
2009-12-12 05:00:00;1.97;2.36;2.76;2.19;1.41;2.49;7.20;6.70;5.40;4.90;15.70;1.72;1.82;0.065;0.379;1.00;294;0.024;2.848;0.21;2.16;13.60;5.40;7.90;0.51;0.04;274.30;147.00;33.40;32.30;;;;;;;;;;;;;;;;;;;;;;;;;;;;;;;;;;;;;;;;;;
2009-12-12 05:30:00;1.91;2.31;2.87;2.14;1.39;2.53;6.90;7.70;5.60;6.00;14.60;1.65;1.65;0.059;0.337;1.00;285;0.126;2.851;0.22;2.13;13.60;5.50;7.90;0.50;0.04;262.50;149.70;30.80;31.30;;;;;;;;;;;;;;;;;;;;;;;;;;;;;;;;;;;;;;;;;;
2009-12-12 06:00:00;1.90;2.33;3.45;2.13;1.36;2.63;6.80;8.10;5.20;8.60;13.60;2.09;1.63;0.062;0.289;1.10;303;0.151;3.049;0.07;2.09;14.00;5.30;7.60;0.49;0.03;262.90;142.90;36.70;32.90;;;;;;;;;;;;;;;;;;;;;;;;;;;;;;;;;;;;;;;;;;
2009-12-12 06:30:00;1.87;2.24;2.80;2.12;1.36;2.39;7.10;7.60;5.60;12.80;15.20;1.91;1.67;0.057;0.178;1.90;282;0.033;2.868;0.16;2.08;13.60;5.40;7.90;0.52;0.06;268.90;148.00;30.30;32.30;;;;;;;;;;;;;;;;;;;;;;;;;;;;;;;;;;;;;;;;;;
2009-12-12 07:00:00;1.83;2.27;3.18;2.06;1.32;2.70;7.50;7.80;5.60;4.80;14.60;2.73;1.61;0.055;0.165;2.00;286;0.178;3.303;0.19;2.06;13.60;5.50;8.10;0.53;0.10;270.70;150.80;29.20;32.00;;;;;;;;;;;;;;;;;;;;;;;;;;;;;;;;;;;;;;;;;;
2009-12-12 07:30:00;1.80;2.22;3.25;2.07;1.30;2.56;6.50;7.00;5.30;11.30;14.20;1.89;1.65;0.068;0.455;1.00;302;0.032;3.008;0.25;2.04;13.60;5.30;7.80;0.50;0.10;266.10;143.00;28.10;31.50;;;;;;;;;;;;;;;;;;;;;;;;;;;;;;;;;;;;;;;;;;
2009-12-12 08:00:00;2.00;2.48;3.14;2.20;1.41;2.78;7.40;8.00;5.60;6.60;14.40;2.07;1.85;0.063;0.316;1.00;286;0.116;3.132;-0.11;2.15;13.60;5.50;8.00;0.52;0.09;267.50;151.20;32.30;33.00;;;;;;;;;;;;;;;;;;;;;;;;;;;;;;;;;;;;;;;;;;
2009-12-12 08:30:00;1.95;2.40;3.07;2.14;1.38;2.57;7.30;8.30;5.60;10.70;15.30;2.13;1.96;0.056;0.184;1.60;283;0.111;3.111;0.08;2.12;12.80;5.50;8.00;0.52;0.14;265.30;150.60;28.80;33.00;;;;;;;;;;;;;;;;;;;;;;;;;;;;;;;;;;;;;;;;;;
2009-12-12 09:00:00;1.85;2.30;3.14;2.08;1.32;2.58;6.30;7.10;5.10;7.90;14.90;2.00;1.78;0.064;0.295;0.90;313;0.138;3.261;0.13;2.06;12.80;5.20;7.60;0.50;0.12;264.50;137.90;34.20;35.20;;;;;;;;;;;;;;;;;;;;;;;;;;;;;;;;;;;;;;;;;;
2009-12-12 09:30:00;1.82;2.21;2.70;2.01;1.31;2.52;6.50;6.50;5.40;10.20;14.00;1.91;1.72;0.063;0.410;1.00;294;0.021;3.141;0.20;1.93;12.70;5.10;7.20;0.48;0.03;263.50;134.30;34.40;33.30;;;;;;;;;;;;;;;;;;;;;;;;;;;;;;;;;;;;;;;;;;
2009-12-12 10:00:00;1.69;2.06;2.64;1.90;1.23;2.32;6.80;7.40;5.30;4.80;14.60;1.65;1.31;0.063;0.332;1.10;301;0.132;2.864;0.04;1.90;13.20;5.10;7.50;0.50;0.12;267.60;145.20;35.00;34.50;;;;;;;;;;;;;;;;;;;;;;;;;;;;;;;;;;;;;;;;;;
2009-12-12 10:30:00;1.65;1.97;2.36;1.86;1.21;2.21;7.40;8.40;5.50;13.10;13.50;1.42;1.40;0.067;0.498;1.00;290;0.137;2.872;0.15;1.85;13.10;5.30;7.90;0.53;0.18;268.70;152.00;30.10;33.20;;;;;;;;;;;;;;;;;;;;;;;;;;;;;;;;;;;;;;;;;;
2009-12-12 11:00:00;1.65;1.99;2.89;1.84;1.19;2.23;6.90;8.40;5.20;9.30;14.00;1.69;1.61;0.058;0.210;1.20;306;-0.024;2.986;0.14;1.86;12.80;5.30;7.70;0.51;0.12;264.80;147.80;29.40;32.00;;;;;;;;;;;;;;;;;;;;;;;;;;;;;;;;;;;;;;;;;;
2009-12-12 11:30:00;1.56;1.93;2.38;1.71;1.11;2.06;6.50;7.40;5.10;6.30;14.00;1.41;1.44;0.058;0.291;1.20;315;0.019;3.077;0.14;1.72;13.10;5.00;7.10;0.48;0.02;270.60;137.40;37.50;34.80;;;;;;;;;;;;;;;;;;;;;;;;;;;;;;;;;;;;;;;;;;
2009-12-12 12:00:00;1.70;2.10;3.08;1.89;1.23;2.39;6.70;7.30;5.30;9.20;13.00;1.84;1.41;0.056;0.186;1.20;298;0.104;2.925;0.12;1.88;12.70;5.30;7.50;0.50;0.07;264.10;143.90;36.80;32.00;;;;;;;;;;;;;;;;;;;;;;;;;;;;;;;;;;;;;;;;;;
2009-12-12 12:30:00;1.59;1.99;3.00;1.83;1.15;2.30;6.60;7.70;5.10;11.50;13.70;2.14;1.52;0.056;0.134;1.20;311;0.213;3.286;0.02;1.81;12.70;5.20;7.60;0.50;0.17;260.70;144.50;34.90;33.60;;;;;;;;;;;;;;;;;;;;;;;;;;;;;;;;;;;;;;;;;;
2009-12-12 13:00:00;1.60;2.02;2.38;1.80;1.16;2.19;7.70;7.90;5.60;5.80;14.10;1.34;1.48;0.055;0.443;1.00;283;0.011;2.909;0.06;1.83;12.80;5.40;8.00;0.53;0.13;266.10;162.40;29.90;32.70;;;;;;;;;;;;;;;;;;;;;;;;;;;;;;;;;;;;;;;;;;
2009-12-12 13:30:00;1.56;1.89;2.46;1.72;1.13;2.00;7.10;7.80;5.60;7.40;14.90;1.54;1.27;0.053;0.143;1.10;285;0.221;2.905;0.09;1.70;12.70;5.20;7.50;0.51;0.11;264.30;153.60;38.10;33.00;;;;;;;;;;;;;;;;;;;;;;;;;;;;;;;;;;;;;;;;;;
2009-12-12 14:00:00;1.57;1.99;2.74;1.74;1.12;2.18;7.20;8.30;5.40;11.20;13.50;1.56;1.65;0.059;0.260;1.20;293;0.025;3.078;0.19;1.75;12.70;5.40;7.90;0.52;0.15;257.20;161.50;29.70;30.60;;;;;;;;;;;;;;;;;;;;;;;;;;;;;;;;;;;;;;;;;;
2009-12-12 14:30:00;1.40;1.71;2.24;1.54;1.02;1.82;7.30;7.80;5.50;7.70;12.90;1.30;1.12;0.048;0.171;1.20;289;-0.006;2.838;0.12;1.53;12.70;5.20;7.70;0.52;0.13;262.20;161.60;29.60;32.30;;;;;;;;;;;;;;;;;;;;;;;;;;;;;;;;;;;;;;;;;;
2009-12-12 15:00:00;1.51;1.86;2.34;1.68;1.08;2.03;7.00;8.10;5.30;7.50;13.20;1.57;1.33;0.056;0.215;1.10;297;0.149;3.106;0.14;1.65;12.70;5.20;7.70;0.54;0.17;261.70;161.70;32.90;32.00;;;;;;;;;;;;;;;;;;;;;;;;;;;;;;;;;;;;;;;;;;
2009-12-12 15:30:00;1.42;1.73;2.06;1.57;1.01;1.85;6.70;7.30;5.20;5.20;12.60;1.23;1.27;0.058;0.311;1.00;305;-0.054;2.876;0.13;1.53;12.20;4.90;7.30;0.53;0.14;260.40;148.80;36.30;34.60;;;;;;;;;;;;;;;;;;;;;;;;;;;;;;;;;;;;;;;;;;
2009-12-12 16:00:00;1.42;1.76;2.51;1.61;1.03;1.97;6.60;8.00;5.20;9.10;12.70;1.35;1.34;0.060;0.369;0.90;306;0.148;2.994;0.09;1.57;12.20;5.00;7.50;0.54;0.18;261.10;154.00;32.70;32.40;;;;;;;;;;;;;;;;;;;;;;;;;;;;;;;;;;;;;;;;;;
2009-12-12 16:30:00;1.40;1.71;2.30;1.59;1.00;1.91;7.00;8.10;5.20;4.20;13.30;1.32;1.21;0.056;0.237;1.10;305;0.116;3.054;0.16;1.55;11.70;5.00;7.70;0.55;0.23;252.20;161.40;33.70;33.40;;;;;;;;;;;;;;;;;;;;;;;;;;;;;;;;;;;;;;;;;;
2009-12-12 17:00:00;1.42;1.77;2.26;1.64;1.03;1.89;6.70;7.80;5.10;3.90;13.40;1.76;1.30;0.070;0.254;1.20;312;0.100;3.067;0.03;1.62;12.30;5.10;7.80;0.55;0.25;264.40;162.70;36.60;33.70;;;;;;;;;;;;;;;;;;;;;;;;;;;;;;;;;;;;;;;;;;
2009-12-12 17:30:00;1.39;1.74;3.09;1.59;1.01;1.93;6.50;7.20;4.90;5.70;13.30;1.90;1.40;0.072;0.484;0.80;325;0.129;3.349;0.06;1.57;12.20;4.90;7.40;0.54;0.20;253.50;145.00;32.40;34.20;;;;;;;;;;;;;;;;;;;;;;;;;;;;;;;;;;;;;;;;;;
2009-12-12 18:00:00;1.42;1.80;2.62;1.64;1.02;1.92;7.00;8.10;5.10;10.00;14.10;1.47;1.54;0.065;0.313;0.90;314;-0.055;3.060;0.11;1.60;12.10;5.00;7.80;0.57;0.28;256.70;171.60;27.40;32.80;;;;;;;;;;;;;;;;;;;;;;;;;;;;;;;;;;;;;;;;;;
2009-12-12 18:30:00;1.44;1.74;2.22;1.63;1.04;1.87;6.30;6.40;4.80;8.70;12.80;1.34;1.23;0.062;0.230;1.10;327;0.058;2.934;0.04;1.58;12.10;4.70;7.00;0.51;0.21;259.60;119.30;33.30;34.10;;;;;;;;;;;;;;;;;;;;;;;;;;;;;;;;;;;;;;;;;;
2009-12-12 19:00:00;1.38;1.66;2.11;1.61;1.01;1.83;6.80;7.40;5.20;12.70;14.00;1.33;1.64;0.060;0.209;1.10;307;0.171;2.918;0.14;1.57;12.30;4.90;7.60;0.55;0.27;266.40;137.60;34.90;34.70;;;;;;;;;;;;;;;;;;;;;;;;;;;;;;;;;;;;;;;;;;
2009-12-12 19:30:00;1.41;1.70;2.34;1.61;1.00;1.83;7.50;8.50;5.30;7.90;14.10;1.17;1.20;0.061;0.320;1.20;300;-0.008;2.710;0.09;1.58;11.80;5.20;7.90;0.56;0.32;258.60;183.00;33.90;33.50;;;;;;;;;;;;;;;;;;;;;;;;;;;;;;;;;;;;;;;;;;
2009-12-12 20:00:00;1.31;1.61;2.30;1.51;0.94;1.86;7.30;8.60;5.30;7.20;12.30;1.38;1.14;0.054;0.184;1.20;301;0.083;2.920;0.09;1.45;11.40;5.10;7.90;0.57;0.30;251.00;185.00;27.30;33.00;;;;;;;;;;;;;;;;;;;;;;;;;;;;;;;;;;;;;;;;;;
2009-12-12 20:30:00;1.25;1.57;1.98;1.41;0.89;1.76;7.10;8.70;5.10;7.30;12.70;1.30;1.07;0.061;0.239;1.10;313;0.151;2.939;0.17;1.41;12.20;5.10;8.00;0.58;0.35;252.80;191.30;32.30;33.30;;;;;;;;;;;;;;;;;;;;;;;;;;;;;;;;;;;;;;;;;;
2009-12-12 21:00:00;1.32;1.65;2.25;1.49;0.95;1.78;6.50;7.50;4.90;10.30;13.30;1.25;1.31;0.063;0.283;1.00;326;0.068;2.915;0.18;1.48;11.40;4.70;7.30;0.55;0.33;255.70;147.40;33.50;35.30;;;;;;;;;;;;;;;;;;;;;;;;;;;;;;;;;;;;;;;;;;
2009-12-12 21:30:00;1.38;1.74;2.32;1.61;1.00;1.97;6.00;7.40;4.70;5.40;12.60;1.47;1.45;0.063;0.246;0.80;338;0.094;3.127;0.16;1.61;12.20;4.70;7.20;0.52;0.29;260.70;124.30;36.40;33.40;;;;;;;;;;;;;;;;;;;;;;;;;;;;;;;;;;;;;;;;;;
2009-12-12 22:00:00;1.62;1.99;2.56;1.83;1.17;2.21;6.30;6.80;5.00;11.10;14.00;1.50;1.41;0.065;0.217;1.00;318;0.140;2.968;0.15;1.79;11.70;4.80;7.10;0.50;0.18;257.20;111.30;35.70;33.30;;;;;;;;;;;;;;;;;;;;;;;;;;;;;;;;;;;;;;;;;;
2009-12-12 22:30:00;1.62;1.97;2.62;1.82;1.19;2.15;6.40;6.80;5.10;5.10;13.20;1.56;1.38;0.065;0.327;1.00;313;0.032;2.887;0.15;1.79;11.40;4.80;6.80;0.46;0.11;248.70;105.20;34.20;33.70;;;;;;;;;;;;;;;;;;;;;;;;;;;;;;;;;;;;;;;;;;
2009-12-12 23:00:00;1.64;2.01;2.40;1.80;1.18;2.16;6.30;6.60;4.90;7.50;13.50;1.67;1.69;0.067;0.225;1.40;322;0.014;3.148;0.18;1.78;5.10;4.80;6.70;0.47;0.08;99.00;101.00;21.40;31.40;;;;;;;;;;;;;;;;;;;;;;;;;;;;;;;;;;;;;;;;;;
2009-12-12 23:30:00;1.66;2.05;2.59;1.89;1.22;2.22;6.10;6.40;5.00;4.50;12.20;1.81;1.44;0.061;0.252;1.60;316;0.119;3.021;0.27;1.91;11.40;5.00;6.70;0.45;0.09;250.70;106.50;33.10;31.10;;;;;;;;;;;;;;;;;;;;;;;;;;;;;;;;;;;;;;;;;;
2009-12-13 00:00:00;1.66;2.04;2.62;1.83;1.21;2.39;6.30;6.20;5.00;4.80;12.80;1.63;1.43;0.063;0.360;1.10;316;0.126;2.942;0.30;1.82;5.30;4.90;6.50;0.42;0.16;95.50;103.00;20.50;31.00;;;;;;;;;;;;;;;;;;;;;;;;;;;;;;;;;;;;;;;;;;
2009-12-13 00:30:00;1.64;1.96;2.50;1.80;1.19;2.16;6.50;6.50;5.20;4.90;13.60;1.55;1.36;0.057;0.248;1.10;306;0.093;2.816;0.11;1.80;11.10;4.90;6.70;0.45;0.09;255.00;104.30;31.90;31.40;;;;;;;;;;;;;;;;;;;;;;;;;;;;;;;;;;;;;;;;;;
2009-12-13 01:00:00;1.54;1.94;2.49;1.73;1.10;2.14;6.30;6.70;4.80;6.50;12.20;1.43;1.33;0.060;0.204;1.80;328;0.122;3.067;0.12;1.70;11.40;4.80;6.80;0.47;0.05;252.10;112.30;33.60;32.40;;;;;;;;;;;;;;;;;;;;;;;;;;;;;;;;;;;;;;;;;;
2009-12-13 01:30:00;1.55;1.88;2.41;1.75;1.15;2.07;6.40;7.10;5.10;5.00;12.80;1.80;1.37;0.057;0.187;1.20;310;-0.007;2.891;0.09;1.73;11.00;5.00;7.00;0.48;0.08;250.10;116.50;32.40;30.90;;;;;;;;;;;;;;;;;;;;;;;;;;;;;;;;;;;;;;;;;;
2009-12-13 02:00:00;1.51;1.88;2.88;1.67;1.07;1.96;6.10;6.40;4.80;5.30;13.20;1.57;1.41;0.058;0.233;1.90;328;0.127;3.147;0.09;1.67;11.70;4.80;6.60;0.45;0.08;248.90;113.30;38.60;31.60;;;;;;;;;;;;;;;;;;;;;;;;;;;;;;;;;;;;;;;;;;
2009-12-13 02:30:00;1.51;1.86;2.63;1.74;1.11;2.04;6.80;6.60;5.20;6.20;12.80;1.74;1.47;0.060;0.321;1.10;308;0.120;2.865;0.07;1.71;11.40;5.00;7.00;0.48;0.05;248.30;117.20;28.70;30.70;;;;;;;;;;;;;;;;;;;;;;;;;;;;;;;;;;;;;;;;;;
2009-12-13 03:00:00;1.48;1.87;2.45;1.64;1.07;2.14;5.80;5.80;4.80;4.90;13.70;1.39;1.18;0.056;0.218;1.90;332;0.127;3.081;0.25;1.61;5.50;4.70;6.30;0.42;0.19;109.80;108.30;20.30;31.40;;;;;;;;;;;;;;;;;;;;;;;;;;;;;;;;;;;;;;;;;;
2009-12-13 03:30:00;1.45;1.78;2.31;1.61;1.03;1.98;6.10;6.00;4.80;6.40;13.20;1.34;1.46;0.062;0.264;0.90;334;0.094;3.011;0.14;1.58;5.50;4.70;6.50;0.46;0.07;105.20;109.50;21.00;31.70;;;;;;;;;;;;;;;;;;;;;;;;;;;;;;;;;;;;;;;;;;
2009-12-13 04:00:00;1.40;1.73;2.40;1.58;1.01;1.89;6.00;6.60;4.80;10.60;12.10;1.26;1.37;0.060;0.409;1.10;327;0.073;2.909;0.24;1.57;5.30;4.80;6.50;0.45;0.09;110.20;117.70;20.10;30.60;;;;;;;;;;;;;;;;;;;;;;;;;;;;;;;;;;;;;;;;;;
2009-12-13 04:30:00;1.28;1.57;2.00;1.44;0.93;1.76;6.10;6.60;4.70;5.90;11.70;1.20;1.17;0.062;0.513;0.80;339;0.033;2.914;0.16;1.43;11.40;4.50;6.40;0.47;0.10;251.10;116.80;36.00;32.80;;;;;;;;;;;;;;;;;;;;;;;;;;;;;;;;;;;;;;;;;;
2009-12-13 05:00:00;1.27;1.56;2.25;1.44;0.93;1.86;6.50;7.60;5.00;6.80;14.10;1.41;1.08;0.049;0.134;1.30;319;0.123;2.809;0.04;1.44;12.30;4.80;7.10;0.50;0.09;259.40;127.10;34.90;31.30;;;;;;;;;;;;;;;;;;;;;;;;;;;;;;;;;;;;;;;;;;
2009-12-13 05:30:00;1.24;1.54;2.09;1.41;0.89;1.71;5.70;5.80;4.60;5.40;12.40;1.38;1.00;0.061;0.292;1.30;351;0.117;3.063;0.15;1.41;12.10;4.50;6.50;0.48;0.14;265.90;112.30;38.50;32.30;;;;;;;;;;;;;;;;;;;;;;;;;;;;;;;;;;;;;;;;;;
2009-12-13 06:00:00;1.28;1.57;2.07;1.44;0.93;1.73;6.00;6.30;4.80;5.50;13.80;1.20;1.17;0.057;0.341;0.90;329;0.132;3.071;0.12;1.42;11.70;4.60;6.90;0.51;0.16;259.00;125.50;38.30;32.80;;;;;;;;;;;;;;;;;;;;;;;;;;;;;;;;;;;;;;;;;;
2009-12-13 06:30:00;1.26;1.54;2.09;1.44;0.91;1.77;5.70;5.90;4.40;5.50;12.00;1.22;1.29;0.066;0.268;1.00;361;0.091;2.931;0.10;1.41;12.20;4.40;6.50;0.48;0.13;259.90;117.80;35.90;31.60;;;;;;;;;;;;;;;;;;;;;;;;;;;;;;;;;;;;;;;;;;
2009-12-13 07:00:00;1.17;1.44;1.90;1.35;0.85;1.58;5.20;5.60;4.40;4.80;12.60;1.25;0.99;0.060;0.503;0.90;359;0.162;2.966;0.12;1.32;11.70;4.40;6.30;0.46;0.15;261.40;116.50;41.20;33.00;;;;;;;;;;;;;;;;;;;;;;;;;;;;;;;;;;;;;;;;;;
2009-12-13 07:30:00;1.25;1.55;1.93;1.41;0.90;1.72;5.50;6.40;4.50;8.20;11.70;1.17;1.01;0.054;0.141;1.60;355;0.105;2.960;0.21;1.40;4.80;4.40;6.20;0.45;0.15;109.80;110.00;18.90;31.70;;;;;;;;;;;;;;;;;;;;;;;;;;;;;;;;;;;;;;;;;;
2009-12-13 08:00:00;1.29;1.57;2.49;1.47;0.94;1.67;5.70;5.80;4.70;4.00;11.80;1.66;1.29;0.056;0.257;1.20;341;0.128;3.088;0.07;1.42;12.30;4.50;6.70;0.48;0.17;263.80;118.90;34.90;32.50;;;;;;;;;;;;;;;;;;;;;;;;;;;;;;;;;;;;;;;;;;
2009-12-13 08:30:00;1.20;1.48;1.92;1.36;0.86;1.60;5.90;6.20;4.50;4.30;13.60;1.11;1.02;0.059;0.234;1.10;353;0.193;2.970;0.11;1.34;12.10;4.40;6.40;0.48;0.11;264.40;116.30;39.90;33.70;;;;;;;;;;;;;;;;;;;;;;;;;;;;;;;;;;;;;;;;;;
2009-12-13 09:00:00;1.20;1.47;2.14;1.35;0.86;1.56;5.80;6.40;4.60;4.50;13.00;1.22;1.06;0.057;0.200;1.00;346;0.151;3.034;0.17;1.34;12.20;4.50;6.50;0.47;0.17;262.60;115.40;37.50;33.40;;;;;;;;;;;;;;;;;;;;;;;;;;;;;;;;;;;;;;;;;;
2009-12-13 09:30:00;1.16;1.43;1.76;1.32;0.84;1.59;5.70;5.90;4.60;4.90;12.20;1.21;0.88;0.060;0.438;0.90;349;0.155;3.012;0.01;1.30;12.20;4.50;6.60;0.48;0.12;266.90;116.20;35.00;32.80;;;;;;;;;;;;;;;;;;;;;;;;;;;;;;;;;;;;;;;;;;
2009-12-13 10:00:00;1.10;1.39;1.96;1.25;0.79;1.58;6.10;6.40;4.80;4.40;13.20;1.19;1.15;0.043;0.161;1.00;333;0.092;3.182;0.18;1.24;11.40;4.70;6.90;0.49;0.12;249.20;133.30;33.50;31.30;;;;;;;;;;;;;;;;;;;;;;;;;;;;;;;;;;;;;;;;;;
2009-12-13 10:30:00;1.16;1.48;1.89;1.30;0.83;1.62;5.90;6.50;4.60;9.00;14.20;1.30;1.18;0.053;0.279;1.20;345;0.020;3.223;0.21;1.30;11.70;4.60;6.80;0.49;0.08;263.40;130.50;31.50;32.40;;;;;;;;;;;;;;;;;;;;;;;;;;;;;;;;;;;;;;;;;;
2009-12-13 11:00:00;1.07;1.30;1.98;1.20;0.78;1.42;5.90;6.40;4.70;11.20;12.40;1.11;0.99;0.046;0.180;1.00;339;0.034;2.965;0.16;1.20;12.10;4.60;6.60;0.48;0.13;261.90;125.20;29.90;31.40;;;;;;;;;;;;;;;;;;;;;;;;;;;;;;;;;;;;;;;;;;
2009-12-13 11:30:00;0.99;1.25;1.72;1.13;0.71;1.37;5.80;6.70;4.50;5.20;12.60;0.89;0.96;0.050;0.193;0.90;350;-0.019;3.025;0.30;1.14;12.10;4.60;6.70;0.49;0.08;269.30;125.60;33.10;33.10;;;;;;;;;;;;;;;;;;;;;;;;;;;;;;;;;;;;;;;;;;
2009-12-13 12:00:00;0.93;1.18;1.60;1.08;0.67;1.31;6.10;6.80;4.60;6.50;13.20;0.92;1.02;0.044;0.214;1.20;344;0.042;3.035;0.18;1.09;11.40;4.70;7.10;0.52;0.12;258.70;138.80;30.00;32.40;;;;;;;;;;;;;;;;;;;;;;;;;;;;;;;;;;;;;;;;;;
2009-12-13 12:30:00;0.95;1.18;1.76;1.09;0.69;1.22;6.30;6.70;4.90;4.60;11.70;0.97;0.97;0.045;0.215;1.10;327;0.131;3.028;0.03;1.07;11.80;4.70;7.10;0.53;0.17;260.80;142.10;28.70;33.10;;;;;;;;;;;;;;;;;;;;;;;;;;;;;;;;;;;;;;;;;;
2009-12-13 13:00:00;0.89;1.08;1.42;1.03;0.64;1.17;6.30;6.50;4.70;5.00;12.70;0.72;0.81;0.044;0.165;1.20;339;0.003;2.786;0.09;1.02;11.80;4.70;7.20;0.55;0.17;264.80;148.20;30.40;34.50;;;;;;;;;;;;;;;;;;;;;;;;;;;;;;;;;;;;;;;;;;
2009-12-13 13:30:00;0.93;1.13;1.50;1.04;0.66;1.27;7.00;8.10;5.10;14.60;14.60;0.88;0.76;0.043;0.184;1.10;310;0.093;2.820;0.19;1.04;12.20;4.90;7.60;0.56;0.20;264.00;159.10;30.70;33.10;;;;;;;;;;;;;;;;;;;;;;;;;;;;;;;;;;;;;;;;;;
2009-12-13 14:00:00;0.88;1.09;1.33;1.04;0.63;1.21;6.30;7.70;4.40;10.00;12.70;0.86;0.84;0.055;0.280;1.00;358;0.092;2.836;0.10;1.03;11.80;4.60;7.30;0.57;0.16;261.50;152.60;36.10;34.90;;;;;;;;;;;;;;;;;;;;;;;;;;;;;;;;;;;;;;;;;;
2009-12-13 14:30:00;0.85;1.09;1.38;1.00;0.61;1.23;5.30;6.20;4.20;7.30;11.10;0.88;0.83;0.054;0.194;1.00;382;0.072;3.171;0.19;0.99;11.40;4.20;6.50;0.51;0.06;259.50;125.20;39.50;34.80;;;;;;;;;;;;;;;;;;;;;;;;;;;;;;;;;;;;;;;;;;
2009-12-13 15:00:00;0.92;1.15;1.49;1.07;0.66;1.26;5.20;6.00;4.10;4.30;12.20;0.99;0.82;0.052;0.186;1.20;384;0.069;3.045;0.13;1.06;11.80;4.20;6.30;0.49;0.16;261.60;114.80;35.50;33.10;;;;;;;;;;;;;;;;;;;;;;;;;;;;;;;;;;;;;;;;;;
2009-12-13 15:30:00;1.00;1.21;1.56;1.13;0.72;1.35;5.40;5.50;4.30;5.60;11.40;0.97;0.86;0.053;0.230;1.10;368;0.114;2.885;0.04;1.10;11.80;4.20;6.20;0.47;0.17;267.70;103.40;39.10;35.90;;;;;;;;;;;;;;;;;;;;;;;;;;;;;;;;;;;;;;;;;;
2009-12-13 16:00:00;0.99;1.19;1.42;1.14;0.72;1.31;4.90;4.80;4.00;6.90;12.90;0.98;0.90;0.062;0.447;1.00;396;0.083;2.895;0.19;1.12;4.60;4.00;5.60;0.43;0.11;117.10;100.00;25.50;37.90;;;;;;;;;;;;;;;;;;;;;;;;;;;;;;;;;;;;;;;;;;
2009-12-13 16:30:00;1.23;1.52;2.07;1.41;0.88;1.71;4.80;4.80;4.10;4.80;10.90;1.36;1.08;0.067;0.252;1.00;387;0.109;3.014;0.22;1.38;4.40;4.20;5.60;0.40;0.22;93.30;88.10;21.90;33.90;;;;;;;;;;;;;;;;;;;;;;;;;;;;;;;;;;;;;;;;;;
2009-12-13 17:00:00;1.29;1.60;2.25;1.47;0.94;1.73;5.00;4.70;4.20;4.70;10.70;1.26;1.24;0.059;0.321;0.90;376;0.090;2.916;0.26;1.46;4.60;4.30;5.50;0.38;0.30;86.10;79.80;24.30;35.60;;;;;;;;;;;;;;;;;;;;;;;;;;;;;;;;;;;;;;;;;;
2009-12-13 17:30:00;1.34;1.73;2.63;1.51;0.96;2.00;5.10;5.00;4.30;4.70;12.40;1.85;1.29;0.063;0.266;0.90;371;0.144;3.440;0.23;1.50;4.70;4.40;5.70;0.39;0.27;83.50;82.90;24.90;33.80;;;;;;;;;;;;;;;;;;;;;;;;;;;;;;;;;;;;;;;;;;
2009-12-13 18:00:00;1.14;1.42;2.06;1.29;0.81;1.56;4.80;4.70;4.10;5.30;12.90;1.43;0.99;0.056;0.255;1.10;389;0.130;3.101;0.20;1.25;4.50;4.10;5.50;0.39;0.24;87.50;80.80;30.60;38.20;;;;;;;;;;;;;;;;;;;;;;;;;;;;;;;;;;;;;;;;;;
2009-12-13 18:30:00;1.02;1.24;1.54;1.18;0.74;1.38;4.90;5.10;4.10;4.10;11.20;0.93;1.05;0.057;0.213;1.90;388;0.049;2.845;0.21;1.18;4.40;4.10;5.50;0.41;0.18;92.90;77.80;26.20;37.10;;;;;;;;;;;;;;;;;;;;;;;;;;;;;;;;;;;;;;;;;;
2009-12-13 19:00:00;1.01;1.22;1.70;1.17;0.73;1.33;5.00;5.10;4.20;4.70;12.10;0.84;0.93;0.052;0.248;1.20;380;0.130;2.833;0.09;1.16;12.20;4.20;6.10;0.45;0.11;275.20;83.70;38.30;37.20;;;;;;;;;;;;;;;;;;;;;;;;;;;;;;;;;;;;;;;;;;
2009-12-13 19:30:00;1.01;1.26;1.59;1.14;0.72;1.36;5.00;4.70;4.20;4.70;12.60;1.03;0.90;0.050;0.166;0.90;378;0.115;3.078;0.06;1.12;12.20;4.20;5.90;0.43;0.17;273.70;87.90;40.10;38.00;;;;;;;;;;;;;;;;;;;;;;;;;;;;;;;;;;;;;;;;;;
2009-12-13 20:00:00;0.96;1.20;1.73;1.08;0.69;1.32;5.00;4.80;4.10;4.10;12.20;1.20;1.10;0.054;0.269;1.20;391;0.055;3.352;0.10;1.08;12.20;4.10;5.80;0.44;0.09;276.30;79.20;37.10;40.50;;;;;;;;;;;;;;;;;;;;;;;;;;;;;;;;;;;;;;;;;;
2009-12-13 20:30:00;0.97;1.22;1.48;1.11;0.70;1.37;5.20;5.90;4.10;4.80;12.50;0.91;0.92;0.055;0.207;0.80;383;0.076;2.949;0.14;1.10;12.10;4.10;6.10;0.47;0.12;276.50;74.30;36.10;43.30;;;;;;;;;;;;;;;;;;;;;;;;;;;;;;;;;;;;;;;;;;
2009-12-13 21:00:00;1.01;1.23;1.59;1.16;0.74;1.38;4.80;4.60;4.10;4.30;10.50;1.02;1.05;0.054;0.182;1.10;390;0.079;2.926;0.11;1.13;4.70;4.00;5.40;0.40;0.15;111.10;88.70;27.10;41.30;;;;;;;;;;;;;;;;;;;;;;;;;;;;;;;;;;;;;;;;;;
2009-12-13 21:30:00;0.98;1.17;1.68;1.11;0.70;1.31;4.90;4.90;4.10;4.00;9.50;0.98;0.88;0.050;0.204;1.80;394;0.133;2.915;0.10;1.08;4.80;4.10;5.30;0.39;0.21;110.60;96.90;27.10;39.40;;;;;;;;;;;;;;;;;;;;;;;;;;;;;;;;;;;;;;;;;;
2009-12-13 22:00:00;1.01;1.24;1.80;1.15;0.74;1.37;5.00;5.10;4.30;4.80;9.40;0.96;1.09;0.048;0.171;1.00;371;0.095;2.852;0.24;1.14;5.10;4.20;5.50;0.40;0.21;109.20;102.90;21.90;35.40;;;;;;;;;;;;;;;;;;;;;;;;;;;;;;;;;;;;;;;;;;
2009-12-13 22:30:00;1.08;1.39;1.99;1.23;0.78;1.55;5.20;5.20;4.20;5.20;13.70;1.19;1.06;0.052;0.204;1.30;375;0.082;3.116;0.20;1.19;4.90;4.20;5.70;0.41;0.19;113.80;107.00;24.90;36.20;;;;;;;;;;;;;;;;;;;;;;;;;;;;;;;;;;;;;;;;;;
2009-12-13 23:30:00;1.08;1.37;1.90;1.23;0.78;1.54;4.90;4.90;4.20;5.90;10.50;1.15;0.91;0.053;0.173;1.80;375;0.206;3.161;0.16;1.20;4.90;4.20;5.60;0.41;0.13;115.40;104.90;22.20;36.50;;;;;;;;;;;;;;;;;;;;;;;;;;;;;;;;;;;;;;;;;;
2009-12-14 00:00:00;1.21;1.51;2.22;1.33;0.86;1.71;4.90;4.80;4.10;4.90;10.00;1.23;0.99;0.060;0.208;1.20;385;0.144;3.104;0.25;1.32;4.90;4.10;5.20;0.36;0.29;110.60;103.50;22.10;33.30;;;;;;;;;;;;;;;;;;;;;;;;;;;;;;;;;;;;;;;;;;
2009-12-14 00:30:00;1.19;1.47;1.97;1.33;0.85;1.72;5.10;4.90;4.20;4.80;10.80;1.13;1.08;0.058;0.228;1.10;378;0.065;2.970;0.21;1.29;4.90;4.20;5.40;0.38;0.26;111.60;101.90;17.20;32.50;;;;;;;;;;;;;;;;;;;;;;;;;;;;;;;;;;;;;;;;;;
2009-12-14 01:00:00;1.18;1.45;1.92;1.32;0.85;1.63;4.80;4.80;4.10;4.50;10.50;1.11;1.21;0.059;0.306;1.20;387;0.085;3.022;0.15;1.29;5.10;4.10;5.00;0.35;0.27;108.50;95.70;23.70;33.90;;;;;;;;;;;;;;;;;;;;;;;;;;;;;;;;;;;;;;;;;;
2009-12-14 01:30:00;1.17;1.44;1.84;1.34;0.86;1.57;4.80;4.80;4.20;4.10;9.40;1.19;1.07;0.055;0.160;2.10;380;0.146;2.946;0.27;1.31;4.70;4.10;5.10;0.35;0.33;97.20;94.00;20.80;33.70;;;;;;;;;;;;;;;;;;;;;;;;;;;;;;;;;;;;;;;;;;
2009-12-14 02:00:00;1.23;1.56;2.58;1.37;0.89;1.76;5.00;4.90;4.30;5.40;11.20;1.46;1.25;0.057;0.323;0.80;369;0.097;3.271;0.27;1.38;5.10;4.30;5.20;0.35;0.33;106.90;94.70;20.60;31.00;;;;;;;;;;;;;;;;;;;;;;;;;;;;;;;;;;;;;;;;;;
2009-12-14 02:30:00;1.13;1.36;1.93;1.27;0.82;1.49;5.00;5.10;4.20;4.30;10.20;1.03;0.92;0.055;0.307;0.80;374;0.120;2.718;0.16;1.26;4.90;4.20;5.30;0.37;0.27;104.70;93.60;22.00;32.60;;;;;;;;;;;;;;;;;;;;;;;;;;;;;;;;;;;;;;;;;;
2009-12-14 03:00:00;1.21;1.46;2.07;1.34;0.88;1.57;5.20;5.00;4.40;5.60;12.00;1.32;0.90;0.051;0.201;1.00;364;0.213;3.029;0.22;1.31;5.30;4.30;5.30;0.36;0.31;110.20;95.70;20.50;32.20;;;;;;;;;;;;;;;;;;;;;;;;;;;;;;;;;;;;;;;;;;
2009-12-14 03:30:00;1.10;1.38;1.98;1.23;0.79;1.49;4.80;4.70;4.10;5.10;9.60;1.08;0.98;0.058;0.262;1.00;385;0.088;3.015;0.21;1.20;5.10;4.10;5.10;0.36;0.33;105.10;94.80;23.30;33.60;;;;;;;;;;;;;;;;;;;;;;;;;;;;;;;;;;;;;;;;;;
2009-12-14 04:00:00;1.15;1.42;2.00;1.28;0.84;1.59;4.70;4.80;4.20;4.40;9.40;1.06;1.13;0.058;0.343;1.00;378;0.088;2.967;0.14;1.28;5.10;4.10;5.20;0.36;0.28;107.90;95.30;22.60;33.40;;;;;;;;;;;;;;;;;;;;;;;;;;;;;;;;;;;;;;;;;;
2009-12-14 04:30:00;1.07;1.35;1.98;1.21;0.77;1.45;4.70;5.00;4.10;4.20;9.80;1.03;0.95;0.056;0.252;1.00;390;0.038;2.949;0.20;1.19;4.90;4.00;5.10;0.37;0.30;105.40;97.30;25.40;34.00;;;;;;;;;;;;;;;;;;;;;;;;;;;;;;;;;;;;;;;;;;
2009-12-14 05:00:00;1.06;1.31;1.71;1.17;0.77;1.45;4.90;4.80;4.10;5.10;11.70;0.97;0.88;0.054;0.174;1.20;386;0.119;2.946;0.22;1.15;5.10;4.00;5.10;0.37;0.24;112.60;98.30;25.30;34.10;;;;;;;;;;;;;;;;;;;;;;;;;;;;;;;;;;;;;;;;;;
2009-12-14 05:30:00;1.03;1.28;1.57;1.15;0.73;1.42;4.70;4.70;4.00;4.70;10.30;1.06;1.02;0.056;0.270;0.90;399;0.025;3.088;0.17;1.14;4.90;4.10;5.00;0.35;0.31;112.40;99.80;22.30;33.60;;;;;;;;;;;;;;;;;;;;;;;;;;;;;;;;;;;;;;;;;;
2009-12-14 06:00:00;1.06;1.32;1.73;1.17;0.77;1.44;4.80;4.80;4.20;5.50;9.00;0.89;1.08;0.051;0.188;1.30;382;0.050;3.026;0.28;1.17;5.10;4.00;5.00;0.36;0.35;122.50;103.70;24.90;31.80;;;;;;;;;;;;;;;;;;;;;;;;;;;;;;;;;;;;;;;;;;
2009-12-14 06:30:00;1.00;1.23;1.70;1.15;0.72;1.36;4.50;4.70;3.90;4.70;8.00;0.91;0.96;0.064;0.398;0.90;410;0.137;2.874;0.16;1.13;4.70;3.90;4.80;0.35;0.31;106.00;98.90;22.80;34.20;;;;;;;;;;;;;;;;;;;;;;;;;;;;;;;;;;;;;;;;;;
2009-12-14 07:00:00;1.08;1.33;1.88;1.23;0.78;1.52;4.50;4.60;3.90;5.40;7.30;1.07;1.04;0.064;0.236;1.30;406;0.078;2.883;0.23;1.22;4.70;3.90;4.90;0.36;0.29;109.90;96.80;20.00;34.40;;;;;;;;;;;;;;;;;;;;;;;;;;;;;;;;;;;;;;;;;;
2009-12-14 07:30:00;1.01;1.28;1.66;1.14;0.72;1.52;4.60;4.60;3.90;5.30;10.50;1.02;0.88;0.057;0.185;1.00;408;0.109;3.087;0.21;1.09;5.10;3.90;4.90;0.36;0.26;114.50;94.50;25.20;35.80;;;;;;;;;;;;;;;;;;;;;;;;;;;;;;;;;;;;;;;;;;
2009-12-14 08:00:00;1.06;1.33;2.15;1.18;0.76;1.48;4.90;4.80;4.10;4.10;8.30;1.18;1.28;0.051;0.171;1.10;391;0.164;3.223;0.34;1.14;5.10;4.00;5.00;0.36;0.32;114.30;102.60;23.20;33.90;;;;;;;;;;;;;;;;;;;;;;;;;;;;;;;;;;;;;;;;;;
2009-12-14 08:30:00;0.98;1.20;1.49;1.10;0.70;1.34;4.70;4.70;3.90;3.80;8.80;0.82;0.85;0.053;0.142;1.10;406;0.054;2.908;0.32;1.09;4.90;3.90;4.90;0.36;0.29;114.50;99.60;21.60;34.10;;;;;;;;;;;;;;;;;;;;;;;;;;;;;;;;;;;;;;;;;;
2009-12-14 09:00:00;1.03;1.27;1.67;1.15;0.73;1.44;4.50;4.70;3.90;5.30;10.90;1.01;0.94;0.058;0.270;1.20;408;0.097;2.968;0.24;1.14;4.90;3.90;4.80;0.35;0.25;122.60;97.10;23.10;33.50;;;;;;;;;;;;;;;;;;;;;;;;;;;;;;;;;;;;;;;;;;
2009-12-14 09:30:00;0.99;1.30;1.84;1.12;0.71;1.48;4.60;4.70;4.00;3.90;10.50;1.06;0.90;0.052;0.284;1.10;400;0.095;3.184;0.27;1.11;4.60;3.90;4.80;0.34;0.31;109.00;97.20;24.60;34.20;;;;;;;;;;;;;;;;;;;;;;;;;;;;;;;;;;;;;;;;;;
2009-12-14 10:00:00;1.02;1.30;1.88;1.14;0.74;1.42;4.80;4.80;4.10;4.80;10.60;1.13;1.21;0.048;0.153;1.10;386;0.097;3.112;0.30;1.13;4.70;4.10;5.00;0.34;0.40;113.00;100.70;24.50;35.70;;;;;;;;;;;;;;;;;;;;;;;;;;;;;;;;;;;;;;;;;;
2009-12-14 10:30:00;0.95;1.17;1.63;1.07;0.69;1.26;4.60;4.70;4.00;4.60;7.00;0.96;0.74;0.053;0.382;1.00;396;0.111;2.850;0.20;1.07;4.90;4.00;4.90;0.34;0.33;110.60;102.60;24.90;33.40;;;;;;;;;;;;;;;;;;;;;;;;;;;;;;;;;;;;;;;;;;
2009-12-14 11:00:00;0.87;1.08;1.39;1.00;0.64;1.17;4.70;4.50;4.00;4.60;9.60;0.85;0.77;0.049;0.225;1.00;399;0.104;2.830;0.17;0.98;5.10;4.00;4.90;0.36;0.30;115.10;100.80;21.90;34.50;;;;;;;;;;;;;;;;;;;;;;;;;;;;;;;;;;;;;;;;;;
2009-12-14 11:30:00;0.95;1.19;1.79;1.06;0.67;1.29;4.70;4.70;4.00;3.10;10.00;0.94;0.85;0.048;0.142;0.90;397;0.173;2.992;0.25;1.05;4.90;4.10;5.10;0.36;0.31;111.90;101.00;19.30;32.80;;;;;;;;;;;;;;;;;;;;;;;;;;;;;;;;;;;;;;;;;;
2009-12-14 12:00:00;0.88;1.15;1.70;1.00;0.63;1.28;4.60;4.70;3.80;5.40;8.80;1.02;0.89;0.053;0.247;1.00;410;0.133;3.252;0.22;0.97;5.10;3.90;5.00;0.37;0.15;118.50;92.00;23.30;38.00;;;;;;;;;;;;;;;;;;;;;;;;;;;;;;;;;;;;;;;;;;
2009-12-14 12:30:00;0.90;1.13;1.46;0.99;0.64;1.29;4.50;4.40;3.80;4.00;9.50;0.91;0.78;0.059;0.267;0.90;426;0.128;3.162;0.08;0.97;4.70;3.80;4.70;0.36;0.17;105.20;82.70;22.50;37.70;;;;;;;;;;;;;;;;;;;;;;;;;;;;;;;;;;;;;;;;;;
2009-12-14 13:00:00;0.80;1.01;1.44;0.93;0.59;1.13;4.30;4.40;3.80;4.40;8.90;0.84;0.75;0.051;0.273;1.10;415;0.179;2.989;0.12;0.91;5.10;3.70;4.80;0.36;0.14;112.60;75.70;27.90;39.50;;;;;;;;;;;;;;;;;;;;;;;;;;;;;;;;;;;;;;;;;;
2009-12-14 13:30:00;0.77;0.94;1.32;0.89;0.56;1.09;4.10;4.10;3.60;5.80;8.40;0.76;0.78;0.053;0.271;0.90;446;0.072;2.996;0.13;0.86;3.70;3.60;4.60;0.36;0.14;109.00;72.20;26.90;41.60;;;;;;;;;;;;;;;;;;;;;;;;;;;;;;;;;;;;;;;;;;
2009-12-14 14:00:00;0.77;0.93;1.58;0.91;0.57;1.00;4.30;4.30;3.70;3.80;9.80;0.70;0.88;0.053;0.161;0.90;433;0.069;2.779;0.06;0.87;5.10;3.60;4.80;0.38;0.09;113.30;75.10;24.50;39.20;;;;;;;;;;;;;;;;;;;;;;;;;;;;;;;;;;;;;;;;;;
2009-12-14 14:30:00;0.77;0.95;1.36;0.90;0.56;1.08;4.30;4.50;3.70;3.80;9.00;0.91;0.71;0.051;0.196;0.90;429;0.102;2.929;0.10;0.88;4.90;3.70;4.80;0.38;0.09;110.90;73.80;24.70;38.70;;;;;;;;;;;;;;;;;;;;;;;;;;;;;;;;;;;;;;;;;;
2009-12-14 15:00:00;0.80;1.00;1.49;0.93;0.58;1.07;4.20;4.40;3.70;3.40;8.10;0.93;0.68;0.052;0.154;1.30;437;0.165;2.941;0.07;0.91;4.90;3.70;4.70;0.37;0.13;116.60;72.50;23.00;39.30;;;;;;;;;;;;;;;;;;;;;;;;;;;;;;;;;;;;;;;;;;
2009-12-14 15:30:00;0.79;0.98;1.43;0.92;0.58;1.12;4.60;4.40;3.80;5.20;10.20;0.81;0.76;0.053;0.225;0.80;415;0.120;2.953;0.18;0.90;4.90;3.80;5.10;0.39;0.10;111.20;74.00;22.60;37.90;;;;;;;;;;;;;;;;;;;;;;;;;;;;;;;;;;;;;;;;;;
2009-12-14 16:00:00;0.78;1.00;1.28;0.89;0.56;1.07;4.30;4.30;3.60;4.00;9.40;0.87;0.76;0.050;0.152;1.10;438;0.109;3.183;0.17;0.87;4.70;3.60;4.60;0.35;0.17;111.90;77.30;26.80;39.40;;;;;;;;;;;;;;;;;;;;;;;;;;;;;;;;;;;;;;;;;;
2009-12-14 16:30:00;0.78;0.97;1.33;0.90;0.57;1.11;4.30;4.10;3.70;4.90;9.70;0.79;0.82;0.050;0.162;1.40;436;0.083;3.034;0.23;0.88;4.40;3.60;4.70;0.36;0.16;101.20;72.60;21.60;40.00;;;;;;;;;;;;;;;;;;;;;;;;;;;;;;;;;;;;;;;;;;
2009-12-14 17:00:00;0.80;1.02;1.50;0.92;0.57;1.13;4.10;4.00;3.50;4.00;9.30;0.76;0.86;0.060;0.274;0.90;451;0.055;2.989;0.22;0.90;4.40;3.70;4.60;0.35;0.24;106.00;77.40;24.20;39.10;;;;;;;;;;;;;;;;;;;;;;;;;;;;;;;;;;;;;;;;;;
2009-12-14 17:30:00;0.86;1.06;1.87;0.97;0.62;1.10;4.30;4.10;3.70;4.40;12.40;1.02;0.86;0.052;0.144;0.80;428;0.087;3.117;0.20;0.95;4.30;3.70;4.60;0.33;0.27;106.10;75.80;25.70;38.50;;;;;;;;;;;;;;;;;;;;;;;;;;;;;;;;;;;;;;;;;;
2009-12-14 18:00:00;0.79;0.98;1.47;0.91;0.57;1.13;4.10;4.40;3.60;4.10;8.50;0.92;0.72;0.055;0.231;1.10;445;0.134;2.972;0.22;0.89;4.50;3.70;4.60;0.34;0.25;108.40;81.70;29.30;39.90;;;;;;;;;;;;;;;;;;;;;;;;;;;;;;;;;;;;;;;;;;
2009-12-14 18:30:00;0.81;1.03;1.56;0.92;0.58;1.13;4.00;4.10;3.60;3.80;7.10;1.00;0.76;0.055;0.266;1.20;447;0.034;3.224;0.24;0.90;4.20;3.60;4.50;0.33;0.25;100.50;74.00;27.70;39.60;;;;;;;;;;;;;;;;;;;;;;;;;;;;;;;;;;;;;;;;;;
2009-12-14 19:00:00;0.76;0.93;1.47;0.88;0.56;0.99;4.20;4.20;3.70;5.00;12.00;1.00;0.69;0.054;0.287;0.90;434;0.149;2.940;0.18;0.86;4.40;3.60;4.80;0.37;0.21;106.20;75.20;25.80;40.30;;;;;;;;;;;;;;;;;;;;;;;;;;;;;;;;;;;;;;;;;;
2009-12-14 19:30:00;0.76;0.95;1.52;0.86;0.54;1.05;4.10;4.20;3.70;4.60;11.50;0.87;0.65;0.054;0.211;1.10;436;0.136;3.073;0.19;0.85;4.20;3.70;4.70;0.35;0.25;111.60;86.90;22.40;38.90;;;;;;;;;;;;;;;;;;;;;;;;;;;;;;;;;;;;;;;;;;
2009-12-14 20:00:00;0.75;0.94;1.48;0.85;0.53;1.03;4.00;4.00;3.50;4.10;8.50;0.79;0.69;0.056;0.298;1.10;455;0.062;3.090;0.20;0.84;4.40;3.60;4.50;0.34;0.21;114.00;85.30;22.70;38.20;;;;;;;;;;;;;;;;;;;;;;;;;;;;;;;;;;;;;;;;;;
2009-12-14 20:30:00;0.69;0.85;1.24;0.82;0.51;0.95;4.50;4.70;3.70;4.70;10.80;0.77;0.61;0.047;0.160;1.10;430;0.147;2.764;0.07;0.79;4.40;3.70;5.10;0.41;0.12;110.10;89.10;27.80;41.70;;;;;;;;;;;;;;;;;;;;;;;;;;;;;;;;;;;;;;;;;;
2009-12-14 21:00:00;0.68;0.85;1.27;0.79;0.49;0.95;4.20;4.40;3.60;3.10;10.20;0.63;0.69;0.048;0.157;0.90;439;0.085;2.944;0.21;0.76;4.40;3.60;4.90;0.39;0.15;115.20;90.70;27.80;40.60;;;;;;;;;;;;;;;;;;;;;;;;;;;;;;;;;;;;;;;;;;
2009-12-14 21:30:00;0.65;0.81;1.07;0.75;0.47;0.87;4.20;4.40;3.60;4.90;9.50;0.79;0.70;0.045;0.174;1.20;437;0.002;3.015;0.18;0.73;4.40;3.60;5.00;0.40;0.14;109.80;100.10;24.40;39.50;;;;;;;;;;;;;;;;;;;;;;;;;;;;;;;;;;;;;;;;;;
2009-12-14 22:00:00;0.61;0.76;1.26;0.73;0.45;0.82;4.20;4.30;3.60;4.20;10.00;0.69;0.67;0.045;0.199;0.90;443;0.091;3.031;0.13;0.71;4.40;3.60;5.20;0.42;0.12;115.20;98.70;29.00;41.40;;;;;;;;;;;;;;;;;;;;;;;;;;;;;;;;;;;;;;;;;;
2009-12-14 22:30:00;0.64;0.78;1.00;0.75;0.47;0.82;4.50;4.60;3.70;5.60;10.70;0.62;0.58;0.044;0.190;1.00;425;0.054;2.895;0.16;0.73;4.10;3.70;5.20;0.41;0.16;111.40;98.60;28.10;42.90;;;;;;;;;;;;;;;;;;;;;;;;;;;;;;;;;;;;;;;;;;
2009-12-14 23:00:00;0.62;0.77;1.11;0.74;0.45;0.88;4.30;4.40;3.70;3.90;9.40;0.66;0.56;0.046;0.196;1.00;433;0.189;3.048;0.10;0.72;4.20;3.70;5.30;0.42;0.16;114.20;107.50;23.40;40.40;;;;;;;;;;;;;;;;;;;;;;;;;;;;;;;;;;;;;;;;;;
2009-12-14 23:30:00;0.63;0.78;1.20;0.72;0.46;0.83;4.50;4.30;4.00;4.30;12.40;0.68;0.59;0.040;0.221;1.10;401;0.107;3.200;0.15;0.70;4.20;3.80;5.40;0.42;0.15;118.80;110.10;33.90;41.60;;;;;;;;;;;;;;;;;;;;;;;;;;;;;;;;;;;;;;;;;;
2009-12-15 00:00:00;0.64;0.79;1.14;0.75;0.47;0.84;4.50;4.70;3.80;4.50;10.50;0.66;0.62;0.043;0.169;1.00;412;0.076;3.200;0.11;0.74;4.40;3.80;5.60;0.45;0.08;113.90;109.80;32.70;41.00;;;;;;;;;;;;;;;;;;;;;;;;;;;;;;;;;;;;;;;;;;
2009-12-15 00:30:00;0.70;0.86;1.23;0.80;0.50;0.94;4.90;4.80;4.00;4.60;12.90;0.68;0.64;0.043;0.195;1.00;394;0.013;3.081;0.18;0.79;4.70;4.00;5.70;0.44;0.15;116.80;113.40;29.40;37.80;;;;;;;;;;;;;;;;;;;;;;;;;;;;;;;;;;;;;;;;;;
2009-12-15 01:00:00;0.67;0.81;1.04;0.79;0.49;0.86;5.30;5.50;4.20;5.00;12.60;0.63;0.63;0.036;0.106;1.50;376;0.082;2.719;0.07;0.77;4.60;4.10;6.20;0.47;0.15;114.30;116.80;28.90;38.80;;;;;;;;;;;;;;;;;;;;;;;;;;;;;;;;;;;;;;;;;;
2009-12-15 01:30:00;0.69;0.82;1.04;0.79;0.50;0.87;5.60;5.60;4.40;4.70;12.70;0.62;0.62;0.036;0.104;1.40;361;0.067;2.817;0.18;0.77;4.60;4.30;6.40;0.48;0.14;115.10;124.10;29.60;37.50;;;;;;;;;;;;;;;;;;;;;;;;;;;;;;;;;;;;;;;;;;
2009-12-15 02:00:00;0.68;0.83;1.20;0.77;0.49;0.92;5.60;5.80;4.50;4.10;13.80;0.61;0.64;0.032;0.172;0.90;353;-0.042;2.820;0.12;0.77;4.60;4.40;6.60;0.48;0.17;114.60;125.40;28.10;37.60;;;;;;;;;;;;;;;;;;;;;;;;;;;;;;;;;;;;;;;;;;
2009-12-15 02:30:00;0.67;0.82;1.15;0.76;0.48;0.90;5.40;6.20;4.40;4.60;14.10;0.76;0.65;0.031;0.082;1.20;362;0.027;2.973;0.23;0.75;4.60;4.30;6.40;0.47;0.19;111.70;118.60;24.10;36.10;;;;;;;;;;;;;;;;;;;;;;;;;;;;;;;;;;;;;;;;;;
2009-12-15 03:00:00;0.67;0.81;1.16;0.77;0.49;0.86;6.00;6.60;4.70;9.00;12.70;0.65;0.66;0.029;0.079;2.10;341;0.089;2.804;0.13;0.76;13.00;4.60;7.20;0.52;0.22;280.60;133.70;26.80;36.30;;;;;;;;;;;;;;;;;;;;;;;;;;;;;;;;;;;;;;;;;;
2009-12-15 03:30:00;0.65;0.77;1.18;0.74;0.47;0.82;6.30;7.20;4.90;11.80;15.80;0.66;0.68;0.030;0.120;1.10;327;0.055;2.997;0.10;0.74;13.40;4.90;7.90;0.57;0.27;286.70;172.20;23.60;36.30;;;;;;;;;;;;;;;;;;;;;;;;;;;;;;;;;;;;;;;;;;
2009-12-15 04:00:00;0.64;0.79;1.26;0.73;0.47;0.87;6.80;8.00;5.30;12.40;15.80;0.67;0.59;0.025;0.094;1.10;301;0.104;3.053;0.20;0.72;12.50;4.90;7.90;0.56;0.33;282.80;173.60;23.80;36.50;;;;;;;;;;;;;;;;;;;;;;;;;;;;;;;;;;;;;;;;;;
2009-12-15 04:30:00;0.62;0.75;1.08;0.70;0.45;0.81;6.50;6.60;4.90;12.60;13.00;0.57;0.58;0.024;0.067;1.90;323;0.037;2.774;0.18;0.68;13.40;4.70;7.40;0.52;0.30;283.20;147.70;25.90;36.30;;;;;;;;;;;;;;;;;;;;;;;;;;;;;;;;;;;;;;;;;;
2009-12-15 05:00:00;0.60;0.74;1.05;0.69;0.43;0.82;6.70;8.10;4.90;10.20;14.30;0.64;0.57;0.026;0.072;0.90;326;-0.018;2.928;0.05;0.69;13.50;4.90;8.00;0.56;0.39;283.60;188.20;23.10;36.60;;;;;;;;;;;;;;;;;;;;;;;;;;;;;;;;;;;;;;;;;;
2009-12-15 05:30:00;0.60;0.73;0.98;0.69;0.43;0.82;6.20;8.10;5.00;11.50;15.40;0.58;0.58;0.024;0.090;1.00;322;0.053;2.982;0.15;0.70;13.50;5.00;8.10;0.57;0.40;285.30;203.50;21.80;38.20;;;;;;;;;;;;;;;;;;;;;;;;;;;;;;;;;;;;;;;;;;
2009-12-15 06:00:00;0.60;0.77;0.99;0.69;0.43;0.87;6.70;8.70;5.00;11.40;14.00;0.62;0.59;0.028;0.141;1.00;321;0.029;3.010;0.20;0.69;13.50;5.00;8.10;0.57;0.41;286.10;208.60;22.90;37.80;;;;;;;;;;;;;;;;;;;;;;;;;;;;;;;;;;;;;;;;;;
2009-12-15 06:30:00;0.59;0.75;1.04;0.70;0.42;0.85;6.80;7.30;4.90;13.70;13.70;0.62;0.57;0.027;0.119;1.00;325;0.049;3.015;0.29;0.68;14.00;5.00;8.50;0.60;0.48;283.40;210.10;21.60;37.40;;;;;;;;;;;;;;;;;;;;;;;;;;;;;;;;;;;;;;;;;;
2009-12-15 07:00:00;0.60;0.75;0.91;0.71;0.43;0.86;6.90;9.00;5.10;11.10;14.90;0.56;0.59;0.026;0.089;1.30;310;0.007;2.922;0.16;0.70;13.50;5.00;8.60;0.62;0.53;288.20;238.20;20.80;36.00;;;;;;;;;;;;;;;;;;;;;;;;;;;;;;;;;;;;;;;;;;
2009-12-15 07:30:00;0.57;0.73;1.12;0.69;0.41;0.82;6.40;8.10;4.80;8.60;14.30;0.56;0.58;0.030;0.124;0.90;329;0.026;3.006;0.20;0.68;13.50;4.80;8.20;0.59;0.50;292.10;219.00;23.50;38.80;;;;;;;;;;;;;;;;;;;;;;;;;;;;;;;;;;;;;;;;;;
2009-12-15 08:00:00;0.64;0.81;1.07;0.75;0.45;0.92;8.50;10.30;5.50;13.40;14.50;0.60;0.57;0.027;0.102;1.00;291;0.078;2.879;0.21;0.75;13.60;5.50;9.70;0.68;0.61;287.40;257.70;18.60;33.30;;;;;;;;;;;;;;;;;;;;;;;;;;;;;;;;;;;;;;;;;;
2009-12-15 08:30:00;0.59;0.73;0.93;0.69;0.42;0.80;8.00;10.30;5.40;12.70;16.50;0.55;0.61;0.026;0.062;1.40;293;0.098;2.738;0.12;0.68;14.00;5.10;9.10;0.64;0.50;288.30;250.20;21.10;36.60;;;;;;;;;;;;;;;;;;;;;;;;;;;;;;;;;;;;;;;;;;
2009-12-15 09:00:00;0.56;0.71;0.90;0.67;0.41;0.83;7.70;10.70;5.30;12.90;14.10;0.50;0.54;0.027;0.124;1.00;297;-0.019;2.764;0.18;0.66;13.90;5.10;9.20;0.66;0.54;285.80;253.20;25.20;37.90;;;;;;;;;;;;;;;;;;;;;;;;;;;;;;;;;;;;;;;;;;
2009-12-15 09:30:00;0.55;0.68;1.07;0.63;0.39;0.75;8.50;11.10;5.60;12.70;15.30;0.57;0.54;0.027;0.190;0.90;279;-0.008;2.878;0.27;0.62;13.10;5.30;9.60;0.68;0.57;284.20;253.20;29.50;41.50;;;;;;;;;;;;;;;;;;;;;;;;;;;;;;;;;;;;;;;;;;
2009-12-15 10:00:00;0.56;0.74;1.21;0.69;0.40;0.87;8.70;11.70;5.80;14.60;14.60;0.65;0.56;0.023;0.124;1.20;269;-0.025;2.863;0.18;0.67;14.00;5.80;10.50;0.72;0.57;285.10;264.10;25.60;37.90;;;;;;;;;;;;;;;;;;;;;;;;;;;;;;;;;;;;;;;;;;
2009-12-15 10:30:00;0.56;0.71;0.99;0.65;0.39;0.78;9.40;11.60;6.00;12.60;16.20;0.62;0.47;0.023;0.083;1.30;263;0.141;2.905;0.14;0.63;13.10;5.80;10.20;0.70;0.57;283.80;258.10;26.80;40.30;;;;;;;;;;;;;;;;;;;;;;;;;;;;;;;;;;;;;;;;;;
2009-12-15 11:00:00;0.61;0.79;1.12;0.71;0.42;0.90;9.70;12.40;6.10;11.00;16.10;0.58;0.77;0.023;0.090;1.50;259;-0.050;3.057;0.21;0.69;13.60;6.20;10.90;0.72;0.56;283.70;265.20;27.40;39.20;;;;;;;;;;;;;;;;;;;;;;;;;;;;;;;;;;;;;;;;;;
2009-12-15 11:30:00;0.62;0.79;1.12;0.70;0.43;0.91;10.90;12.50;6.60;12.30;16.40;0.64;0.57;0.023;0.135;0.80;238;0.034;2.739;0.29;0.69;13.60;6.50;11.10;0.74;0.60;282.80;267.60;24.60;36.10;;;;;;;;;;;;;;;;;;;;;;;;;;;;;;;;;;;;;;;;;;
2009-12-15 12:00:00;0.61;0.79;1.14;0.70;0.42;0.88;9.50;11.80;6.00;13.70;15.40;0.68;0.53;0.029;0.140;1.20;266;0.050;2.944;0.29;0.68;13.20;6.10;10.70;0.74;0.57;284.20;267.30;25.00;36.80;;;;;;;;;;;;;;;;;;;;;;;;;;;;;;;;;;;;;;;;;;
2009-12-15 12:30:00;0.58;0.73;0.91;0.67;0.41;0.81;9.10;11.80;5.70;13.00;15.10;0.54;0.60;0.033;0.127;1.00;280;-0.069;2.667;0.12;0.67;13.10;5.50;10.30;0.76;0.59;285.40;264.90;22.90;35.30;;;;;;;;;;;;;;;;;;;;;;;;;;;;;;;;;;;;;;;;;;
2009-12-15 13:00:00;0.74;0.93;1.15;0.84;0.52;1.02;10.60;12.70;6.90;15.00;17.00;0.66;0.67;0.025;0.143;1.30;230;-0.041;2.790;0.39;0.83;14.00;6.40;11.50;0.79;0.63;282.50;271.80;20.50;30.60;;;;;;;;;;;;;;;;;;;;;;;;;;;;;;;;;;;;;;;;;;
2009-12-15 13:30:00;0.64;0.81;1.07;0.75;0.45;0.88;9.20;11.60;5.60;12.50;15.40;0.58;0.65;0.037;0.434;0.90;283;-0.046;2.876;0.16;0.74;13.60;5.60;10.50;0.77;0.58;285.20;265.80;29.50;36.50;;;;;;;;;;;;;;;;;;;;;;;;;;;;;;;;;;;;;;;;;;
2009-12-15 14:00:00;0.72;0.90;1.28;0.81;0.50;0.96;10.70;12.60;6.50;16.10;16.10;0.61;0.76;0.030;0.111;1.40;246;-0.084;2.805;0.23;0.80;13.60;5.90;11.00;0.80;0.61;282.20;269.00;25.90;34.00;;;;;;;;;;;;;;;;;;;;;;;;;;;;;;;;;;;;;;;;;;
2009-12-15 14:30:00;0.66;0.89;1.47;0.80;0.47;0.97;8.40;12.50;5.30;14.60;16.50;0.69;0.81;0.041;0.120;1.20;297;0.047;3.143;0.33;0.77;14.10;5.10;10.50;0.82;0.55;280.00;261.80;25.90;34.80;;;;;;;;;;;;;;;;;;;;;;;;;;;;;;;;;;;;;;;;;;
2009-12-15 15:00:00;0.82;1.01;1.34;0.89;0.57;1.22;12.10;12.80;7.00;12.70;17.40;0.68;0.71;0.042;0.155;1.10;224;0.054;2.704;0.24;0.89;14.00;6.10;11.60;0.84;0.69;279.40;269.90;21.20;29.40;;;;;;;;;;;;;;;;;;;;;;;;;;;;;;;;;;;;;;;;;;
2009-12-15 15:30:00;0.69;0.90;1.19;0.79;0.48;0.99;10.90;13.20;6.50;12.90;16.90;0.64;0.63;0.027;0.097;1.20;244;0.051;2.967;0.34;0.78;13.50;6.40;11.60;0.81;0.62;279.40;267.30;29.20;33.50;;;;;;;;;;;;;;;;;;;;;;;;;;;;;;;;;;;;;;;;;;
2009-12-15 16:00:00;0.75;1.00;1.35;0.85;0.51;1.09;11.70;13.60;6.90;14.00;17.10;0.68;0.73;0.034;0.131;1.00;229;0.043;3.050;0.54;0.87;14.00;7.00;12.20;0.82;0.70;282.70;273.60;19.80;29.20;;;;;;;;;;;;;;;;;;;;;;;;;;;;;;;;;;;;;;;;;;
2009-12-15 16:30:00;0.70;0.95;1.28;0.81;0.48;1.06;10.20;12.40;6.20;14.30;15.50;0.76;0.75;0.032;0.132;1.10;258;0.042;3.148;0.36;0.80;13.10;6.20;11.50;0.82;0.63;284.10;270.30;30.20;33.90;;;;;;;;;;;;;;;;;;;;;;;;;;;;;;;;;;;;;;;;;;
2009-12-15 17:00:00;0.78;1.03;1.31;0.90;0.53;1.18;11.60;13.00;7.30;13.80;16.80;0.65;0.73;0.023;0.118;1.00;216;0.035;2.936;0.47;0.88;12.80;7.10;12.00;0.79;0.68;281.00;273.80;18.80;27.10;;;;;;;;;;;;;;;;;;;;;;;;;;;;;;;;;;;;;;;;;;
2009-12-15 17:30:00;0.81;1.04;1.32;0.90;0.55;1.24;12.20;13.00;7.60;11.70;16.90;0.64;0.71;0.032;0.169;0.80;209;-0.043;2.904;0.42;0.89;13.10;7.40;12.00;0.76;0.67;277.00;270.50;19.40;27.70;;;;;;;;;;;;;;;;;;;;;;;;;;;;;;;;;;;;;;;;;;
2009-12-15 18:00:00;0.82;1.03;1.56;0.87;0.57;1.17;12.80;13.40;8.10;14.50;18.30;0.77;0.79;0.028;0.155;1.10;197;-0.012;2.823;0.52;0.86;13.90;7.20;12.10;0.80;0.66;276.50;267.60;22.90;31.00;;;;;;;;;;;;;;;;;;;;;;;;;;;;;;;;;;;;;;;;;;
2009-12-15 18:30:00;0.83;1.03;1.23;0.90;0.56;1.12;12.40;13.10;7.80;11.80;17.50;0.68;0.65;0.026;0.286;0.90;202;-0.037;2.697;0.43;0.89;13.20;7.40;12.30;0.78;0.64;277.90;268.60;20.40;29.60;;;;;;;;;;;;;;;;;;;;;;;;;;;;;;;;;;;;;;;;;;
2009-12-15 19:00:00;0.77;1.05;1.48;0.87;0.52;1.23;11.70;12.70;6.90;14.70;16.60;0.75;0.73;0.026;0.148;1.00;230;0.068;3.186;0.59;0.87;13.60;7.30;12.10;0.78;0.67;275.90;269.10;19.20;28.30;;;;;;;;;;;;;;;;;;;;;;;;;;;;;;;;;;;;;;;;;;
2009-12-15 19:30:00;0.74;0.98;1.33;0.83;0.51;1.12;11.50;13.20;7.20;15.00;15.70;0.69;0.68;0.025;0.129;0.90;220;-0.070;3.055;0.43;0.83;13.20;6.90;12.00;0.80;0.64;279.30;267.70;26.40;33.00;;;;;;;;;;;;;;;;;;;;;;;;;;;;;;;;;;;;;;;;;;
2009-12-15 20:00:00;0.70;0.90;1.13;0.80;0.47;1.01;11.20;12.80;6.50;12.00;17.80;0.64;0.75;0.038;0.263;0.90;242;-0.034;3.038;0.20;0.77;13.60;6.50;11.90;0.83;0.63;277.80;264.60;24.90;33.50;;;;;;;;;;;;;;;;;;;;;;;;;;;;;;;;;;;;;;;;;;
2009-12-15 20:30:00;0.78;1.02;1.32;0.85;0.53;1.11;12.10;13.00;7.50;14.10;17.30;0.72;0.67;0.026;0.103;1.30;212;-0.011;2.898;0.34;0.83;14.00;6.90;11.90;0.79;0.62;283.50;270.00;24.80;31.50;;;;;;;;;;;;;;;;;;;;;;;;;;;;;;;;;;;;;;;;;;
2009-12-15 21:00:00;0.70;0.94;1.26;0.84;0.48;1.02;10.30;12.50;6.10;14.00;14.60;0.60;0.80;0.042;0.179;0.80;256;0.003;2.875;0.28;0.81;13.60;6.30;11.80;0.86;0.62;280.00;265.30;26.30;35.30;;;;;;;;;;;;;;;;;;;;;;;;;;;;;;;;;;;;;;;;;;
2009-12-15 21:30:00;0.73;0.96;1.30;0.85;0.51;1.06;11.00;13.30;6.60;12.90;16.00;0.72;0.65;0.040;0.171;1.10;244;0.055;2.833;0.25;0.85;14.00;6.60;12.30;0.86;0.60;279.90;266.50;24.90;32.90;;;;;;;;;;;;;;;;;;;;;;;;;;;;;;;;;;;;;;;;;;
2009-12-15 22:00:00;0.83;1.07;1.36;0.94;0.57;1.21;12.30;13.60;7.50;14.70;17.80;0.79;0.69;0.033;0.141;1.00;211;0.021;2.782;0.39;0.93;14.10;7.40;12.60;0.82;0.61;277.80;268.10;22.90;29.60;;;;;;;;;;;;;;;;;;;;;;;;;;;;;;;;;;;;;;;;;;
2009-12-15 22:30:00;0.80;1.02;1.37;0.90;0.55;1.14;13.10;13.50;8.20;14.60;17.90;0.73;0.64;0.024;0.163;1.10;194;-0.012;2.736;0.41;0.91;15.10;8.00;13.00;0.78;0.62;273.20;265.90;20.10;27.40;;;;;;;;;;;;;;;;;;;;;;;;;;;;;;;;;;;;;;;;;;
2009-12-15 23:00:00;0.79;1.00;1.17;0.90;0.53;1.10;12.20;14.00;7.60;12.60;18.90;0.63;0.64;0.023;0.103;1.20;203;-0.031;2.673;0.41;0.88;14.10;7.90;12.80;0.77;0.62;276.70;267.40;26.80;33.20;;;;;;;;;;;;;;;;;;;;;;;;;;;;;;;;;;;;;;;;;;
2009-12-15 23:30:00;0.93;1.24;1.87;1.04;0.63;1.37;12.60;13.50;7.80;13.10;17.10;0.98;0.97;0.031;0.163;1.30;203;0.033;3.206;0.50;1.00;14.50;8.00;13.10;0.80;0.65;271.70;266.70;21.60;28.20;;;;;;;;;;;;;;;;;;;;;;;;;;;;;;;;;;;;;;;;;;
2009-12-16 00:00:00;0.93;1.25;1.68;1.05;0.63;1.50;12.90;13.80;7.60;13.50;18.50;0.92;0.88;0.044;0.207;1.10;209;-0.023;3.025;0.50;1.02;14.60;7.20;13.20;0.90;0.67;274.50;265.10;19.40;28.40;;;;;;;;;;;;;;;;;;;;;;;;;;;;;;;;;;;;;;;;;;
2009-12-16 00:30:00;0.96;1.23;1.55;1.08;0.64;1.41;12.50;14.40;7.20;14.20;17.50;0.78;0.96;0.036;0.222;0.90;222;-0.012;2.845;0.51;1.07;14.20;7.10;12.90;0.89;0.66;271.40;261.40;20.10;27.90;;;;;;;;;;;;;;;;;;;;;;;;;;;;;;;;;;;;;;;;;;
2009-12-16 01:00:00;0.98;1.24;1.77;1.06;0.66;1.35;13.40;14.10;8.20;12.70;19.60;0.97;0.80;0.039;0.314;0.80;191;0.038;2.813;0.38;1.11;15.10;8.00;13.50;0.84;0.68;270.50;264.10;20.50;26.80;;;;;;;;;;;;;;;;;;;;;;;;;;;;;;;;;;;;;;;;;;
2009-12-16 01:30:00;0.93;1.23;1.70;1.04;0.62;1.52;12.60;13.60;7.40;14.30;19.20;0.84;0.96;0.033;0.130;1.20;214;0.014;3.032;0.51;1.01;14.00;7.20;12.60;0.85;0.64;269.90;260.60;27.00;31.50;;;;;;;;;;;;;;;;;;;;;;;;;;;;;;;;;;;;;;;;;;
2009-12-16 02:00:00;0.98;1.23;1.46;1.07;0.66;1.31;13.30;14.30;8.30;15.40;18.40;0.84;0.92;0.046;0.294;1.00;189;0.082;2.856;0.36;1.06;14.00;7.60;13.00;0.85;0.67;271.60;263.90;23.20;29.80;;;;;;;;;;;;;;;;;;;;;;;;;;;;;;;;;;;;;;;;;;
2009-12-16 02:30:00;0.93;1.21;1.47;1.04;0.63;1.34;12.70;13.80;7.30;14.10;19.30;0.84;0.75;0.047;0.242;1.00;216;0.053;2.761;0.42;1.04;14.20;6.80;12.80;0.90;0.71;271.60;262.20;22.80;30.30;;;;;;;;;;;;;;;;;;;;;;;;;;;;;;;;;;;;;;;;;;
2009-12-16 03:00:00;1.00;1.34;2.17;1.14;0.67;1.55;12.30;14.30;7.40;13.30;17.10;0.95;1.24;0.034;0.093;1.00;214;0.021;3.244;0.49;1.11;14.10;7.00;12.70;0.87;0.70;269.70;261.10;23.20;27.70;;;;;;;;;;;;;;;;;;;;;;;;;;;;;;;;;;;;;;;;;;
2009-12-16 03:30:00;1.07;1.39;1.79;1.19;0.74;1.54;12.70;13.40;7.90;12.80;19.80;0.97;0.87;0.044;0.193;1.60;199;-0.053;2.802;0.44;1.15;14.00;6.90;12.50;0.85;0.70;270.60;262.40;26.50;32.20;;;;;;;;;;;;;;;;;;;;;;;;;;;;;;;;;;;;;;;;;;
2009-12-16 04:00:00;1.00;1.30;1.74;1.14;0.69;1.51;11.40;13.10;6.90;14.90;15.50;0.98;0.78;0.037;0.186;1.10;229;0.043;2.951;0.32;1.15;13.10;6.30;11.60;0.83;0.64;267.00;258.20;26.40;33.50;;;;;;;;;;;;;;;;;;;;;;;;;;;;;;;;;;;;;;;;;;
2009-12-16 04:30:00;0.95;1.25;1.89;1.12;0.67;1.36;10.40;13.20;6.30;11.20;18.00;1.05;0.84;0.042;0.130;1.30;253;0.031;2.649;0.34;1.11;14.10;5.80;11.30;0.81;0.60;270.20;257.50;25.40;33.00;;;;;;;;;;;;;;;;;;;;;;;;;;;;;;;;;;;;;;;;;;
2009-12-16 05:00:00;1.06;1.41;1.98;1.28;0.73;1.67;9.90;12.50;5.90;12.00;16.70;1.07;0.97;0.049;0.234;0.90;266;0.081;2.815;0.16;1.24;14.50;5.90;11.50;0.82;0.61;272.80;261.60;25.40;32.30;;;;;;;;;;;;;;;;;;;;;;;;;;;;;;;;;;;;;;;;;;
2009-12-16 05:30:00;0.96;1.22;1.64;1.15;0.69;1.32;8.00;10.50;5.40;12.90;16.10;0.87;1.14;0.048;0.138;1.40;295;-0.005;2.909;0.13;1.14;13.50;5.10;9.90;0.72;0.65;274.50;245.50;27.60;35.70;;;;;;;;;;;;;;;;;;;;;;;;;;;;;;;;;;;;;;;;;;
2009-12-16 06:00:00;0.97;1.24;1.60;1.18;0.70;1.28;7.90;11.00;5.30;14.40;15.70;0.89;0.91;0.044;0.251;1.10;297;0.034;2.880;0.24;1.15;14.10;5.10;10.00;0.72;0.69;267.80;236.90;29.50;35.90;;;;;;;;;;;;;;;;;;;;;;;;;;;;;;;;;;;;;;;;;;
2009-12-16 06:30:00;1.05;1.40;1.86;1.26;0.75;1.58;7.40;9.30;5.10;8.80;16.50;1.03;0.98;0.050;0.125;1.40;310;0.018;3.036;0.16;1.22;14.40;5.00;9.70;0.69;0.70;271.00;232.60;27.60;34.60;;;;;;;;;;;;;;;;;;;;;;;;;;;;;;;;;;;;;;;;;;
2009-12-16 07:00:00;1.01;1.28;1.82;1.21;0.73;1.47;6.90;9.20;4.90;13.00;14.40;0.85;0.97;0.056;0.232;1.10;321;0.019;2.807;0.26;1.21;13.60;4.90;9.20;0.66;0.64;268.60;215.90;32.40;35.30;;;;;;;;;;;;;;;;;;;;;;;;;;;;;;;;;;;;;;;;;;
2009-12-16 07:30:00;0.98;1.30;2.00;1.17;0.71;1.56;6.90;9.30;5.00;14.60;15.50;1.06;0.94;0.051;0.320;1.00;321;-0.007;2.963;0.23;1.16;15.20;4.90;9.50;0.66;0.64;273.90;211.50;28.00;35.50;;;;;;;;;;;;;;;;;;;;;;;;;;;;;;;;;;;;;;;;;;
2009-12-16 08:00:00;0.93;1.18;1.62;1.12;0.67;1.31;7.40;9.90;5.00;8.20;15.70;0.99;0.77;0.048;0.303;0.90;318;0.027;2.836;0.18;1.10;15.60;4.90;9.80;0.70;0.64;275.60;236.00;30.70;39.00;;;;;;;;;;;;;;;;;;;;;;;;;;;;;;;;;;;;;;;;;;
2009-12-16 08:30:00;0.90;1.14;1.59;1.10;0.65;1.25;7.10;8.40;5.00;13.20;15.70;1.33;1.00;0.048;0.171;1.20;321;0.085;3.384;0.08;1.08;15.10;4.90;9.50;0.69;0.66;269.20;227.90;34.90;37.40;;;;;;;;;;;;;;;;;;;;;;;;;;;;;;;;;;;;;;;;;;
2009-12-16 09:00:00;0.90;1.17;1.73;1.12;0.65;1.27;7.60;10.10;5.30;13.90;15.30;0.92;0.87;0.045;0.243;1.30;297;0.014;2.896;0.21;1.07;14.60;5.20;10.30;0.73;0.69;266.80;243.60;28.10;36.60;;;;;;;;;;;;;;;;;;;;;;;;;;;;;;;;;;;;;;;;;;
2009-12-16 09:30:00;0.93;1.21;2.08;1.17;0.68;1.35;7.30;9.70;5.20;14.60;16.30;1.01;1.07;0.048;0.323;1.10;304;-0.002;3.069;0.22;1.20;15.20;5.40;11.30;0.80;0.70;268.30;248.70;22.80;33.40;;;;;;;;;;;;;;;;;;;;;;;;;;;;;;;;;;;;;;;;;;
2009-12-16 10:00:00;0.92;1.21;1.77;1.12;0.66;1.36;7.30;10.10;5.10;15.00;16.40;1.03;0.87;0.046;0.185;1.10;314;0.121;3.076;0.27;1.13;14.90;4.90;10.00;0.72;0.68;264.70;234.90;33.70;35.50;;;;;;;;;;;;;;;;;;;;;;;;;;;;;;;;;;;;;;;;;;
2009-12-16 10:30:00;0.92;1.20;1.66;1.11;0.66;1.38;7.50;10.10;5.10;12.50;19.30;1.12;0.88;0.049;0.159;1.50;309;0.067;3.040;0.30;1.07;15.60;4.80;9.90;0.72;0.66;267.80;226.50;29.20;35.90;;;;;;;;;;;;;;;;;;;;;;;;;;;;;;;;;;;;;;;;;;
2009-12-16 11:00:00;0.96;1.23;1.57;1.17;0.68;1.38;9.00;11.60;5.80;13.20;17.10;1.02;0.94;0.041;0.149;1.70;274;0.061;2.889;0.34;1.16;15.00;5.70;11.40;0.81;0.69;271.30;255.80;22.90;31.10;;;;;;;;;;;;;;;;;;;;;;;;;;;;;;;;;;;;;;;;;;
2009-12-16 11:30:00;0.92;1.26;1.92;1.15;0.66;1.55;8.10;11.90;5.40;14.90;16.90;0.99;0.95;0.045;0.212;1.00;293;-0.035;3.158;0.35;1.14;15.10;5.50;11.20;0.79;0.68;263.70;242.70;24.10;33.70;;;;;;;;;;;;;;;;;;;;;;;;;;;;;;;;;;;;;;;;;;
2009-12-16 12:00:00;0.95;1.28;1.77;1.16;0.67;1.43;9.30;11.80;5.70;13.40;16.20;1.05;0.96;0.040;0.113;1.60;278;0.069;2.999;0.27;1.11;14.50;5.70;11.20;0.79;0.67;270.00;248.70;26.80;33.30;;;;;;;;;;;;;;;;;;;;;;;;;;;;;;;;;;;;;;;;;;
2009-12-16 12:30:00;1.05;1.40;2.01;1.24;0.73;1.56;10.30;13.50;6.00;13.60;16.60;1.01;1.17;0.043;0.137;1.40;262;-0.043;2.761;0.30;1.27;15.10;6.20;12.00;0.82;0.69;269.60;255.40;18.60;27.60;;;;;;;;;;;;;;;;;;;;;;;;;;;;;;;;;;;;;;;;;;
2009-12-16 13:00:00;0.85;1.06;1.48;1.03;0.62;1.32;8.60;11.70;5.90;13.60;16.70;0.83;0.80;0.035;0.255;0.90;272;-0.072;2.871;0.30;1.03;14.60;5.50;10.80;0.77;0.68;270.40;244.00;28.70;34.50;;;;;;;;;;;;;;;;;;;;;;;;;;;;;;;;;;;;;;;;;;
2009-12-16 13:30:00;1.01;1.34;1.73;1.21;0.70;1.52;11.20;13.60;6.70;16.20;17.40;1.11;1.02;0.041;0.290;0.90;234;0.018;2.763;0.41;1.22;15.20;6.60;12.50;0.83;0.67;270.60;258.90;21.00;28.20;;;;;;;;;;;;;;;;;;;;;;;;;;;;;;;;;;;;;;;;;;
2009-12-16 14:00:00;0.94;1.26;1.79;1.17;0.66;1.37;9.80;13.70;6.20;15.10;18.30;1.08;0.89;0.043;0.251;1.00;257;0.067;2.737;0.30;1.14;15.60;6.30;12.30;0.83;0.67;269.70;255.80;24.00;31.80;;;;;;;;;;;;;;;;;;;;;;;;;;;;;;;;;;;;;;;;;;
2009-12-16 14:30:00;0.93;1.27;1.63;1.10;0.64;1.42;10.50;13.40;6.10;13.50;15.40;0.91;0.84;0.040;0.139;1.10;258;0.009;2.982;0.24;1.08;14.70;6.20;11.80;0.82;0.69;269.20;253.90;21.00;30.20;;;;;;;;;;;;;;;;;;;;;;;;;;;;;;;;;;;;;;;;;;
2009-12-16 15:00:00;0.86;1.11;1.51;0.99;0.60;1.30;9.50;11.90;6.00;14.00;15.40;0.90;0.72;0.038;0.114;1.10;263;0.125;2.979;0.22;0.98;14.10;5.70;10.90;0.76;0.66;271.70;245.70;24.90;33.70;;;;;;;;;;;;;;;;;;;;;;;;;;;;;;;;;;;;;;;;;;
2009-12-16 15:30:00;0.86;1.13;1.57;1.00;0.60;1.31;10.50;13.10;6.50;14.80;16.50;0.86;0.80;0.034;0.168;0.90;243;0.056;2.983;0.32;0.99;15.10;6.10;11.80;0.81;0.67;269.40;252.00;23.90;31.00;;;;;;;;;;;;;;;;;;;;;;;;;;;;;;;;;;;;;;;;;;
2009-12-16 16:00:00;0.92;1.13;1.42;1.06;0.64;1.17;11.20;13.00;7.00;13.70;18.20;0.74;0.93;0.037;0.199;0.80;229;-0.058;2.649;0.23;1.05;14.10;6.40;11.70;0.78;0.68;269.50;254.00;23.10;31.20;;;;;;;;;;;;;;;;;;;;;;;;;;;;;;;;;;;;;;;;;;
2009-12-16 16:30:00;0.92;1.19;1.84;1.06;0.64;1.27;10.50;12.90;6.60;14.00;16.90;1.06;0.79;0.031;0.149;1.00;239;0.052;2.770;0.22;1.05;15.10;6.30;11.90;0.78;0.67;270.30;253.90;20.50;29.20;;;;;;;;;;;;;;;;;;;;;;;;;;;;;;;;;;;;;;;;;;
2009-12-16 17:00:00;0.77;1.00;1.30;0.92;0.55;1.19;8.70;12.00;6.00;16.00;16.00;0.75;0.78;0.035;0.235;0.80;261;0.026;2.948;0.21;0.93;15.10;5.90;11.20;0.75;0.66;270.40;247.30;27.60;33.50;;;;;;;;;;;;;;;;;;;;;;;;;;;;;;;;;;;;;;;;;;
2009-12-16 17:30:00;0.80;1.05;1.51;0.91;0.56;1.14;9.90;12.30;6.30;13.70;17.00;0.74;0.77;0.034;0.224;1.10;249;-0.025;3.018;0.11;0.91;13.90;6.10;11.10;0.76;0.64;273.60;252.60;28.80;35.40;;;;;;;;;;;;;;;;;;;;;;;;;;;;;;;;;;;;;;;;;;
2009-12-16 18:00:00;0.82;1.09;1.76;0.95;0.58;1.15;10.60;13.30;6.50;15.30;17.80;1.13;0.94;0.030;0.122;1.60;245;0.043;3.259;0.25;0.94;15.10;6.20;11.50;0.77;0.65;271.50;255.00;26.60;34.00;;;;;;;;;;;;;;;;;;;;;;;;;;;;;;;;;;;;;;;;;;
2009-12-16 18:30:00;0.73;0.95;1.47;0.86;0.52;1.02;9.80;11.90;6.30;14.50;17.60;0.65;0.82;0.028;0.153;0.90;250;-0.056;2.909;0.19;0.85;15.10;5.90;11.10;0.75;0.61;265.50;248.20;25.80;34.30;;;;;;;;;;;;;;;;;;;;;;;;;;;;;;;;;;;;;;;;;;
2009-12-16 19:00:00;0.80;0.98;1.12;0.89;0.56;1.05;11.70;14.10;7.10;13.20;18.40;0.70;0.69;0.030;0.128;1.30;225;0.045;2.626;0.25;0.86;15.10;6.10;11.50;0.78;0.65;268.80;250.20;25.10;33.70;;;;;;;;;;;;;;;;;;;;;;;;;;;;;;;;;;;;;;;;;;
2009-12-16 19:30:00;0.73;0.92;1.16;0.85;0.52;1.06;10.00;12.10;6.20;14.20;17.00;0.74;0.69;0.030;0.134;1.00;256;0.042;2.884;0.05;0.85;15.10;6.00;11.40;0.77;0.63;267.50;245.20;23.80;33.40;;;;;;;;;;;;;;;;;;;;;;;;;;;;;;;;;;;;;;;;;;
2009-12-16 20:00:00;0.64;0.89;1.38;0.79;0.46;1.07;8.20;11.40;5.60;12.50;14.70;0.76;0.72;0.024;0.116;1.10;283;0.049;3.466;0.26;0.79;15.10;5.70;10.70;0.73;0.59;268.20;245.60;27.00;35.80;;;;;;;;;;;;;;;;;;;;;;;;;;;;;;;;;;;;;;;;;;
2009-12-16 20:30:00;0.67;0.88;1.22;0.82;0.48;0.99;9.40;12.80;6.00;14.70;19.00;0.65;0.71;0.025;0.105;1.30;262;0.035;2.918;0.19;0.79;15.10;5.90;11.10;0.76;0.62;274.70;251.30;25.20;33.90;;;;;;;;;;;;;;;;;;;;;;;;;;;;;;;;;;;;;;;;;;
2009-12-16 21:00:00;0.64;0.80;1.02;0.75;0.45;0.93;9.30;11.30;5.90;15.10;18.30;0.65;0.60;0.025;0.100;1.00;271;-0.002;2.936;0.25;0.74;15.50;5.70;10.80;0.73;0.59;271.80;243.90;29.10;37.50;;;;;;;;;;;;;;;;;;;;;;;;;;;;;;;;;;;;;;;;;;
2009-12-16 21:30:00;0.70;0.93;1.27;0.81;0.49;0.99;10.00;12.80;6.30;13.60;17.20;0.72;0.65;0.027;0.136;0.90;253;-0.033;2.876;0.25;0.80;15.00;6.10;11.30;0.76;0.61;265.70;248.60;25.10;34.50;;;;;;;;;;;;;;;;;;;;;;;;;;;;;;;;;;;;;;;;;;
2009-12-16 22:00:00;0.63;0.80;1.04;0.75;0.45;0.95;8.90;12.10;6.10;13.70;17.00;0.64;0.58;0.025;0.106;1.10;261;0.067;2.849;0.20;0.73;15.20;5.70;11.00;0.75;0.60;263.10;241.30;27.50;37.10;;;;;;;;;;;;;;;;;;;;;;;;;;;;;;;;;;;;;;;;;;
2009-12-16 22:30:00;0.70;0.90;1.20;0.81;0.50;1.02;10.50;13.70;6.70;13.90;18.70;0.61;0.62;0.025;0.069;2.00;237;-0.037;2.787;0.19;0.77;15.60;6.10;11.60;0.77;0.62;267.10;248.10;26.10;34.60;;;;;;;;;;;;;;;;;;;;;;;;;;;;;;;;;;;;;;;;;;
2009-12-16 23:00:00;0.66;0.87;1.12;0.76;0.48;0.99;9.90;13.50;6.60;16.10;17.10;0.62;0.56;0.022;0.091;1.30;241;0.030;2.825;0.31;0.76;15.10;6.20;11.30;0.74;0.60;266.50;251.80;24.00;34.40;;;;;;;;;;;;;;;;;;;;;;;;;;;;;;;;;;;;;;;;;;
2009-12-16 23:30:00;0.63;0.80;1.15;0.72;0.44;0.90;9.40;12.30;6.30;15.00;15.80;0.58;0.62;0.022;0.079;1.10;252;-0.019;2.953;0.08;0.71;15.20;6.10;11.30;0.74;0.62;267.20;245.60;24.20;35.60;;;;;;;;;;;;;;;;;;;;;;;;;;;;;;;;;;;;;;;;;;
2009-12-17 00:00:00;0.71;0.93;1.18;0.80;0.49;1.09;11.40;14.00;7.10;13.40;18.00;0.61;0.63;0.023;0.120;1.10;224;-0.012;2.853;0.42;0.79;15.10;6.70;12.10;0.78;0.66;269.90;257.60;19.70;31.10;;;;;;;;;;;;;;;;;;;;;;;;;;;;;;;;;;;;;;;;;;
2009-12-17 00:30:00;0.57;0.72;1.01;0.66;0.41;0.81;9.40;12.50;6.20;14.00;16.90;0.52;0.54;0.021;0.073;1.10;256;-0.010;2.900;0.22;0.67;15.10;6.00;11.20;0.75;0.63;269.50;248.40;25.10;35.60;;;;;;;;;;;;;;;;;;;;;;;;;;;;;;;;;;;;;;;;;;
2009-12-17 01:00:00;0.76;1.00;1.47;0.85;0.51;1.14;12.50;14.20;7.30;13.70;17.30;0.74;0.73;0.019;0.055;1.90;216;0.048;2.988;0.55;0.83;15.10;7.20;12.40;0.75;0.66;265.40;254.30;22.80;30.80;;;;;;;;;;;;;;;;;;;;;;;;;;;;;;;;;;;;;;;;;;
2009-12-17 01:30:00;0.64;0.87;1.31;0.74;0.45;1.10;11.40;14.00;7.10;15.50;16.00;0.60;0.72;0.019;0.074;1.10;223;0.003;3.131;0.37;0.74;15.20;7.00;12.40;0.78;0.63;267.80;255.60;24.80;33.80;;;;;;;;;;;;;;;;;;;;;;;;;;;;;;;;;;;;;;;;;;
2009-12-17 02:00:00;0.61;0.80;1.12;0.69;0.43;0.93;10.90;13.20;6.90;13.70;17.90;0.60;0.57;0.018;0.111;1.00;233;0.006;2.917;0.32;0.69;14.10;6.50;11.30;0.72;0.65;268.50;251.70;26.20;35.00;;;;;;;;;;;;;;;;;;;;;;;;;;;;;;;;;;;;;;;;;;
2009-12-17 02:30:00;0.68;0.86;1.15;0.76;0.47;0.96;12.30;14.10;7.50;13.10;17.50;0.57;0.67;0.016;0.055;1.50;213;-0.031;2.886;0.35;0.78;15.10;7.40;12.50;0.74;0.65;266.50;256.70;26.90;33.70;;;;;;;;;;;;;;;;;;;;;;;;;;;;;;;;;;;;;;;;;;
2009-12-17 03:00:00;0.58;0.77;0.97;0.68;0.41;0.92;10.30;12.80;6.30;14.20;17.70;0.57;0.59;0.023;0.106;1.40;249;0.016;2.943;0.17;0.65;14.60;6.60;11.50;0.73;0.60;266.60;251.30;32.90;40.20;;;;;;;;;;;;;;;;;;;;;;;;;;;;;;;;;;;;;;;;;;
2009-12-17 03:30:00;0.59;0.78;1.03;0.71;0.41;0.90;9.60;12.30;5.80;15.00;16.40;0.59;0.65;0.037;0.244;0.90;272;0.018;2.814;0.25;0.69;14.20;6.70;11.70;0.75;0.64;263.00;253.80;36.90;41.60;;;;;;;;;;;;;;;;;;;;;;;;;;;;;;;;;;;;;;;;;;
2009-12-17 04:00:00;0.58;0.80;1.19;0.72;0.41;0.95;8.30;12.80;5.00;14.20;16.50;0.68;0.59;0.052;0.323;1.10;315;0.056;3.009;0.28;0.66;14.60;5.50;11.10;0.84;0.62;267.20;253.70;39.60;43.90;;;;;;;;;;;;;;;;;;;;;;;;;;;;;;;;;;;;;;;;;;
2009-12-17 04:30:00;0.65;0.92;1.43;0.83;0.46;1.12;8.90;13.20;5.20;14.70;16.50;0.70;0.73;0.052;0.180;1.00;304;-0.015;3.142;0.48;0.81;15.20;5.30;11.60;0.90;0.68;260.40;256.70;35.50;41.30;;;;;;;;;;;;;;;;;;;;;;;;;;;;;;;;;;;;;;;;;;
2009-12-17 05:00:00;0.64;0.86;1.32;1.16;0.46;1.04;8.10;12.00;4.90;15.80;16.90;0.71;0.74;0.053;0.194;1.10;316;999.999;999.999;0.33;1.08;15.10;4.60;9.70;0.74;0.32;266.70;251.50;46.40;63.90;;;;;;;;;;;;;;;;;;;;;;;;;;;;;;;;;;;;;;;;;;
2009-12-17 05:30:00;0.63;0.86;1.47;0.77;0.45;0.98;7.70;11.60;4.90;14.80;16.10;0.83;0.65;0.048;0.214;1.20;326;-0.015;3.103;0.32;0.76;15.00;4.90;10.70;0.84;0.52;260.60;256.20;41.70;44.20;;;;;;;;;;;;;;;;;;;;;;;;;;;;;;;;;;;;;;;;;;
2009-12-17 06:00:00;0.65;0.85;1.29;0.81;0.47;0.92;7.60;11.10;4.80;13.20;15.20;0.76;0.59;0.049;0.200;1.20;330;0.067;2.728;0.15;0.78;15.10;4.70;10.20;0.80;0.45;264.30;259.70;37.60;42.90;;;;;;;;;;;;;;;;;;;;;;;;;;;;;;;;;;;;;;;;;;
2009-12-17 06:30:00;0.60;0.73;0.99;0.77;0.43;0.81;6.00;7.90;4.20;11.90;15.40;0.62;0.57;0.052;0.270;0.90;376;0.084;2.816;0.21;0.76;15.10;4.10;9.00;0.72;0.45;261.30;260.70;41.30;43.00;;;;;;;;;;;;;;;;;;;;;;;;;;;;;;;;;;;;;;;;;;
2009-12-17 07:00:00;0.63;0.79;1.24;0.80;0.46;0.86;5.50;7.30;4.00;11.90;14.80;0.75;0.67;0.050;0.187;1.50;394;0.003;3.059;0.15;0.78;15.10;4.10;8.70;0.68;0.52;252.20;257.50;44.00;44.20;;;;;;;;;;;;;;;;;;;;;;;;;;;;;;;;;;;;;;;;;;
2009-12-17 07:30:00;0.67;0.84;1.12;0.80;0.48;0.97;5.40;7.00;4.00;12.30;15.90;0.65;0.67;0.053;0.157;1.00;396;-0.021;3.143;0.08;0.78;15.50;4.00;8.20;0.64;0.51;260.30;261.70;40.10;42.20;;;;;;;;;;;;;;;;;;;;;;;;;;;;;;;;;;;;;;;;;;
2009-12-17 08:00:00;0.68;0.86;1.19;0.85;0.49;0.99;5.10;6.30;3.80;2.50;14.60;0.69;0.70;0.051;0.173;1.00;412;0.091;3.064;0.13;0.83;15.10;4.00;7.90;0.61;0.50;260.40;263.90;43.90;42.00;;;;;;;;;;;;;;;;;;;;;;;;;;;;;;;;;;;;;;;;;;
2009-12-17 08:30:00;0.76;0.93;1.36;0.93;0.55;1.01;5.00;5.40;4.00;3.70;13.50;0.77;0.84;0.055;0.254;1.00;397;-0.052;2.924;0.20;0.90;15.10;4.00;7.40;0.56;0.48;262.30;265.60;42.30;39.30;;;;;;;;;;;;;;;;;;;;;;;;;;;;;;;;;;;;;;;;;;
2009-12-17 09:00:00;0.91;1.11;1.34;1.05;0.66;1.17;5.00;4.70;4.10;3.90;15.10;0.86;0.74;0.051;0.183;1.10;389;0.072;2.934;0.17;1.03;14.70;3.90;6.40;0.47;0.37;266.70;270.70;43.00;37.00;;;;;;;;;;;;;;;;;;;;;;;;;;;;;;;;;;;;;;;;;;
2009-12-17 09:30:00;0.94;1.17;1.60;1.09;0.68;1.31;4.80;4.80;4.10;12.00;12.10;0.99;0.89;0.053;0.191;1.20;391;0.063;3.116;0.28;1.06;4.10;4.00;6.50;0.47;0.40;273.40;269.00;25.40;36.80;;;;;;;;;;;;;;;;;;;;;;;;;;;;;;;;;;;;;;;;;;
2009-12-17 10:00:00;1.03;1.31;1.69;1.20;0.74;1.44;4.70;5.20;4.10;4.10;15.50;1.07;0.93;0.061;0.216;1.30;390;0.100;3.101;0.33;1.17;4.60;4.10;6.10;0.44;0.32;286.00;275.20;26.60;35.00;;;;;;;;;;;;;;;;;;;;;;;;;;;;;;;;;;;;;;;;;;
2009-12-17 10:30:00;1.22;1.51;1.88;1.41;0.89;1.68;4.70;4.80;4.10;3.70;11.80;1.10;1.14;0.061;0.268;1.10;384;0.033;2.780;0.36;1.39;4.60;4.20;5.70;0.39;0.40;278.00;273.30;23.40;31.70;;;;;;;;;;;;;;;;;;;;;;;;;;;;;;;;;;;;;;;;;;
2009-12-17 11:00:00;1.29;1.55;1.94;1.43;0.93;1.66;4.90;4.80;4.30;4.90;14.70;1.05;1.04;0.063;0.366;1.00;368;0.005;2.830;0.27;1.41;4.80;4.30;5.60;0.37;0.41;284.50;278.00;26.80;32.60;;;;;;;;;;;;;;;;;;;;;;;;;;;;;;;;;;;;;;;;;;
2009-12-17 11:30:00;1.32;1.62;1.96;1.44;0.95;1.71;5.00;5.20;4.40;4.50;13.60;1.11;1.27;0.061;0.326;0.90;366;0.116;3.004;0.31;1.42;5.10;4.20;5.50;0.37;0.38;280.90;278.90;24.60;32.80;;;;;;;;;;;;;;;;;;;;;;;;;;;;;;;;;;;;;;;;;;
2009-12-17 12:00:00;1.38;1.73;2.21;1.54;1.00;1.97;5.10;5.10;4.40;4.20;10.60;1.32;1.13;0.058;0.151;1.60;366;0.104;2.952;0.29;1.53;5.10;4.30;5.70;0.39;0.32;278.30;278.60;27.50;34.20;;;;;;;;;;;;;;;;;;;;;;;;;;;;;;;;;;;;;;;;;;
2009-12-17 12:30:00;1.55;1.94;2.90;1.69;1.09;2.08;5.40;5.30;4.50;4.90;12.40;1.72;1.30;0.066;0.495;0.80;354;0.146;3.288;0.42;1.67;5.30;4.50;5.90;0.40;0.40;281.00;276.40;25.30;33.00;;;;;;;;;;;;;;;;;;;;;;;;;;;;;;;;;;;;;;;;;;
2009-12-17 13:00:00;1.47;1.81;2.52;1.62;1.06;2.01;5.30;5.50;4.60;5.10;9.50;1.57;1.25;0.063;0.221;1.20;348;0.030;3.046;0.31;1.59;5.50;4.60;5.80;0.39;0.37;282.50;278.20;28.20;34.60;;;;;;;;;;;;;;;;;;;;;;;;;;;;;;;;;;;;;;;;;;
2009-12-17 13:30:00;1.47;1.77;2.60;1.62;1.08;1.94;5.70;5.90;4.80;5.60;11.70;1.66;1.27;0.060;0.300;0.90;334;0.136;2.931;0.25;1.60;5.60;4.60;5.90;0.40;0.38;284.40;281.40;23.90;33.10;;;;;;;;;;;;;;;;;;;;;;;;;;;;;;;;;;;;;;;;;;
2009-12-17 14:00:00;1.56;1.94;2.93;1.71;1.13;2.11;5.80;5.60;5.00;6.10;11.40;1.67;1.36;0.056;0.280;1.00;319;0.128;3.002;0.35;1.70;5.70;4.90;6.10;0.38;0.41;274.00;277.40;23.20;31.60;;;;;;;;;;;;;;;;;;;;;;;;;;;;;;;;;;;;;;;;;;
2009-12-17 14:30:00;1.43;1.77;2.77;1.56;1.02;1.85;5.70;5.70;4.90;5.50;10.10;1.44;1.33;0.055;0.264;1.10;325;0.122;2.981;0.36;1.55;5.70;4.80;6.00;0.38;0.43;279.20;279.60;20.50;30.90;;;;;;;;;;;;;;;;;;;;;;;;;;;;;;;;;;;;;;;;;;
2009-12-17 15:00:00;1.40;1.76;2.22;1.55;1.01;2.02;5.80;5.80;5.00;5.70;10.20;1.31;1.23;0.053;0.260;1.80;318;0.032;2.957;0.35;1.55;5.90;4.90;6.20;0.40;0.41;280.00;277.90;21.20;29.90;;;;;;;;;;;;;;;;;;;;;;;;;;;;;;;;;;;;;;;;;;
2009-12-17 15:30:00;1.33;1.65;2.18;1.44;0.95;1.84;6.00;6.00;5.00;6.10;13.80;1.25;1.22;0.045;0.150;0.90;317;0.019;2.967;0.47;1.42;5.90;4.90;6.30;0.41;0.41;282.40;279.50;19.40;30.60;;;;;;;;;;;;;;;;;;;;;;;;;;;;;;;;;;;;;;;;;;
2009-12-17 16:00:00;1.26;1.54;2.01;1.38;0.90;1.63;5.80;5.70;4.90;5.70;11.90;1.15;1.23;0.051;0.386;1.00;321;0.078;2.974;0.27;1.38;5.70;4.90;6.40;0.44;0.38;280.30;278.20;25.00;32.60;;;;;;;;;;;;;;;;;;;;;;;;;;;;;;;;;;;;;;;;;;
2009-12-17 16:30:00;1.22;1.45;1.99;1.36;0.86;1.51;6.00;6.10;4.80;6.40;10.70;1.09;1.10;0.052;0.337;0.90;335;0.081;2.792;0.31;1.36;5.90;4.80;6.70;0.47;0.31;275.00;279.60;23.50;33.00;;;;;;;;;;;;;;;;;;;;;;;;;;;;;;;;;;;;;;;;;;
2009-12-17 17:00:00;1.10;1.31;1.61;1.24;0.79;1.43;5.70;5.80;4.70;6.40;11.30;1.00;0.89;0.053;0.190;2.00;341;0.068;2.886;0.30;1.22;5.80;4.60;6.40;0.48;0.37;282.10;284.30;24.80;36.60;;;;;;;;;;;;;;;;;;;;;;;;;;;;;;;;;;;;;;;;;;
2009-12-17 17:30:00;0.95;1.19;1.68;1.10;0.69;1.34;5.80;6.20;4.40;5.60;14.80;1.07;0.87;0.054;0.123;1.00;362;0.065;3.098;0.22;1.09;5.50;4.30;6.50;0.51;0.22;281.50;293.10;31.70;40.60;;;;;;;;;;;;;;;;;;;;;;;;;;;;;;;;;;;;;;;;;;
2009-12-17 18:00:00;0.99;1.21;1.55;1.15;0.71;1.33;5.70;6.20;4.40;6.80;12.20;1.01;0.81;0.054;0.251;1.20;359;0.097;2.867;0.17;1.12;5.50;4.40;6.60;0.51;0.19;284.30;291.90;25.00;38.80;;;;;;;;;;;;;;;;;;;;;;;;;;;;;;;;;;;;;;;;;;
2009-12-17 18:30:00;0.91;1.12;1.46;1.04;0.65;1.22;5.80;5.90;4.40;7.90;15.50;1.00;0.86;0.052;0.214;1.30;363;0.084;3.106;0.14;1.04;5.30;4.30;6.60;0.51;0.10;284.10;295.00;31.20;41.10;;;;;;;;;;;;;;;;;;;;;;;;;;;;;;;;;;;;;;;;;;
2009-12-17 19:00:00;0.86;1.06;1.65;1.01;0.63;1.15;5.20;5.70;4.30;5.20;10.90;0.93;0.79;0.053;0.361;1.20;368;0.053;3.027;0.14;0.98;13.50;4.10;6.80;0.54;0.11;269.30;300.60;38.30;43.70;;;;;;;;;;;;;;;;;;;;;;;;;;;;;;;;;;;;;;;;;;
2009-12-17 19:30:00;0.81;0.98;1.27;0.99;0.60;1.05;5.60;6.60;4.20;6.60;16.20;0.76;0.93;0.056;0.255;1.10;377;0.010;2.844;0.09;0.99;14.10;4.30;7.50;0.58;0.18;252.30;292.30;33.50;42.70;;;;;;;;;;;;;;;;;;;;;;;;;;;;;;;;;;;;;;;;;;
2009-12-17 20:00:00;0.81;1.00;1.34;0.96;0.58;1.17;5.70;7.20;4.30;5.90;13.70;0.78;0.76;0.052;0.185;1.20;375;-0.022;2.925;-0.06;0.96;13.50;4.30;7.60;0.59;0.24;255.20;297.10;36.90;43.20;;;;;;;;;;;;;;;;;;;;;;;;;;;;;;;;;;;;;;;;;;
2009-12-17 20:30:00;0.79;0.95;1.22;0.95;0.58;1.06;5.70;6.30;4.30;3.30;15.70;0.82;0.79;0.050;0.135;1.10;374;0.026;2.854;0.06;0.93;15.10;4.10;7.50;0.59;0.29;253.20;301.30;34.70;43.70;;;;;;;;;;;;;;;;;;;;;;;;;;;;;;;;;;;;;;;;;;
2009-12-17 21:00:00;0.78;0.96;1.20;0.96;0.57;1.03;5.60;6.50;4.20;14.00;14.90;0.72;0.83;0.052;0.161;1.30;377;0.022;2.643;0.14;0.95;15.10;4.20;7.80;0.60;0.38;259.90;301.90;40.70;46.20;;;;;;;;;;;;;;;;;;;;;;;;;;;;;;;;;;;;;;;;;;
2009-12-17 21:30:00;0.76;0.94;1.17;0.93;0.55;0.98;5.70;7.60;4.20;10.90;13.80;0.70;0.73;0.050;0.218;1.00;379;0.073;2.865;0.06;0.91;14.10;4.10;7.70;0.60;0.37;251.30;298.90;39.80;46.20;;;;;;;;;;;;;;;;;;;;;;;;;;;;;;;;;;;;;;;;;;
2009-12-17 22:00:00;0.79;1.00;1.49;0.97;0.58;1.10;5.70;6.90;4.20;11.90;14.40;0.94;0.69;0.057;0.213;1.30;379;0.058;2.861;-0.03;0.95;14.10;4.10;7.40;0.58;0.39;251.00;304.70;37.10;43.80;;;;;;;;;;;;;;;;;;;;;;;;;;;;;;;;;;;;;;;;;;
2009-12-17 22:30:00;0.88;1.10;1.43;1.07;0.64;1.20;6.00;7.60;4.30;11.00;15.00;0.91;0.90;0.056;0.180;1.70;369;0.050;2.982;0.15;1.09;14.00;4.40;8.30;0.63;0.53;252.10;298.50;33.90;41.10;;;;;;;;;;;;;;;;;;;;;;;;;;;;;;;;;;;;;;;;;;
2009-12-17 23:00:00;0.91;1.14;1.67;1.08;0.65;1.22;6.20;8.00;4.60;12.80;14.60;1.07;0.99;0.051;0.183;1.70;347;0.084;3.203;0.19;1.06;13.20;4.40;8.10;0.62;0.49;246.80;295.60;34.90;39.20;;;;;;;;;;;;;;;;;;;;;;;;;;;;;;;;;;;;;;;;;;
2009-12-17 23:30:00;0.89;1.12;1.55;1.06;0.64;1.29;6.90;8.90;4.90;12.50;15.00;0.98;0.79;0.050;0.241;1.10;327;0.045;2.887;0.14;1.03;13.90;4.50;8.40;0.65;0.48;239.20;290.30;30.50;38.70;;;;;;;;;;;;;;;;;;;;;;;;;;;;;;;;;;;;;;;;;;
2009-12-18 00:00:00;0.86;1.12;1.57;1.04;0.62;1.27;6.20;7.40;4.50;12.80;13.40;1.05;0.92;0.051;0.356;0.90;349;0.125;3.346;0.13;1.05;13.10;4.60;8.20;0.61;0.56;244.10;292.60;33.20;37.10;;;;;;;;;;;;;;;;;;;;;;;;;;;;;;;;;;;;;;;;;;
2009-12-18 00:30:00;0.89;1.15;1.50;1.08;0.65;1.24;7.10;9.60;5.00;13.00;15.10;0.85;0.83;0.046;0.256;1.10;314;0.053;2.875;0.24;1.08;13.10;5.00;9.00;0.66;0.63;241.30;280.10;32.30;35.70;;;;;;;;;;;;;;;;;;;;;;;;;;;;;;;;;;;;;;;;;;
2009-12-18 01:00:00;0.95;1.26;1.89;1.13;0.68;1.55;6.70;9.00;4.80;13.30;14.60;1.05;1.01;0.054;0.218;1.10;333;0.146;3.117;0.30;1.11;12.70;4.60;8.20;0.62;0.56;248.10;294.70;34.30;36.40;;;;;;;;;;;;;;;;;;;;;;;;;;;;;;;;;;;;;;;;;;
2009-12-18 01:30:00;0.96;1.18;1.51;1.15;0.70;1.32;7.00;8.50;4.80;4.70;14.90;0.92;0.84;0.051;0.216;1.10;330;0.026;2.835;0.22;1.15;13.00;4.70;8.40;0.63;0.56;249.20;290.30;31.80;35.40;;;;;;;;;;;;;;;;;;;;;;;;;;;;;;;;;;;;;;;;;;
2009-12-18 02:00:00;1.15;1.43;1.78;1.32;0.83;1.62;7.30;9.30;5.10;9.60;14.30;1.08;1.03;0.053;0.198;1.80;308;0.095;2.812;0.26;1.28;12.20;4.80;8.10;0.60;0.58;243.80;294.40;33.00;33.90;;;;;;;;;;;;;;;;;;;;;;;;;;;;;;;;;;;;;;;;;;
2009-12-18 02:30:00;1.11;1.38;1.82;1.31;0.83;1.61;6.70;8.30;5.00;8.70;13.00;1.08;1.06;0.057;0.375;1.00;321;0.099;2.779;0.19;1.31;12.20;4.80;8.00;0.60;0.55;239.60;293.40;31.70;33.90;;;;;;;;;;;;;;;;;;;;;;;;;;;;;;;;;;;;;;;;;;
2009-12-18 03:00:00;1.18;1.43;1.97;1.36;0.85;1.52;6.40;7.50;4.80;10.20;13.60;1.17;1.07;0.055;0.156;2.40;328;0.052;3.030;0.09;1.34;11.40;4.70;7.60;0.56;0.48;234.90;298.70;32.60;33.30;;;;;;;;;;;;;;;;;;;;;;;;;;;;;;;;;;;;;;;;;;
2009-12-18 03:30:00;1.37;1.74;2.78;1.59;0.98;1.87;7.40;9.30;5.20;11.60;13.30;1.37;1.41;0.055;0.218;1.10;308;0.048;3.113;0.31;1.62;11.80;5.10;8.30;0.59;0.54;232.90;284.70;24.30;29.10;;;;;;;;;;;;;;;;;;;;;;;;;;;;;;;;;;;;;;;;;;
2009-12-18 04:00:00;1.52;1.89;2.46;1.74;1.09;2.07;7.10;7.80;5.20;5.20;13.30;1.55;1.45;0.063;0.284;1.30;307;0.044;3.001;0.23;1.70;11.80;5.20;8.10;0.56;0.47;234.70;287.70;26.70;28.40;;;;;;;;;;;;;;;;;;;;;;;;;;;;;;;;;;;;;;;;;;
2009-12-18 04:30:00;1.59;2.00;2.76;1.81;1.13;2.12;7.00;9.10;5.10;10.10;13.80;1.46;1.58;0.065;0.562;0.90;314;0.056;2.964;0.18;1.82;11.80;5.10;8.10;0.57;0.45;230.00;285.20;25.90;29.60;;;;;;;;;;;;;;;;;;;;;;;;;;;;;;;;;;;;;;;;;;
2009-12-18 05:00:00;1.56;1.97;2.77;1.79;1.11;2.17;6.50;7.40;4.80;10.60;12.70;1.73;1.71;0.070;0.437;0.90;329;0.050;3.070;0.22;1.80;11.80;5.10;7.90;0.56;0.40;228.10;287.40;27.40;28.40;;;;;;;;;;;;;;;;;;;;;;;;;;;;;;;;;;;;;;;;;;
2009-12-18 05:30:00;1.57;2.03;2.82;1.81;1.11;2.18;6.50;7.60;4.80;6.40;14.50;1.51;1.37;0.072;0.274;1.00;335;0.084;2.993;0.23;1.77;11.80;4.80;7.50;0.55;0.29;222.40;294.40;29.10;28.30;;;;;;;;;;;;;;;;;;;;;;;;;;;;;;;;;;;;;;;;;;
2009-12-18 06:00:00;1.67;2.10;3.31;1.89;1.21;2.34;7.20;8.60;5.40;10.10;15.10;1.55;1.77;0.063;0.255;1.00;295;0.068;3.006;0.21;1.86;11.80;5.20;8.00;0.56;0.34;224.70;285.00;28.10;28.40;;;;;;;;;;;;;;;;;;;;;;;;;;;;;;;;;;;;;;;;;;
2009-12-18 06:30:00;1.65;2.07;2.70;1.86;1.19;2.38;7.10;8.00;5.20;12.00;13.40;1.64;1.51;0.070;0.307;0.90;309;0.056;3.009;0.14;1.87;12.10;5.00;7.60;0.54;0.24;235.60;297.00;29.90;28.00;;;;;;;;;;;;;;;;;;;;;;;;;;;;;;;;;;;;;;;;;;
2009-12-18 07:00:00;1.60;1.88;2.31;1.78;1.16;2.05;7.10;8.30;5.20;10.90;13.60;1.30;1.26;0.072;0.312;1.10;304;0.075;2.732;0.02;1.78;11.80;4.90;7.60;0.55;0.29;230.40;293.80;26.10;28.50;;;;;;;;;;;;;;;;;;;;;;;;;;;;;;;;;;;;;;;;;;
2009-12-18 07:30:00;1.52;1.94;2.59;1.76;1.11;2.31;7.00;8.60;5.10;5.70;14.20;1.57;1.62;0.063;0.149;2.40;311;0.088;3.079;0.16;1.76;12.20;5.10;7.90;0.56;0.27;228.30;290.60;32.70;30.50;;;;;;;;;;;;;;;;;;;;;;;;;;;;;;;;;;;;;;;;;;
2009-12-18 08:00:00;1.56;1.92;2.76;1.75;1.12;2.04;6.70;6.90;5.10;9.30;13.10;1.60;1.67;0.075;0.609;1.00;314;0.101;2.792;0.19;1.76;12.10;5.00;7.40;0.51;0.18;226.40;295.70;30.70;28.10;;;;;;;;;;;;;;;;;;;;;;;;;;;;;;;;;;;;;;;;;;
2009-12-18 08:30:00;1.59;1.93;3.24;1.81;1.14;2.06;6.80;8.10;5.00;6.80;13.00;1.57;1.67;0.065;0.237;1.20;316;0.037;2.952;0.11;1.78;12.10;5.00;7.40;0.51;0.19;229.90;297.20;28.30;28.50;;;;;;;;;;;;;;;;;;;;;;;;;;;;;;;;;;;;;;;;;;
2009-12-18 09:00:00;1.65;2.02;2.67;1.83;1.18;2.18;6.50;7.40;5.00;6.40;13.00;1.65;1.55;0.065;0.297;0.80;318;0.057;3.177;0.18;1.81;11.80;4.90;7.20;0.50;0.08;233.90;302.70;36.90;29.30;;;;;;;;;;;;;;;;;;;;;;;;;;;;;;;;;;;;;;;;;;
2009-12-18 09:30:00;1.52;1.88;2.52;1.72;1.09;2.18;6.30;7.30;5.00;6.70;13.60;1.43;1.28;0.065;0.430;1.00;321;0.143;3.016;0.14;1.68;11.50;4.80;7.10;0.51;0.14;236.60;304.30;34.00;32.10;;;;;;;;;;;;;;;;;;;;;;;;;;;;;;;;;;;;;;;;;;
2009-12-18 10:00:00;1.60;1.99;2.89;1.82;1.16;2.27;6.80;7.80;5.10;5.20;12.30;1.94;1.38;0.062;0.267;1.30;309;0.139;3.098;0.05;1.76;11.80;4.90;7.20;0.51;0.15;234.10;299.20;31.30;30.80;;;;;;;;;;;;;;;;;;;;;;;;;;;;;;;;;;;;;;;;;;
2009-12-18 10:30:00;1.67;2.04;3.22;1.89;1.21;2.18;6.70;6.40;5.10;6.60;12.30;1.86;1.45;0.057;0.168;1.30;310;0.116;3.031;0.06;1.85;11.50;5.00;7.20;0.50;0.11;234.00;297.80;27.80;27.20;;;;;;;;;;;;;;;;;;;;;;;;;;;;;;;;;;;;;;;;;;
2009-12-18 11:00:00;1.62;1.95;2.85;1.82;1.14;2.11;6.50;6.90;5.00;5.10;12.90;1.48;1.51;0.070;0.318;1.20;317;-0.095;2.988;0.05;1.80;11.80;5.10;7.20;0.49;0.10;238.80;304.20;28.80;29.80;;;;;;;;;;;;;;;;;;;;;;;;;;;;;;;;;;;;;;;;;;
2009-12-18 11:30:00;1.65;2.03;2.69;1.84;1.18;2.15;7.20;8.20;5.50;10.40;13.50;1.67;1.43;0.050;0.263;1.70;288;0.174;3.015;0.05;1.80;12.10;5.30;7.50;0.51;0.07;239.10;297.20;30.40;28.40;;;;;;;;;;;;;;;;;;;;;;;;;;;;;;;;;;;;;;;;;;
2009-12-18 12:00:00;1.50;1.90;2.46;1.72;1.08;2.08;6.10;6.60;4.90;4.90;13.20;1.60;1.58;0.061;0.254;0.90;325;0.061;3.122;0.23;1.68;11.10;4.90;6.80;0.46;0.04;240.00;306.60;39.40;30.50;;;;;;;;;;;;;;;;;;;;;;;;;;;;;;;;;;;;;;;;;;
2009-12-18 12:30:00;1.64;1.97;2.58;1.83;1.21;2.24;6.30;7.00;5.20;7.20;13.20;1.60;1.28;0.063;0.366;0.90;305;0.124;2.768;0.02;1.81;11.30;5.00;7.00;0.48;0.06;238.50;303.80;31.80;29.00;;;;;;;;;;;;;;;;;;;;;;;;;;;;;;;;;;;;;;;;;;
2009-12-18 13:00:00;1.53;1.90;2.55;1.67;1.08;2.06;6.50;6.90;5.00;9.70;12.40;1.49;1.20;0.065;0.493;0.90;319;0.248;3.089;0.06;1.67;11.40;4.90;6.60;0.45;0.06;243.00;310.60;37.40;29.10;;;;;;;;;;;;;;;;;;;;;;;;;;;;;;;;;;;;;;;;;;
2009-12-18 13:30:00;1.56;1.94;2.66;1.74;1.12;2.26;6.20;6.10;4.90;6.40;12.20;1.73;1.33;0.060;0.421;1.20;326;0.039;3.077;0.14;1.73;10.70;4.90;6.60;0.45;0.05;244.50;309.60;30.30;28.80;;;;;;;;;;;;;;;;;;;;;;;;;;;;;;;;;;;;;;;;;;
2009-12-18 14:00:00;1.53;1.91;2.77;1.71;1.10;2.09;6.10;6.00;4.90;5.90;11.00;1.55;1.48;0.056;0.148;1.40;321;0.144;3.036;0.15;1.71;10.70;5.00;6.70;0.44;0.04;240.10;313.50;34.70;30.10;;;;;;;;;;;;;;;;;;;;;;;;;;;;;;;;;;;;;;;;;;
2009-12-18 14:30:00;1.57;1.89;2.46;1.78;1.14;2.09;5.80;6.80;4.90;8.40;10.80;1.33;1.37;0.059;0.223;1.30;325;0.055;2.808;0.02;1.78;10.70;4.90;6.70;0.45;0.07;238.00;312.70;31.50;30.10;;;;;;;;;;;;;;;;;;;;;;;;;;;;;;;;;;;;;;;;;;
2009-12-18 15:00:00;1.63;1.98;2.49;1.81;1.17;2.15;6.20;6.30;4.90;4.80;12.80;1.52;1.36;0.061;0.297;0.80;321;0.139;2.955;0.12;1.81;11.00;4.90;6.70;0.46;0.08;239.40;313.40;29.70;30.70;;;;;;;;;;;;;;;;;;;;;;;;;;;;;;;;;;;;;;;;;;
2009-12-18 15:30:00;1.64;2.04;2.69;1.82;1.18;2.15;6.10;6.30;4.80;7.40;11.20;1.52;1.55;0.065;0.303;1.40;326;0.159;3.040;-0.01;1.81;11.30;4.80;6.50;0.44;0.05;245.80;320.30;41.10;33.00;;;;;;;;;;;;;;;;;;;;;;;;;;;;;;;;;;;;;;;;;;
2009-12-18 16:00:00;1.59;1.96;2.44;1.75;1.15;2.08;5.80;5.90;4.70;3.50;11.70;1.28;1.29;0.065;0.390;1.10;336;0.063;2.818;0.11;1.74;6.10;4.60;6.10;0.42;0.08;312.20;327.20;18.90;32.40;;;;;;;;;;;;;;;;;;;;;;;;;;;;;;;;;;;;;;;;;;
2009-12-18 16:30:00;1.55;1.86;2.40;1.71;1.11;1.99;5.80;5.70;4.70;5.20;12.50;1.44;1.27;0.066;0.243;1.30;343;0.086;2.985;0.10;1.71;4.80;4.70;6.20;0.42;0.07;340.00;326.30;22.80;31.50;;;;;;;;;;;;;;;;;;;;;;;;;;;;;;;;;;;;;;;;;;
2009-12-18 17:00:00;1.41;1.70;2.09;1.59;1.02;1.91;6.00;6.00;4.70;9.70;12.30;1.30;1.30;0.063;0.455;0.90;335;0.045;2.878;0.14;1.58;11.30;4.70;6.40;0.46;0.04;243.50;324.90;41.60;34.20;;;;;;;;;;;;;;;;;;;;;;;;;;;;;;;;;;;;;;;;;;
2009-12-18 17:30:00;1.31;1.62;1.98;1.48;0.94;1.76;6.10;6.70;4.70;5.20;11.50;1.14;1.40;0.065;0.347;1.10;338;0.084;2.906;0.09;1.46;10.70;4.70;6.80;0.51;0.21;244.80;317.60;37.30;35.60;;;;;;;;;;;;;;;;;;;;;;;;;;;;;;;;;;;;;;;;;;
2009-12-18 18:00:00;1.33;1.65;2.14;1.51;0.97;1.84;6.10;7.10;4.70;6.70;13.00;1.24;1.33;0.060;0.168;1.30;340;0.089;3.025;0.04;1.48;11.00;4.60;6.60;0.48;0.14;234.00;320.30;36.00;36.90;;;;;;;;;;;;;;;;;;;;;;;;;;;;;;;;;;;;;;;;;;
2009-12-18 18:30:00;1.29;1.55;2.14;1.47;0.92;1.66;5.60;6.60;4.40;7.60;11.00;1.34;1.20;0.061;0.377;1.10;363;0.062;2.977;0.02;1.46;11.40;4.50;6.30;0.46;0.07;239.40;329.20;38.90;40.10;;;;;;;;;;;;;;;;;;;;;;;;;;;;;;;;;;;;;;;;;;
2009-12-18 19:00:00;1.20;1.45;1.99;1.37;0.87;1.65;5.80;5.80;4.40;9.80;13.10;1.08;1.18;0.064;0.462;0.90;361;-0.039;2.833;0.10;1.34;11.80;4.40;6.30;0.46;0.08;240.00;336.10;39.50;42.10;;;;;;;;;;;;;;;;;;;;;;;;;;;;;;;;;;;;;;;;;;
2009-12-18 19:30:00;1.20;1.48;2.13;1.37;0.86;1.65;5.40;5.80;4.30;2.90;11.40;1.18;1.10;0.069;0.368;1.10;373;0.055;3.163;0.05;1.36;10.70;4.30;5.90;0.44;0.13;244.10;350.70;43.60;44.40;;;;;;;;;;;;;;;;;;;;;;;;;;;;;;;;;;;;;;;;;;
2009-12-18 20:00:00;1.20;1.49;2.04;1.39;0.87;1.61;5.20;5.60;4.20;4.20;11.80;1.25;1.22;0.066;0.291;1.00;374;0.106;3.007;0.07;1.37;11.30;4.20;6.00;0.45;0.12;247.40;8.70;46.00;48.20;;;;;;;;;;;;;;;;;;;;;;;;;;;;;;;;;;;;;;;;;;
2009-12-18 20:30:00;1.28;1.55;2.10;1.48;0.94;1.66;5.20;5.30;4.20;4.10;12.80;1.24;1.12;0.062;0.254;1.20;379;0.019;2.811;0.16;1.46;4.40;4.20;5.60;0.39;0.21;65.00;34.80;40.80;44.80;;;;;;;;;;;;;;;;;;;;;;;;;;;;;;;;;;;;;;;;;;
2009-12-18 21:00:00;1.43;1.71;2.18;1.60;1.03;1.84;5.40;5.20;4.50;5.30;12.20;1.47;1.27;0.061;0.174;1.00;351;0.172;3.023;0.15;1.59;4.70;4.40;5.90;0.41;0.19;75.00;56.10;34.40;41.50;;;;;;;;;;;;;;;;;;;;;;;;;;;;;;;;;;;;;;;;;;
2009-12-18 21:30:00;1.33;1.63;2.02;1.50;0.95;1.78;5.00;5.00;4.30;5.30;11.80;1.20;1.10;0.059;0.166;1.40;369;0.144;2.836;0.25;1.50;4.70;4.30;5.70;0.39;0.21;69.70;64.70;33.10;40.50;;;;;;;;;;;;;;;;;;;;;;;;;;;;;;;;;;;;;;;;;;
2009-12-18 22:00:00;1.37;1.67;2.33;1.57;1.02;1.78;5.10;5.30;4.50;4.90;9.10;1.31;1.15;0.054;0.118;2.20;358;0.119;2.784;0.16;1.57;4.70;4.40;5.40;0.36;0.29;81.00;81.30;25.40;37.30;;;;;;;;;;;;;;;;;;;;;;;;;;;;;;;;;;;;;;;;;;
2009-12-18 22:30:00;1.27;1.55;2.25;1.41;0.90;1.67;5.40;5.20;4.40;5.20;11.20;1.52;1.02;0.058;0.264;0.80;360;0.197;3.109;0.15;1.37;4.90;4.40;5.80;0.40;0.20;93.30;86.20;29.60;40.20;;;;;;;;;;;;;;;;;;;;;;;;;;;;;;;;;;;;;;;;;;
2009-12-18 23:00:00;1.23;1.54;1.98;1.37;0.89;1.69;5.30;5.50;4.50;4.80;11.20;1.34;1.06;0.054;0.257;1.10;357;0.068;2.909;0.22;1.34;4.80;4.50;5.80;0.40;0.21;99.50;96.70;28.30;37.90;;;;;;;;;;;;;;;;;;;;;;;;;;;;;;;;;;;;;;;;;;
2009-12-18 23:30:00;1.15;1.42;1.90;1.30;0.83;1.55;5.70;5.80;4.70;5.10;10.80;0.98;1.02;0.051;0.340;0.90;342;0.031;2.838;0.23;1.27;5.20;4.60;6.20;0.44;0.12;109.70;110.50;31.00;38.40;;;;;;;;;;;;;;;;;;;;;;;;;;;;;;;;;;;;;;;;;;
2009-12-19 00:00:00;1.11;1.36;1.66;1.22;0.80;1.52;6.10;6.00;4.80;6.50;12.50;0.97;0.95;0.047;0.264;1.10;330;0.054;2.916;0.04;1.19;5.30;4.70;6.20;0.43;0.13;107.50;106.60;28.10;39.20;;;;;;;;;;;;;;;;;;;;;;;;;;;;;;;;;;;;;;;;;;
2009-12-19 00:30:00;1.06;1.31;1.84;1.17;0.75;1.43;5.70;5.70;4.60;6.30;11.10;1.01;1.08;0.047;0.348;1.10;346;0.059;3.057;0.10;1.16;5.10;4.60;6.20;0.43;0.12;105.70;102.80;35.70;38.80;;;;;;;;;;;;;;;;;;;;;;;;;;;;;;;;;;;;;;;;;;
2009-12-19 01:00:00;0.91;1.15;1.63;1.02;0.65;1.30;5.60;6.10;4.40;5.90;12.40;0.91;0.91;0.044;0.187;1.10;357;0.097;3.024;0.15;0.99;10.70;4.50;6.20;0.46;0.08;251.30;106.60;32.20;42.90;;;;;;;;;;;;;;;;;;;;;;;;;;;;;;;;;;;;;;;;;;
2009-12-19 01:30:00;0.87;1.07;1.39;0.97;0.62;1.18;5.50;5.90;4.30;4.60;10.10;0.78;0.75;0.052;0.341;1.00;366;0.023;2.980;0.19;0.95;10.30;4.30;6.10;0.49;0.10;251.60;97.60;38.20;45.20;;;;;;;;;;;;;;;;;;;;;;;;;;;;;;;;;;;;;;;;;;
2009-12-19 02:00:00;0.81;1.01;1.43;0.94;0.59;1.14;5.60;5.80;4.30;4.00;10.50;0.98;0.69;0.041;0.107;1.20;366;0.166;2.926;-0.01;0.91;5.10;4.30;6.00;0.47;0.15;104.80;92.90;33.50;44.30;;;;;;;;;;;;;;;;;;;;;;;;;;;;;;;;;;;;;;;;;;
2009-12-19 02:30:00;0.86;1.04;1.32;0.96;0.62;1.14;5.80;6.30;4.50;4.10;13.40;0.81;0.80;0.049;0.308;0.90;354;0.075;2.990;0.10;0.94;10.30;4.40;6.20;0.47;0.13;247.30;97.70;33.40;45.00;;;;;;;;;;;;;;;;;;;;;;;;;;;;;;;;;;;;;;;;;;
2009-12-19 03:00:00;0.81;0.98;1.40;0.92;0.59;1.04;5.40;5.70;4.40;4.50;10.80;0.85;0.88;0.042;0.234;0.90;362;0.027;2.952;0.16;0.91;9.90;4.30;5.70;0.42;0.02;239.70;100.30;40.20;47.40;;;;;;;;;;;;;;;;;;;;;;;;;;;;;;;;;;;;;;;;;;
2009-12-19 03:30:00;0.78;0.95;1.34;0.87;0.56;1.05;5.40;5.60;4.40;6.10;10.60;0.63;0.88;0.042;0.301;0.90;365;-0.060;2.929;0.08;0.86;5.10;4.30;5.80;0.43;0.09;114.70;110.70;36.60;45.60;;;;;;;;;;;;;;;;;;;;;;;;;;;;;;;;;;;;;;;;;;
2009-12-19 04:00:00;0.78;0.98;1.53;0.88;0.57;1.15;5.00;5.10;4.10;4.90;9.70;0.96;0.85;0.046;0.160;1.10;385;0.115;3.321;0.20;0.87;4.70;4.20;5.50;0.42;0.15;120.90;104.00;34.10;44.20;;;;;;;;;;;;;;;;;;;;;;;;;;;;;;;;;;;;;;;;;;
2009-12-19 04:30:00;0.74;0.93;1.19;0.84;0.53;1.03;5.00;5.80;4.00;6.90;11.80;0.72;0.66;0.050;0.311;1.00;396;0.123;3.173;0.10;0.82;4.70;4.00;5.60;0.46;0.15;124.00;94.70;37.40;46.60;;;;;;;;;;;;;;;;;;;;;;;;;;;;;;;;;;;;;;;;;;
2009-12-19 05:00:00;0.71;0.86;1.03;0.82;0.51;0.92;5.30;6.00;4.10;9.00;11.00;0.68;0.57;0.046;0.206;1.30;388;0.136;2.838;0.06;0.81;10.60;4.10;5.80;0.47;0.20;255.30;108.40;41.00;48.10;;;;;;;;;;;;;;;;;;;;;;;;;;;;;;;;;;;;;;;;;;
2009-12-19 05:30:00;0.69;0.84;1.11;0.79;0.51;0.96;5.40;5.80;4.30;4.80;9.90;0.73;0.63;0.040;0.246;1.10;367;0.017;2.882;0.19;0.77;5.10;4.20;5.80;0.46;0.20;140.80;114.10;56.30;47.20;;;;;;;;;;;;;;;;;;;;;;;;;;;;;;;;;;;;;;;;;;
2009-12-19 06:00:00;0.65;0.80;1.00;0.74;0.46;0.90;5.60;6.40;4.10;5.50;11.40;0.63;0.63;0.041;0.324;0.90;392;-0.031;3.139;0.12;0.72;5.10;4.20;6.00;0.48;0.18;141.90;145.10;46.50;47.60;;;;;;;;;;;;;;;;;;;;;;;;;;;;;;;;;;;;;;;;;;
2009-12-19 06:30:00;0.63;0.78;1.10;0.73;0.45;0.85;5.30;5.70;4.00;6.20;9.90;0.62;0.61;0.056;0.280;1.00;402;0.079;3.121;0.14;0.70;5.20;4.10;5.80;0.49;0.26;137.80;149.90;50.10;48.60;;;;;;;;;;;;;;;;;;;;;;;;;;;;;;;;;;;;;;;;;;
2009-12-19 07:00:00;0.61;0.77;1.06;0.74;0.45;0.83;4.70;4.90;3.60;4.80;9.70;0.69;0.53;0.059;0.343;0.90;438;0.098;2.864;0.06;0.71;5.30;3.60;5.30;0.48;0.32;139.60;36.50;45.50;47.60;;;;;;;;;;;;;;;;;;;;;;;;;;;;;;;;;;;;;;;;;;
2009-12-19 07:30:00;0.64;0.81;1.09;0.75;0.46;0.93;5.10;5.70;3.80;7.10;10.00;0.66;0.63;0.055;0.173;1.20;417;0.035;2.927;0.03;0.73;10.20;3.80;5.50;0.48;0.28;256.60;354.90;42.10;47.40;;;;;;;;;;;;;;;;;;;;;;;;;;;;;;;;;;;;;;;;;;
2009-12-19 08:00:00;0.60;0.74;0.99;0.70;0.44;0.82;5.20;5.60;3.90;5.60;9.20;0.56;0.69;0.047;0.228;1.10;406;0.056;2.912;0.06;0.68;10.20;3.80;5.60;0.50;0.30;252.10;322.10;47.20;49.20;;;;;;;;;;;;;;;;;;;;;;;;;;;;;;;;;;;;;;;;;;
2009-12-19 08:30:00;0.55;0.69;0.94;0.67;0.40;0.76;4.80;5.40;3.60;7.30;10.00;0.47;0.58;0.055;0.336;0.90;440;-0.042;2.878;0.08;0.64;5.10;3.70;5.40;0.48;0.31;144.20;326.70;57.20;49.30;;;;;;;;;;;;;;;;;;;;;;;;;;;;;;;;;;;;;;;;;;
2009-12-19 09:00:00;0.57;0.70;0.93;0.67;0.41;0.74;4.80;5.10;3.70;5.40;9.40;0.53;0.55;0.049;0.235;1.00;435;0.086;2.959;0.08;0.65;4.90;3.60;5.30;0.47;0.30;156.70;312.60;59.90;47.20;;;;;;;;;;;;;;;;;;;;;;;;;;;;;;;;;;;;;;;;;;
2009-12-19 09:30:00;0.59;0.73;1.07;0.70;0.43;0.84;4.60;5.20;3.70;4.70;10.80;0.64;0.60;0.047;0.123;1.40;431;0.118;3.029;0.05;0.68;2.90;3.60;5.20;0.46;0.32;359.80;317.20;27.90;44.30;;;;;;;;;;;;;;;;;;;;;;;;;;;;;;;;;;;;;;;;;;
2009-12-19 10:00:00;0.57;0.71;1.17;0.69;0.42;0.81;4.30;4.40;3.50;2.60;11.00;0.58;0.72;0.054;0.248;0.90;459;0.116;3.065;0.07;0.67;3.00;3.50;5.00;0.44;0.32;352.50;323.90;31.00;42.10;;;;;;;;;;;;;;;;;;;;;;;;;;;;;;;;;;;;;;;;;;
2009-12-19 10:30:00;0.56;0.69;0.98;0.66;0.41;0.75;4.30;4.40;3.70;3.90;11.20;0.63;0.48;0.049;0.218;0.90;434;0.131;2.991;0.12;0.64;3.10;3.60;5.20;0.44;0.26;348.30;325.00;30.90;44.40;;;;;;;;;;;;;;;;;;;;;;;;;;;;;;;;;;;;;;;;;;
2009-12-19 11:00:00;0.53;0.66;0.90;0.63;0.39;0.72;4.70;5.10;3.60;8.50;10.20;0.57;0.55;0.047;0.163;1.30;437;0.070;3.024;0.02;0.61;10.20;3.60;5.40;0.48;0.27;272.30;314.60;45.00;44.90;;;;;;;;;;;;;;;;;;;;;;;;;;;;;;;;;;;;;;;;;;
2009-12-19 11:30:00;0.53;0.68;0.86;0.64;0.39;0.77;4.20;4.30;3.50;9.20;10.30;0.55;0.50;0.048;0.287;0.80;460;-0.014;3.066;0.09;0.62;3.00;3.50;5.10;0.44;0.28;346.00;322.90;32.20;42.40;;;;;;;;;;;;;;;;;;;;;;;;;;;;;;;;;;;;;;;;;;
2009-12-19 12:00:00;0.54;0.66;0.77;0.63;0.39;0.70;4.50;4.60;3.60;4.00;9.20;0.51;0.48;0.042;0.255;0.90;438;0.008;2.863;0.03;0.62;9.90;3.60;5.00;0.44;0.20;264.20;319.10;45.00;44.40;;;;;;;;;;;;;;;;;;;;;;;;;;;;;;;;;;;;;;;;;;
2009-12-19 12:30:00;0.53;0.67;0.85;0.61;0.38;0.78;4.60;4.90;3.70;6.80;10.50;0.52;0.48;0.044;0.219;0.90;424;0.080;3.141;0.00;0.58;9.90;3.60;5.10;0.44;0.14;267.10;317.70;43.10;43.00;;;;;;;;;;;;;;;;;;;;;;;;;;;;;;;;;;;;;;;;;;
2009-12-19 13:00:00;0.50;0.62;0.92;0.60;0.37;0.65;4.70;5.60;3.60;6.60;10.00;0.51;0.55;0.047;0.201;0.80;440;-0.006;2.826;0.11;0.58;6.50;3.70;5.30;0.47;0.24;296.80;313.50;30.80;42.40;;;;;;;;;;;;;;;;;;;;;;;;;;;;;;;;;;;;;;;;;;
2009-12-19 13:30:00;0.55;0.68;0.97;0.64;0.40;0.76;4.50;4.70;3.60;2.90;10.30;0.58;0.53;0.044;0.182;1.00;440;0.079;3.031;0.05;0.62;5.70;3.60;5.00;0.44;0.19;295.50;316.60;35.70;40.50;;;;;;;;;;;;;;;;;;;;;;;;;;;;;;;;;;;;;;;;;;
2009-12-19 14:00:00;0.57;0.71;0.97;0.68;0.41;0.78;4.10;4.40;3.50;4.00;8.80;0.56;0.63;0.051;0.177;1.20;458;0.059;2.999;0.11;0.65;3.00;3.50;4.90;0.42;0.17;349.20;320.90;28.30;36.50;;;;;;;;;;;;;;;;;;;;;;;;;;;;;;;;;;;;;;;;;;
2009-12-19 14:30:00;0.60;0.74;1.01;0.70;0.43;0.81;4.20;4.50;3.50;4.60;8.90;0.58;0.56;0.044;0.275;0.90;449;0.072;2.840;0.08;0.68;3.40;3.60;4.60;0.37;0.02;313.50;318.60;27.20;34.30;;;;;;;;;;;;;;;;;;;;;;;;;;;;;;;;;;;;;;;;;;
2009-12-19 15:00:00;0.62;0.78;1.05;0.72;0.45;0.87;4.20;4.30;3.60;4.00;10.00;0.65;0.54;0.047;0.260;1.20;435;0.133;2.993;0.01;0.71;4.00;3.70;4.80;0.39;0.08;320.90;317.60;26.80;34.80;;;;;;;;;;;;;;;;;;;;;;;;;;;;;;;;;;;;;;;;;;
2009-12-19 15:30:00;0.66;0.82;1.11;0.76;0.48;0.91;4.40;4.50;3.80;6.10;7.60;0.69;0.58;0.042;0.162;1.20;424;0.108;2.941;0.09;0.75;4.20;3.70;4.80;0.38;0.12;310.90;313.60;24.90;33.50;;;;;;;;;;;;;;;;;;;;;;;;;;;;;;;;;;;;;;;;;;
2009-12-19 16:00:00;0.62;0.75;1.01;0.72;0.45;0.78;4.30;4.20;3.70;4.20;9.70;0.66;0.57;0.045;0.207;0.90;425;0.055;2.787;-0.02;0.70;4.40;3.70;4.80;0.38;0.09;313.00;312.40;25.70;33.50;;;;;;;;;;;;;;;;;;;;;;;;;;;;;;;;;;;;;;;;;;
2009-12-19 16:30:00;0.62;0.76;1.02;0.72;0.45;0.83;4.30;4.70;3.60;3.80;10.70;0.56;0.56;0.047;0.246;1.20;442;0.036;2.809;0.02;0.71;3.80;3.60;4.70;0.39;0.01;319.10;313.00;25.00;33.70;;;;;;;;;;;;;;;;;;;;;;;;;;;;;;;;;;;;;;;;;;
2009-12-19 17:00:00;0.56;0.71;0.99;0.64;0.40;0.80;4.40;4.30;3.60;4.60;9.70;0.65;0.53;0.043;0.135;1.70;438;0.107;3.206;0.11;0.63;4.30;3.70;5.00;0.42;0.05;316.70;310.10;25.90;36.80;;;;;;;;;;;;;;;;;;;;;;;;;;;;;;;;;;;;;;;;;;
2009-12-19 17:30:00;0.53;0.64;0.83;0.63;0.39;0.71;4.50;5.00;3.70;5.70;9.40;0.52;0.53;0.041;0.164;1.10;423;0.014;2.915;0.07;0.61;4.60;3.70;5.20;0.44;0.09;300.40;304.00;32.40;38.10;;;;;;;;;;;;;;;;;;;;;;;;;;;;;;;;;;;;;;;;;;
2009-12-19 18:00:00;0.52;0.67;0.93;0.62;0.38;0.74;4.70;5.50;3.60;4.90;9.20;0.52;0.53;0.049;0.275;0.90;442;0.024;3.083;0.05;0.59;7.80;3.60;5.20;0.45;0.19;273.20;300.90;53.30;39.40;;;;;;;;;;;;;;;;;;;;;;;;;;;;;;;;;;;;;;;;;;
2009-12-19 18:30:00;0.50;0.62;0.77;0.59;0.37;0.69;4.70;5.00;3.70;6.10;8.60;0.49;0.47;0.044;0.161;1.20;430;0.098;2.940;0.07;0.57;5.30;3.70;5.30;0.47;0.23;297.50;300.40;27.80;40.00;;;;;;;;;;;;;;;;;;;;;;;;;;;;;;;;;;;;;;;;;;
2009-12-19 19:00:00;0.55;0.66;0.81;0.63;0.39;0.70;4.80;5.70;3.70;7.40;9.70;0.55;0.49;0.049;0.181;1.10;435;0.146;2.937;0.00;0.61;8.30;3.60;5.30;0.48;0.20;252.70;292.70;57.20;40.50;;;;;;;;;;;;;;;;;;;;;;;;;;;;;;;;;;;;;;;;;;
2009-12-19 19:30:00;0.58;0.73;1.20;0.70;0.42;0.84;4.10;4.40;3.40;3.00;8.50;0.59;0.63;0.057;0.279;0.80;466;0.058;3.010;0.01;0.66;3.30;3.40;4.80;0.42;0.18;307.40;294.40;24.40;38.30;;;;;;;;;;;;;;;;;;;;;;;;;;;;;;;;;;;;;;;;;;
2009-12-19 20:00:00;0.63;0.78;1.10;0.76;0.46;0.85;4.00;4.20;3.40;4.40;9.40;0.73;0.63;0.058;0.255;1.00;463;0.101;2.981;0.07;0.72;3.50;3.40;4.60;0.39;0.08;303.60;290.70;29.30;37.90;;;;;;;;;;;;;;;;;;;;;;;;;;;;;;;;;;;;;;;;;;
2009-12-19 20:30:00;0.75;0.93;1.42;0.88;0.54;0.99;3.90;4.00;3.40;2.90;8.40;0.92;0.68;0.061;0.312;0.80;468;0.155;2.960;0.12;0.85;3.60;3.40;4.30;0.34;0.18;301.00;291.40;29.00;34.70;;;;;;;;;;;;;;;;;;;;;;;;;;;;;;;;;;;;;;;;;;
2009-12-19 21:00:00;0.92;1.13;1.42;1.04;0.66;1.20;4.10;4.10;3.70;3.80;8.20;0.80;0.71;0.058;0.229;1.10;432;0.159;2.936;0.19;1.00;3.90;3.60;4.30;0.31;0.35;297.30;288.10;21.60;32.00;;;;;;;;;;;;;;;;;;;;;;;;;;;;;;;;;;;;;;;;;;
2009-12-19 21:30:00;0.97;1.20;1.61;1.11;0.69;1.38;4.40;4.40;3.70;4.50;8.70;1.01;0.77;0.061;0.373;1.10;429;0.190;2.967;0.23;1.10;4.30;3.80;4.50;0.32;0.43;294.70;289.70;20.20;31.20;;;;;;;;;;;;;;;;;;;;;;;;;;;;;;;;;;;;;;;;;;
2009-12-19 22:00:00;1.13;1.44;1.87;1.28;0.82;1.67;4.30;4.40;3.90;4.30;9.10;1.22;1.04;0.070;0.486;0.90;413;0.101;2.975;0.28;1.25;4.60;3.90;4.50;0.31;0.43;295.90;287.90;20.60;30.50;;;;;;;;;;;;;;;;;;;;;;;;;;;;;;;;;;;;;;;;;;
2009-12-19 22:30:00;1.33;1.68;2.21;1.49;0.97;1.91;4.70;4.60;4.10;4.90;7.50;1.32;1.07;0.060;0.304;1.00;392;0.149;2.967;0.32;1.48;4.70;4.10;4.70;0.30;0.49;293.90;289.00;19.70;29.20;;;;;;;;;;;;;;;;;;;;;;;;;;;;;;;;;;;;;;;;;;
2009-12-19 23:00:00;1.58;2.03;2.63;1.71;1.13;2.38;4.90;5.10;4.40;5.40;7.90;1.54;1.44;0.063;0.404;1.00;364;0.151;3.053;0.36;1.69;5.10;4.30;4.90;0.30;0.52;288.70;284.50;20.20;28.60;;;;;;;;;;;;;;;;;;;;;;;;;;;;;;;;;;;;;;;;;;
2009-12-19 23:30:00;1.76;2.25;3.14;1.90;1.24;2.62;5.20;5.30;4.50;5.30;8.00;1.91;1.59;0.066;0.386;0.90;351;0.214;3.154;0.50;1.90;5.50;4.60;5.20;0.30;0.57;288.20;284.60;23.20;29.60;;;;;;;;;;;;;;;;;;;;;;;;;;;;;;;;;;;;;;;;;;
2009-12-20 00:00:00;2.02;2.55;3.99;2.16;1.44;2.77;5.60;5.60;4.80;5.40;8.30;2.26;1.93;0.071;0.316;1.10;330;0.170;3.294;0.47;2.12;6.10;4.80;5.50;0.32;0.53;291.50;285.20;20.60;29.30;;;;;;;;;;;;;;;;;;;;;;;;;;;;;;;;;;;;;;;;;;
2009-12-20 00:30:00;2.21;2.73;3.40;2.39;1.61;3.02;5.80;6.00;5.10;5.80;8.80;1.93;1.92;0.062;0.169;1.50;311;0.073;2.825;0.49;2.32;6.30;5.00;5.70;0.32;0.52;292.10;286.70;23.30;29.20;;;;;;;;;;;;;;;;;;;;;;;;;;;;;;;;;;;;;;;;;;
2009-12-20 01:00:00;2.33;2.90;3.87;2.49;1.68;3.14;6.10;6.00;5.30;6.40;9.50;2.26;2.15;0.056;0.130;2.00;299;0.075;2.912;0.42;2.46;6.30;5.20;5.90;0.33;0.54;294.40;288.70;23.40;29.70;;;;;;;;;;;;;;;;;;;;;;;;;;;;;;;;;;;;;;;;;;
2009-12-20 01:30:00;2.56;3.34;4.45;2.77;1.83;3.70;6.30;6.40;5.30;6.40;9.10;2.67;2.57;0.066;0.265;1.50;298;0.145;3.267;0.42;2.84;6.60;5.30;6.10;0.33;0.53;286.20;282.60;18.70;27.50;;;;;;;;;;;;;;;;;;;;;;;;;;;;;;;;;;;;;;;;;;
2009-12-20 02:00:00;2.62;3.35;4.84;2.81;1.88;3.67;6.50;6.70;5.50;6.40;8.80;2.46;2.54;0.066;0.202;2.00;290;0.119;3.097;0.36;2.86;7.30;5.50;6.40;0.35;0.52;292.00;284.60;20.70;29.80;;;;;;;;;;;;;;;;;;;;;;;;;;;;;;;;;;;;;;;;;;
2009-12-20 02:30:00;2.89;3.68;5.26;3.08;2.09;4.07;6.70;6.80;5.70;6.80;10.20;2.65;2.61;0.068;0.330;1.70;279;0.052;3.038;0.47;3.03;7.30;5.50;6.40;0.34;0.51;293.50;286.20;23.20;29.10;;;;;;;;;;;;;;;;;;;;;;;;;;;;;;;;;;;;;;;;;;
2009-12-20 03:00:00;3.03;3.81;5.32;3.25;2.18;4.47;6.70;6.80;5.90;6.60;10.20;3.29;2.40;0.064;0.220;1.70;269;0.236;3.194;0.38;3.27;7.30;5.80;6.70;0.34;0.53;291.50;286.00;20.70;27.90;;;;;;;;;;;;;;;;;;;;;;;;;;;;;;;;;;;;;;;;;;
2009-12-20 03:30:00;3.19;4.14;6.42;3.44;2.34;4.62;7.00;6.80;6.10;8.20;10.70;4.09;3.42;0.074;0.732;1.00;259;0.165;3.467;0.43;3.38;7.50;5.90;6.80;0.34;0.52;285.30;282.80;22.00;27.70;;;;;;;;;;;;;;;;;;;;;;;;;;;;;;;;;;;;;;;;;;
2009-12-20 04:00:00;3.27;4.03;5.09;3.47;2.34;4.49;7.10;7.20;6.20;6.30;9.50;3.02;2.67;0.065;0.169;1.80;258;0.100;2.931;0.45;3.41;7.80;5.90;6.90;0.36;0.54;285.90;277.70;23.00;29.90;;;;;;;;;;;;;;;;;;;;;;;;;;;;;;;;;;;;;;;;;;
2009-12-20 04:30:00;3.32;4.03;5.10;3.50;2.35;4.38;7.20;7.10;6.00;6.50;10.70;2.93;2.84;0.075;0.315;0.90;266;0.081;2.872;0.45;3.48;8.00;6.00;7.00;0.36;0.52;286.90;279.90;23.40;29.60;;;;;;;;;;;;;;;;;;;;;;;;;;;;;;;;;;;;;;;;;;
2009-12-20 05:00:00;3.23;3.99;4.95;3.40;2.30;4.34;7.10;7.10;6.10;7.90;10.30;3.33;2.66;0.067;0.229;1.80;259;0.160;3.073;0.33;3.45;8.00;6.00;7.00;0.36;0.50;281.10;274.70;20.90;28.00;;;;;;;;;;;;;;;;;;;;;;;;;;;;;;;;;;;;;;;;;;
2009-12-20 05:30:00;3.27;4.19;6.32;3.46;2.32;4.64;7.30;7.30;6.20;8.00;11.30;3.59;2.99;0.067;0.562;0.80;256;0.130;3.364;0.50;3.50;7.80;6.10;7.10;0.36;0.54;278.80;275.50;22.70;28.30;;;;;;;;;;;;;;;;;;;;;;;;;;;;;;;;;;;;;;;;;;
2009-12-20 06:00:00;3.06;3.88;5.52;3.27;2.16;4.23;7.10;7.20;5.80;8.30;9.50;3.30;2.99;0.076;0.450;0.90;277;0.049;3.243;0.40;3.15;7.80;5.80;6.80;0.37;0.48;284.60;279.20;28.60;33.50;;;;;;;;;;;;;;;;;;;;;;;;;;;;;;;;;;;;;;;;;;
2009-12-20 06:30:00;3.24;3.96;5.64;3.48;2.34;4.38;7.30;7.30;6.20;8.10;11.90;3.05;2.73;0.066;0.187;1.90;257;0.168;2.892;0.39;3.43;7.80;6.00;7.00;0.36;0.55;283.30;280.90;21.20;27.90;;;;;;;;;;;;;;;;;;;;;;;;;;;;;;;;;;;;;;;;;;
2009-12-20 07:00:00;2.94;3.66;4.77;3.08;2.07;4.10;7.20;7.10;5.90;6.40;10.70;2.64;2.71;0.064;0.263;0.90;268;0.116;3.014;0.45;2.96;7.80;5.70;6.80;0.38;0.48;287.80;282.80;25.60;31.80;;;;;;;;;;;;;;;;;;;;;;;;;;;;;;;;;;;;;;;;;;
2009-12-20 07:30:00;3.00;3.67;4.75;3.21;2.15;4.02;7.10;7.20;6.00;6.80;10.20;2.85;2.53;0.064;0.351;1.00;267;0.073;2.898;0.42;3.20;7.80;5.90;6.90;0.37;0.51;290.70;284.50;23.50;31.20;;;;;;;;;;;;;;;;;;;;;;;;;;;;;;;;;;;;;;;;;;
2009-12-20 08:00:00;2.75;3.36;4.16;2.94;1.96;3.63;7.20;7.20;5.90;7.40;10.20;2.51;2.09;0.059;0.154;2.60;272;0.111;2.853;0.33;3.00;8.30;5.90;7.00;0.38;0.48;287.10;284.40;22.80;32.00;;;;;;;;;;;;;;;;;;;;;;;;;;;;;;;;;;;;;;;;;;
2009-12-20 08:30:00;2.90;3.65;5.26;3.03;2.05;4.03;7.10;7.00;6.00;7.00;11.00;2.71;2.55;0.062;0.297;1.20;267;0.151;3.218;0.41;3.00;7.80;5.80;6.90;0.38;0.48;281.20;279.90;25.30;32.00;;;;;;;;;;;;;;;;;;;;;;;;;;;;;;;;;;;;;;;;;;
2009-12-20 09:00:00;2.81;3.58;4.48;3.06;2.02;3.86;7.00;7.20;5.90;7.60;11.50;2.38;2.49;0.068;0.317;1.20;268;0.051;2.939;0.22;3.01;8.30;5.90;6.90;0.37;0.43;288.20;283.80;28.60;33.10;;;;;;;;;;;;;;;;;;;;;;;;;;;;;;;;;;;;;;;;;;
2009-12-20 09:30:00;2.64;3.30;4.49;2.87;1.89;3.64;7.00;7.00;5.80;7.60;9.60;3.04;2.28;0.061;0.259;1.60;272;0.190;3.178;0.19;2.80;7.80;5.80;6.90;0.39;0.43;285.70;281.90;25.80;32.40;;;;;;;;;;;;;;;;;;;;;;;;;;;;;;;;;;;;;;;;;;
2009-12-20 10:00:00;2.89;3.61;4.45;3.05;2.03;4.02;7.40;7.50;6.00;7.40;10.20;2.83;2.24;0.063;0.213;1.60;262;0.088;3.077;0.43;3.09;8.30;6.10;7.20;0.38;0.49;292.20;284.60;23.60;30.50;;;;;;;;;;;;;;;;;;;;;;;;;;;;;;;;;;;;;;;;;;
2009-12-20 10:30:00;2.52;3.13;3.90;2.72;1.80;3.60;7.10;7.30;5.80;6.20;10.50;2.24;1.89;0.058;0.205;1.00;274;0.063;2.866;0.33;2.73;7.90;5.90;7.00;0.38;0.45;282.50;281.40;26.30;33.50;;;;;;;;;;;;;;;;;;;;;;;;;;;;;;;;;;;;;;;;;;
2009-12-20 11:00:00;2.60;3.22;3.88;2.73;1.87;3.43;7.60;7.40;6.40;7.60;11.50;2.33;2.13;0.056;0.281;1.00;250;0.080;2.954;0.33;2.63;8.30;5.90;7.20;0.41;0.48;283.40;279.40;25.90;32.70;;;;;;;;;;;;;;;;;;;;;;;;;;;;;;;;;;;;;;;;;;
2009-12-20 11:30:00;2.48;3.04;3.75;2.67;1.80;3.45;7.50;7.70;6.20;8.00;10.20;1.89;2.14;0.053;0.154;1.20;256;0.018;2.751;0.33;2.67;8.30;6.10;7.30;0.39;0.49;283.40;278.70;20.40;30.00;;;;;;;;;;;;;;;;;;;;;;;;;;;;;;;;;;;;;;;;;;
2009-12-20 12:00:00;2.44;2.94;3.40;2.64;1.77;3.26;7.70;7.80;6.30;7.30;10.90;1.91;1.86;0.055;0.330;1.10;252;0.038;2.680;0.34;2.63;8.40;6.10;7.30;0.41;0.47;281.30;276.60;21.50;29.80;;;;;;;;;;;;;;;;;;;;;;;;;;;;;;;;;;;;;;;;;;
2009-12-20 12:30:00;2.24;2.85;3.80;2.38;1.59;3.38;7.50;7.90;6.10;7.20;10.80;1.97;2.02;0.049;0.295;1.20;261;0.120;3.144;0.36;2.40;8.30;6.00;7.30;0.41;0.47;286.50;281.20;25.30;32.30;;;;;;;;;;;;;;;;;;;;;;;;;;;;;;;;;;;;;;;;;;
2009-12-20 13:00:00;2.16;2.70;3.82;2.28;1.55;3.04;7.40;7.10;6.10;6.30;10.80;2.37;1.93;0.047;0.183;0.90;262;0.007;3.094;0.29;2.27;8.30;5.90;7.20;0.40;0.43;282.30;277.10;29.10;34.80;;;;;;;;;;;;;;;;;;;;;;;;;;;;;;;;;;;;;;;;;;
2009-12-20 13:30:00;2.09;2.71;3.86;2.25;1.51;3.07;7.70;7.90;6.20;7.60;11.50;2.22;2.36;0.047;0.182;0.90;256;0.094;3.244;0.40;2.26;8.10;6.10;7.40;0.41;0.54;286.00;278.60;25.80;33.20;;;;;;;;;;;;;;;;;;;;;;;;;;;;;;;;;;;;;;;;;;
2009-12-20 14:00:00;2.29;2.84;3.74;2.45;1.67;3.16;7.50;7.30;6.40;8.20;11.60;2.00;1.97;0.056;0.570;0.90;246;0.007;2.819;0.40;2.46;8.10;6.10;7.40;0.40;0.51;283.10;275.40;26.40;31.80;;;;;;;;;;;;;;;;;;;;;;;;;;;;;;;;;;;;;;;;;;
2009-12-20 14:30:00;2.16;2.77;3.61;2.30;1.53;3.11;7.50;7.80;6.20;7.20;10.50;1.92;1.91;0.042;0.261;1.30;256;0.112;3.207;0.45;2.25;8.30;6.20;7.40;0.40;0.51;279.70;271.70;23.50;32.20;;;;;;;;;;;;;;;;;;;;;;;;;;;;;;;;;;;;;;;;;;
2009-12-20 15:00:00;2.08;2.62;3.69;2.23;1.50;2.85;7.70;7.80;6.40;7.40;11.30;2.02;1.75;0.044;0.231;1.20;250;0.050;2.959;0.45;2.23;8.10;6.10;7.30;0.40;0.53;277.90;270.70;29.00;34.30;;;;;;;;;;;;;;;;;;;;;;;;;;;;;;;;;;;;;;;;;;
2009-12-20 15:30:00;2.24;2.83;3.75;2.33;1.62;3.01;7.70;7.80;6.80;7.00;11.70;2.02;1.86;0.038;0.096;1.80;234;-0.017;3.008;0.44;2.34;8.40;6.30;7.40;0.38;0.47;276.20;264.70;27.40;33.40;;;;;;;;;;;;;;;;;;;;;;;;;;;;;;;;;;;;;;;;;;
2009-12-20 16:00:00;2.18;2.61;3.11;2.32;1.55;2.89;7.60;7.70;6.30;7.60;11.20;1.93;1.74;0.045;0.269;0.90;252;0.060;2.828;0.40;2.32;8.10;6.40;7.50;0.37;0.57;270.50;267.60;27.50;33.00;;;;;;;;;;;;;;;;;;;;;;;;;;;;;;;;;;;;;;;;;;
2009-12-20 16:30:00;1.95;2.42;3.57;2.06;1.39;2.60;7.80;7.80;6.60;7.80;11.20;1.76;1.88;0.032;0.061;3.40;242;0.045;2.957;0.47;2.09;8.30;6.40;7.50;0.38;0.54;276.30;271.80;28.30;33.70;;;;;;;;;;;;;;;;;;;;;;;;;;;;;;;;;;;;;;;;;;
2009-12-20 17:00:00;1.96;2.44;3.46;2.11;1.43;2.57;7.70;7.40;6.60;7.10;11.60;1.93;1.77;0.037;0.179;1.10;238;0.059;2.890;0.38;2.09;8.30;6.30;7.40;0.37;0.53;273.60;269.00;31.00;34.30;;;;;;;;;;;;;;;;;;;;;;;;;;;;;;;;;;;;;;;;;;
2009-12-20 17:30:00;1.96;2.46;3.33;2.10;1.40;2.66;7.70;7.70;6.50;6.90;11.10;1.84;1.73;0.039;0.101;1.60;246;0.007;2.907;0.48;2.07;8.30;6.40;7.50;0.38;0.58;280.40;272.40;28.10;33.80;;;;;;;;;;;;;;;;;;;;;;;;;;;;;;;;;;;;;;;;;;
2009-12-20 18:00:00;1.85;2.32;3.07;2.00;1.33;2.70;7.50;7.50;6.10;7.90;10.40;1.90;1.72;0.038;0.302;1.60;260;0.051;2.954;0.40;2.05;7.80;6.20;7.30;0.38;0.54;280.30;271.60;32.80;36.00;;;;;;;;;;;;;;;;;;;;;;;;;;;;;;;;;;;;;;;;;;
2009-12-20 18:30:00;1.97;2.42;3.27;2.10;1.43;2.62;7.50;7.50;6.70;7.00;11.70;2.04;1.66;0.037;0.234;1.20;236;0.107;2.886;0.36;2.07;8.10;6.40;7.60;0.38;0.51;277.70;269.30;26.50;33.40;;;;;;;;;;;;;;;;;;;;;;;;;;;;;;;;;;;;;;;;;;
2009-12-20 19:00:00;1.91;2.37;2.91;2.02;1.37;2.59;7.70;7.30;6.50;7.00;11.00;1.52;1.51;0.039;0.191;1.80;245;0.033;2.796;0.45;2.02;8.00;6.30;7.40;0.37;0.50;282.30;271.40;31.40;36.00;;;;;;;;;;;;;;;;;;;;;;;;;;;;;;;;;;;;;;;;;;
2009-12-20 19:30:00;2.05;2.56;3.66;2.15;1.45;2.90;7.70;7.50;6.60;7.20;12.00;1.89;1.77;0.036;0.137;1.10;242;0.103;3.015;0.49;2.18;7.90;6.40;7.50;0.36;0.56;284.80;276.70;26.30;31.80;;;;;;;;;;;;;;;;;;;;;;;;;;;;;;;;;;;;;;;;;;
2009-12-20 20:00:00;2.02;2.55;3.25;2.14;1.44;2.77;7.40;7.60;6.60;8.30;11.10;1.77;1.71;0.036;0.105;3.20;238;0.097;2.908;0.37;2.06;8.00;6.40;7.40;0.36;0.54;278.90;271.90;26.60;33.00;;;;;;;;;;;;;;;;;;;;;;;;;;;;;;;;;;;;;;;;;;
2009-12-20 20:30:00;1.93;2.39;2.91;2.06;1.38;2.63;7.60;7.70;6.40;7.40;11.00;1.57;1.59;0.035;0.202;0.90;248;0.044;2.855;0.42;2.08;7.80;6.40;7.50;0.36;0.57;283.90;272.90;29.30;35.50;;;;;;;;;;;;;;;;;;;;;;;;;;;;;;;;;;;;;;;;;;
2009-12-20 21:00:00;1.81;2.27;2.97;1.95;1.30;2.81;7.30;7.40;6.20;8.60;12.10;1.61;1.53;0.035;0.079;1.20;257;0.049;2.917;0.47;1.93;7.80;6.20;7.30;0.37;0.47;279.60;270.80;31.40;36.30;;;;;;;;;;;;;;;;;;;;;;;;;;;;;;;;;;;;;;;;;;
2009-12-20 21:30:00;1.89;2.37;3.31;2.04;1.36;2.64;7.60;7.70;6.40;8.30;11.60;1.65;1.66;0.037;0.127;1.00;250;0.004;2.980;0.35;2.06;8.30;6.40;7.50;0.36;0.49;265.30;264.90;29.20;36.60;;;;;;;;;;;;;;;;;;;;;;;;;;;;;;;;;;;;;;;;;;
2009-12-20 22:00:00;1.91;2.38;3.44;2.01;1.36;2.56;7.60;7.60;6.50;8.20;11.70;2.00;1.52;0.039;0.183;1.40;245;0.088;3.029;0.50;1.96;8.00;6.20;7.40;0.38;0.50;278.00;265.70;28.90;35.10;;;;;;;;;;;;;;;;;;;;;;;;;;;;;;;;;;;;;;;;;;
2009-12-20 22:30:00;1.98;2.43;2.86;2.12;1.41;2.66;7.60;7.40;6.20;7.80;10.70;1.70;1.60;0.052;0.514;0.80;257;0.008;2.817;0.43;2.11;7.80;6.30;7.40;0.39;0.57;276.60;268.40;26.00;33.50;;;;;;;;;;;;;;;;;;;;;;;;;;;;;;;;;;;;;;;;;;
2009-12-20 23:00:00;1.93;2.31;3.02;2.05;1.40;2.54;7.70;7.60;6.40;6.70;10.20;1.66;1.38;0.036;0.100;0.90;248;0.085;2.734;0.39;2.10;7.80;6.20;7.40;0.39;0.54;279.20;267.80;29.30;34.70;;;;;;;;;;;;;;;;;;;;;;;;;;;;;;;;;;;;;;;;;;
2009-12-20 23:30:00;1.77;2.18;2.79;1.88;1.26;2.33;7.60;7.70;6.30;7.60;11.50;1.63;1.41;0.036;0.161;1.10;251;0.053;2.920;0.36;1.90;8.10;6.30;7.60;0.41;0.48;280.70;263.50;31.60;38.00;;;;;;;;;;;;;;;;;;;;;;;;;;;;;;;;;;;;;;;;;;
2009-12-21 00:00:00;1.72;2.26;3.08;1.86;1.23;2.63;7.30;7.40;6.10;8.60;11.10;1.59;1.69;0.036;0.142;1.00;261;0.055;3.129;0.44;1.89;7.80;6.20;7.30;0.38;0.51;273.70;263.40;33.60;38.40;;;;;;;;;;;;;;;;;;;;;;;;;;;;;;;;;;;;;;;;;;
2009-12-21 00:30:00;1.83;2.36;3.21;1.93;1.31;2.61;7.50;7.50;6.30;8.40;11.90;2.09;1.85;0.041;0.171;1.30;250;0.084;3.175;0.30;1.91;8.00;6.20;7.40;0.40;0.47;270.60;259.80;32.20;36.70;;;;;;;;;;;;;;;;;;;;;;;;;;;;;;;;;;;;;;;;;;
2009-12-21 01:00:00;1.81;2.22;3.01;1.94;1.31;2.45;7.50;7.50;6.10;9.00;11.20;1.83;1.70;0.039;0.157;2.60;256;0.054;2.858;0.32;1.91;7.80;6.00;7.30;0.41;0.45;270.40;256.70;29.80;35.80;;;;;;;;;;;;;;;;;;;;;;;;;;;;;;;;;;;;;;;;;;
2009-12-21 01:30:00;1.72;2.25;2.83;1.87;1.22;2.71;7.10;7.20;5.60;6.00;11.10;1.90;1.65;0.048;0.187;1.10;284;0.147;3.430;0.35;1.83;7.80;5.60;7.10;0.45;0.42;273.80;254.70;33.90;38.00;;;;;;;;;;;;;;;;;;;;;;;;;;;;;;;;;;;;;;;;;;
2009-12-21 02:00:00;1.86;2.26;3.12;1.98;1.33;2.35;7.40;7.50;5.90;7.50;13.20;1.61;1.72;0.050;0.211;1.10;266;0.090;2.914;0.37;1.97;8.00;5.80;7.20;0.43;0.45;275.10;257.30;27.10;33.90;;;;;;;;;;;;;;;;;;;;;;;;;;;;;;;;;;;;;;;;;;
2009-12-21 02:30:00;1.85;2.35;2.73;1.96;1.31;2.60;7.50;7.30;5.80;6.60;11.20;1.62;1.56;0.047;0.326;0.90;277;0.076;3.045;0.32;1.94;8.30;5.80;7.20;0.42;0.46;277.10;255.70;26.00;34.80;;;;;;;;;;;;;;;;;;;;;;;;;;;;;;;;;;;;;;;;;;
2009-12-21 03:00:00;1.80;2.25;2.99;1.93;1.28;2.45;7.30;7.70;5.90;8.00;11.40;1.46;1.83;0.056;0.440;0.80;271;-0.051;2.992;0.39;1.91;8.30;5.80;7.20;0.42;0.38;273.70;253.90;32.90;35.30;;;;;;;;;;;;;;;;;;;;;;;;;;;;;;;;;;;;;;;;;;
2009-12-21 03:30:00;1.95;2.44;3.02;2.08;1.39;2.68;7.20;7.50;5.80;7.90;11.50;1.81;1.49;0.050;0.183;1.90;272;0.085;2.933;0.41;2.08;7.80;5.80;7.10;0.41;0.47;271.20;255.50;23.40;31.00;;;;;;;;;;;;;;;;;;;;;;;;;;;;;;;;;;;;;;;;;;
2009-12-21 04:00:00;1.76;2.26;2.90;1.90;1.23;2.74;7.00;7.10;5.40;6.90;10.10;1.63;1.66;0.061;0.455;0.80;292;0.051;3.125;0.40;1.88;7.80;5.50;7.00;0.44;0.45;268.00;251.20;29.30;36.20;;;;;;;;;;;;;;;;;;;;;;;;;;;;;;;;;;;;;;;;;;
2009-12-21 04:30:00;1.75;2.22;2.73;1.89;1.24;2.45;6.60;6.80;5.20;7.20;10.90;1.56;1.48;0.057;0.291;1.10;302;0.117;2.996;0.29;1.89;7.80;5.20;6.70;0.44;0.31;268.80;248.10;29.50;36.70;;;;;;;;;;;;;;;;;;;;;;;;;;;;;;;;;;;;;;;;;;
2009-12-21 05:00:00;1.63;2.04;2.57;1.79;1.17;2.27;6.50;6.80;5.20;7.90;10.30;1.58;1.59;0.047;0.147;1.30;302;-0.023;3.004;0.29;1.78;7.30;5.20;6.50;0.41;0.35;280.10;248.40;32.80;39.10;;;;;;;;;;;;;;;;;;;;;;;;;;;;;;;;;;;;;;;;;;
2009-12-21 05:30:00;1.68;2.19;3.27;1.83;1.19;2.47;6.60;6.70;5.30;6.30;10.40;1.70;1.79;0.055;0.328;0.90;300;0.019;3.264;0.34;1.81;7.70;5.30;6.60;0.41;0.35;269.80;248.90;29.60;37.40;;;;;;;;;;;;;;;;;;;;;;;;;;;;;;;;;;;;;;;;;;
2009-12-21 06:00:00;1.65;2.05;2.47;1.77;1.16;2.21;6.70;7.10;5.40;7.20;11.80;1.51;1.51;0.049;0.292;0.90;291;-0.055;2.933;0.15;1.75;7.40;5.40;6.80;0.42;0.28;267.10;252.00;32.00;36.80;;;;;;;;;;;;;;;;;;;;;;;;;;;;;;;;;;;;;;;;;;
2009-12-21 06:30:00;1.72;2.12;2.75;1.86;1.24;2.24;6.70;7.20;5.60;6.30;11.60;1.53;1.40;0.058;0.429;1.00;286;0.114;2.881;0.36;1.84;7.80;5.40;6.60;0.42;0.37;277.10;250.30;28.00;36.50;;;;;;;;;;;;;;;;;;;;;;;;;;;;;;;;;;;;;;;;;;
2009-12-21 07:00:00;1.69;2.04;2.52;1.84;1.21;2.18;6.60;7.30;5.40;7.80;10.90;1.47;1.53;0.047;0.146;1.10;295;0.139;2.899;0.26;1.81;7.50;5.20;6.50;0.42;0.33;275.50;251.90;27.60;37.10;;;;;;;;;;;;;;;;;;;;;;;;;;;;;;;;;;;;;;;;;;
2009-12-21 07:30:00;1.61;2.05;2.73;1.77;1.14;2.28;6.60;6.90;5.30;7.30;11.00;1.53;1.57;0.053;0.189;1.90;297;0.077;3.044;0.29;1.73;7.00;5.20;6.60;0.43;0.35;278.30;253.70;30.70;37.50;;;;;;;;;;;;;;;;;;;;;;;;;;;;;;;;;;;;;;;;;;
2009-12-21 08:00:00;1.57;1.88;2.35;1.74;1.16;2.05;6.50;6.70;5.40;7.00;12.10;1.21;1.50;0.051;0.158;2.70;291;0.089;2.668;0.22;1.69;7.70;5.20;6.60;0.43;0.31;282.70;250.60;25.60;37.50;;;;;;;;;;;;;;;;;;;;;;;;;;;;;;;;;;;;;;;;;;
2009-12-21 08:30:00;1.47;1.87;2.42;1.64;1.06;2.00;6.80;6.90;5.40;5.90;10.30;1.28;1.38;0.052;0.311;1.00;293;0.058;3.096;0.15;1.64;7.30;5.40;6.90;0.42;0.30;279.90;250.00;30.80;39.00;;;;;;;;;;;;;;;;;;;;;;;;;;;;;;;;;;;;;;;;;;
2009-12-21 09:00:00;1.36;1.70;2.17;1.53;0.98;1.90;6.50;7.10;5.20;7.00;10.90;1.24;1.30;0.042;0.172;1.30;305;-0.056;2.891;0.28;1.51;7.20;5.30;6.70;0.43;0.31;282.70;252.90;34.00;41.20;;;;;;;;;;;;;;;;;;;;;;;;;;;;;;;;;;;;;;;;;;
2009-12-21 09:30:00;1.46;1.81;2.25;1.61;1.04;2.03;6.70;6.90;5.20;7.30;13.00;1.35;1.23;0.051;0.234;1.20;302;0.002;2.861;0.21;1.61;7.70;5.30;6.80;0.44;0.34;287.40;257.00;26.40;38.50;;;;;;;;;;;;;;;;;;;;;;;;;;;;;;;;;;;;;;;;;;
2009-12-21 10:00:00;1.55;1.90;2.43;1.67;1.09;2.06;6.40;6.90;5.00;6.50;10.80;1.40;1.46;0.055;0.164;1.90;315;0.057;3.064;0.25;1.62;7.80;5.00;6.50;0.44;0.23;279.50;245.50;25.60;38.80;;;;;;;;;;;;;;;;;;;;;;;;;;;;;;;;;;;;;;;;;;
2009-12-21 11:00:00;1.43;1.80;2.28;1.59;1.04;1.98;6.70;7.00;5.20;7.90;11.60;1.27;1.28;0.054;0.231;1.30;304;0.048;2.907;0.18;1.59;7.80;5.10;6.60;0.44;0.23;284.10;247.40;27.20;40.30;;;;;;;;;;;;;;;;;;;;;;;;;;;;;;;;;;;;;;;;;;
2009-12-21 11:30:00;1.37;1.70;2.69;1.52;0.98;1.93;6.40;6.60;5.00;7.00;13.60;1.30;1.50;0.050;0.258;1.20;319;-0.035;3.174;0.11;1.48;7.50;5.00;6.60;0.45;0.21;282.60;242.30;27.20;40.40;;;;;;;;;;;;;;;;;;;;;;;;;;;;;;;;;;;;;;;;;;
2009-12-21 12:00:00;1.41;1.70;2.05;1.53;1.01;1.84;6.60;6.80;5.40;9.20;11.40;1.23;1.29;0.041;0.138;2.10;297;-0.005;2.925;0.20;1.51;7.30;5.30;6.80;0.43;0.26;284.30;250.60;21.00;37.80;;;;;;;;;;;;;;;;;;;;;;;;;;;;;;;;;;;;;;;;;;
2009-12-21 12:30:00;1.38;1.69;2.08;1.51;0.98;1.84;6.70;7.10;5.20;8.60;11.20;1.18;1.18;0.058;0.422;0.90;305;0.036;2.843;0.13;1.50;7.50;5.20;6.80;0.44;0.21;284.50;243.40;27.70;41.20;;;;;;;;;;;;;;;;;;;;;;;;;;;;;;;;;;;;;;;;;;
2009-12-21 13:00:00;1.33;1.63;2.27;1.46;0.95;1.82;6.50;6.40;5.30;6.20;11.90;1.29;1.30;0.042;0.212;1.00;301;0.011;3.007;0.21;1.43;7.50;5.30;6.70;0.42;0.22;279.00;243.90;24.30;41.60;;;;;;;;;;;;;;;;;;;;;;;;;;;;;;;;;;;;;;;;;;
2009-12-21 13:30:00;1.33;1.69;2.38;1.45;0.95;1.83;6.70;6.50;5.40;5.50;10.70;1.27;1.44;0.042;0.305;0.90;292;0.107;3.297;0.22;1.41;7.50;5.20;6.60;0.40;0.18;283.20;234.30;24.50;44.30;;;;;;;;;;;;;;;;;;;;;;;;;;;;;;;;;;;;;;;;;;
2009-12-21 14:00:00;1.36;1.73;2.46;1.49;0.99;1.93;6.30;6.40;5.40;5.60;10.20;1.18;1.42;0.040;0.187;1.20;297;0.054;2.983;0.15;1.47;7.30;5.20;6.80;0.42;0.13;282.40;222.90;31.60;45.10;;;;;;;;;;;;;;;;;;;;;;;;;;;;;;;;;;;;;;;;;;
2009-12-21 14:30:00;1.47;1.82;2.33;1.62;1.07;1.97;6.60;6.70;5.60;10.10;11.10;1.21;1.25;0.038;0.090;2.00;285;0.040;2.787;0.18;1.61;5.30;5.50;6.70;0.38;0.24;170.20;215.60;47.40;49.70;;;;;;;;;;;;;;;;;;;;;;;;;;;;;;;;;;;;;;;;;;
2009-12-21 15:00:00;1.67;2.08;2.74;1.78;1.19;2.19;6.30;6.30;5.50;6.20;11.60;1.61;1.38;0.041;0.154;1.10;289;0.081;3.041;0.24;1.76;6.00;5.40;6.40;0.35;0.38;156.70;180.90;48.70;54.50;;;;;;;;;;;;;;;;;;;;;;;;;;;;;;;;;;;;;;;;;;
2009-12-21 15:30:00;1.91;2.36;3.38;2.09;1.41;2.49;6.90;6.50;6.00;7.40;12.10;2.15;1.63;0.040;0.103;2.00;263;0.129;2.815;0.31;2.06;7.00;5.80;6.80;0.34;0.46;169.00;175.80;59.80;56.60;;;;;;;;;;;;;;;;;;;;;;;;;;;;;;;;;;;;;;;;;;
2009-12-21 16:00:00;1.85;2.30;3.31;1.99;1.33;2.56;6.80;6.80;5.70;6.60;11.70;2.05;1.45;0.043;0.141;1.40;276;0.068;2.877;0.37;1.96;6.50;5.60;6.70;0.36;0.40;152.40;161.60;46.90;52.50;;;;;;;;;;;;;;;;;;;;;;;;;;;;;;;;;;;;;;;;;;
2009-12-21 16:30:00;1.90;2.38;3.38;2.02;1.33;2.57;6.80;6.80;5.50;6.30;10.20;2.23;1.51;0.050;0.247;1.10;287;0.176;3.189;0.29;2.00;7.20;5.60;6.80;0.39;0.42;154.30;166.90;45.30;52.80;;;;;;;;;;;;;;;;;;;;;;;;;;;;;;;;;;;;;;;;;;
2009-12-21 17:00:00;1.86;2.28;3.10;2.03;1.34;2.45;6.80;7.00;5.50;5.90;10.10;2.00;1.64;0.058;0.322;1.20;286;0.111;2.934;0.37;1.99;7.30;5.30;6.80;0.43;0.44;142.90;149.00;48.40;50.90;;;;;;;;;;;;;;;;;;;;;;;;;;;;;;;;;;;;;;;;;;
2009-12-21 17:30:00;1.81;2.27;3.31;1.94;1.30;2.63;6.80;7.20;5.60;7.00;11.90;2.05;2.06;0.051;0.290;1.80;282;-0.036;3.125;0.24;1.91;7.20;5.50;7.10;0.44;0.40;163.40;158.20;50.90;52.00;;;;;;;;;;;;;;;;;;;;;;;;;;;;;;;;;;;;;;;;;;
2009-12-21 18:00:00;1.85;2.33;3.08;2.01;1.32;2.58;7.10;7.10;5.70;7.30;15.50;1.72;1.59;0.057;0.219;1.00;280;0.032;3.012;0.34;1.97;7.50;5.70;7.30;0.44;0.40;158.00;162.70;51.60;51.90;;;;;;;;;;;;;;;;;;;;;;;;;;;;;;;;;;;;;;;;;;
2009-12-21 18:30:00;1.84;2.36;3.46;2.01;1.31;2.69;7.40;7.30;5.90;6.80;11.00;1.76;1.72;0.047;0.190;1.20;272;0.056;3.131;0.34;2.01;8.10;5.90;7.40;0.44;0.41;156.60;163.20;46.80;50.50;;;;;;;;;;;;;;;;;;;;;;;;;;;;;;;;;;;;;;;;;;
2009-12-21 19:00:00;1.88;2.34;3.19;2.03;1.35;2.55;7.30;7.40;6.00;7.70;11.80;1.69;1.65;0.049;0.163;1.00;265;0.031;3.015;0.30;2.02;8.30;5.80;7.50;0.45;0.41;156.30;160.30;38.80;49.70;;;;;;;;;;;;;;;;;;;;;;;;;;;;;;;;;;;;;;;;;;
2009-12-21 19:30:00;1.85;2.35;2.92;2.02;1.29;2.59;7.50;7.30;5.70;7.50;12.70;1.69;1.66;0.049;0.196;1.00;276;-0.011;3.015;0.40;1.98;8.10;5.90;7.60;0.45;0.44;156.00;160.60;44.50;52.40;;;;;;;;;;;;;;;;;;;;;;;;;;;;;;;;;;;;;;;;;;
2009-12-21 20:00:00;1.84;2.26;2.98;1.97;1.32;2.51;7.30;7.70;6.00;8.30;13.10;1.90;1.68;0.044;0.237;1.00;266;0.038;3.094;0.30;1.93;8.10;5.70;7.60;0.46;0.34;154.80;162.00;45.80;51.80;;;;;;;;;;;;;;;;;;;;;;;;;;;;;;;;;;;;;;;;;;
2009-12-21 20:30:00;1.80;2.23;2.86;1.97;1.27;2.45;7.20;7.60;5.70;7.50;12.00;1.53;1.60;0.054;0.376;0.90;275;-0.071;2.961;0.29;2.00;7.80;5.80;7.60;0.45;0.38;159.10;162.60;42.20;52.00;;;;;;;;;;;;;;;;;;;;;;;;;;;;;;;;;;;;;;;;;;
2009-12-21 21:00:00;1.83;2.30;3.96;1.98;1.34;2.58;7.40;7.30;6.20;7.10;13.30;1.83;2.13;0.035;0.080;2.50;255;0.066;3.155;0.25;1.98;7.80;6.10;7.60;0.42;0.36;153.00;169.80;38.70;50.70;;;;;;;;;;;;;;;;;;;;;;;;;;;;;;;;;;;;;;;;;;
2009-12-21 21:30:00;1.94;2.40;3.06;2.10;1.41;2.68;7.90;7.50;6.50;8.10;12.90;1.64;1.59;0.039;0.102;1.80;245;0.060;2.894;0.26;2.08;8.30;6.20;8.10;0.44;0.31;158.10;173.00;32.00;49.80;;;;;;;;;;;;;;;;;;;;;;;;;;;;;;;;;;;;;;;;;;
2009-12-21 22:00:00;1.68;2.10;3.12;1.85;1.21;2.34;7.50;7.50;6.00;8.20;12.20;1.73;1.46;0.040;0.179;1.20;267;0.139;2.995;0.23;1.88;8.40;6.00;7.60;0.42;0.30;164.60;165.90;42.00;50.80;;;;;;;;;;;;;;;;;;;;;;;;;;;;;;;;;;;;;;;;;;
2009-12-21 22:30:00;1.89;2.28;2.67;2.01;1.36;2.49;7.70;7.50;6.40;9.70;13.60;1.66;1.47;0.042;0.340;0.90;248;0.134;2.891;0.33;1.98;8.10;6.10;7.70;0.42;0.31;154.50;171.90;38.00;51.30;;;;;;;;;;;;;;;;;;;;;;;;;;;;;;;;;;;;;;;;;;
2009-12-21 23:00:00;1.84;2.31;3.08;2.03;1.29;2.63;7.60;8.00;6.00;6.70;13.40;1.98;1.50;0.038;0.138;1.80;265;0.149;2.986;0.33;2.05;8.30;6.40;8.00;0.41;0.37;161.20;175.50;33.40;48.30;;;;;;;;;;;;;;;;;;;;;;;;;;;;;;;;;;;;;;;;;;
2009-12-21 23:30:00;1.67;2.10;2.90;1.83;1.19;2.33;7.50;7.70;6.10;7.10;11.60;1.59;1.50;0.035;0.095;1.90;260;0.176;3.012;0.23;1.78;7.80;6.00;7.90;0.44;0.29;171.60;188.10;46.90;55.30;;;;;;;;;;;;;;;;;;;;;;;;;;;;;;;;;;;;;;;;;;
2009-12-22 00:00:00;1.65;2.03;2.77;1.81;1.19;2.32;7.80;7.70;6.30;8.20;13.40;1.37;1.58;0.041;0.304;0.80;252;-0.019;2.842;0.21;1.77;8.10;6.20;8.10;0.44;0.29;162.90;183.50;39.10;52.10;;;;;;;;;;;;;;;;;;;;;;;;;;;;;;;;;;;;;;;;;;
2009-12-22 00:30:00;1.66;2.08;2.54;1.80;1.19;2.30;8.00;8.10;6.50;8.50;14.80;1.42;1.47;0.031;0.074;1.90;245;0.065;2.989;0.37;1.77;8.40;6.40;8.30;0.44;0.26;173.20;189.70;41.50;51.10;;;;;;;;;;;;;;;;;;;;;;;;;;;;;;;;;;;;;;;;;;
2009-12-22 01:00:00;1.64;2.00;2.68;1.79;1.18;2.16;8.00;8.10;6.50;7.10;13.70;1.31;1.49;0.032;0.099;1.10;244;-0.015;2.917;0.22;1.78;8.60;6.40;8.10;0.43;0.36;162.20;178.30;37.60;50.30;;;;;;;;;;;;;;;;;;;;;;;;;;;;;;;;;;;;;;;;;;
2009-12-22 01:30:00;1.64;2.04;2.51;1.82;1.18;2.38;7.70;8.10;6.40;7.20;13.20;1.40;1.54;0.040;0.366;1.00;246;-0.054;2.877;0.23;1.76;8.30;6.40;8.20;0.44;0.36;164.90;184.30;40.40;49.90;;;;;;;;;;;;;;;;;;;;;;;;;;;;;;;;;;;;;;;;;;
2009-12-22 02:00:00;1.59;2.01;2.52;1.77;1.12;2.30;7.40;7.60;5.90;8.60;16.80;1.48;1.36;0.042;0.265;0.80;269;0.058;3.033;0.35;1.75;8.30;6.00;7.90;0.47;0.32;167.90;187.80;38.40;51.30;;;;;;;;;;;;;;;;;;;;;;;;;;;;;;;;;;;;;;;;;;
2009-12-22 02:30:00;1.61;1.95;2.47;2.50;1.13;2.08;7.90;8.30;6.20;8.20;15.00;1.33;1.36;0.040;0.171;1.10;257;999.999;999.999;0.28;2.43;8.40;4.80;8.20;0.61;0.27;171.50;206.40;48.60;63.80;;;;;;;;;;;;;;;;;;;;;;;;;;;;;;;;;;;;;;;;;;
2009-12-22 03:00:00;1.59;1.99;2.68;1.75;1.13;2.19;7.30;7.90;5.60;7.40;12.90;1.49;1.36;0.052;0.199;1.00;281;0.061;2.962;0.11;1.71;8.00;5.40;7.70;0.51;0.28;165.40;210.20;46.30;51.20;;;;;;;;;;;;;;;;;;;;;;;;;;;;;;;;;;;;;;;;;;
2009-12-22 03:30:00;1.68;2.05;2.35;1.82;1.19;2.25;8.00;8.60;6.10;7.50;16.40;1.46;1.36;0.047;0.194;1.10;262;0.073;2.915;0.21;1.83;8.90;6.00;8.20;0.50;0.39;164.90;203.70;38.00;47.60;;;;;;;;;;;;;;;;;;;;;;;;;;;;;;;;;;;;;;;;;;
2009-12-22 04:00:00;1.51;1.84;2.62;1.67;1.08;2.04;7.70;8.60;6.00;8.50;13.10;1.49;1.45;0.046;0.266;1.00;266;0.047;3.017;0.14;1.67;16.20;6.00;8.60;0.53;0.26;264.30;221.70;31.40;49.50;;;;;;;;;;;;;;;;;;;;;;;;;;;;;;;;;;;;;;;;;;
2009-12-22 04:30:00;1.58;2.00;2.96;1.72;1.11;2.25;8.50;8.90;6.00;9.30;15.90;1.61;1.46;0.051;0.676;0.90;264;0.120;3.054;0.16;1.76;8.60;6.10;8.90;0.55;0.28;162.30;209.70;41.30;45.50;;;;;;;;;;;;;;;;;;;;;;;;;;;;;;;;;;;;;;;;;;
2009-12-22 05:00:00;1.50;1.89;2.57;1.65;1.07;2.23;7.90;8.10;5.90;7.50;14.70;1.34;1.65;0.044;0.157;1.10;268;0.009;3.033;0.19;1.61;8.90;5.80;8.40;0.55;0.30;163.30;207.20;46.70;48.90;;;;;;;;;;;;;;;;;;;;;;;;;;;;;;;;;;;;;;;;;;
2009-12-22 05:30:00;1.41;1.78;2.35;1.57;1.00;1.93;8.00;8.60;6.10;8.50;15.20;1.45;1.36;0.036;0.097;2.60;259;0.177;3.091;0.20;1.55;8.40;6.00;8.90;0.55;0.24;158.00;213.40;39.90;46.90;;;;;;;;;;;;;;;;;;;;;;;;;;;;;;;;;;;;;;;;;;
2009-12-22 06:00:00;1.43;1.77;2.15;1.56;1.01;1.99;8.30;8.60;6.10;12.60;15.80;1.26;1.23;0.038;0.256;1.20;260;0.123;2.855;0.14;1.53;8.40;6.10;8.80;0.53;0.26;163.30;216.60;45.10;47.20;;;;;;;;;;;;;;;;;;;;;;;;;;;;;;;;;;;;;;;;;;
2009-12-22 06:30:00;1.36;1.68;2.11;1.55;0.98;1.87;8.70;9.40;6.50;10.60;16.40;1.21;1.36;0.036;0.289;1.10;241;-0.020;2.950;0.14;1.53;15.70;6.40;9.80;0.59;0.18;263.50;233.10;24.90;45.60;;;;;;;;;;;;;;;;;;;;;;;;;;;;;;;;;;;;;;;;;;
2009-12-22 07:00:00;1.27;1.58;2.16;1.41;0.90;1.73;8.10;8.20;6.10;7.00;13.90;1.23;1.21;0.033;0.093;1.70;261;-0.034;3.199;0.19;1.38;15.70;6.00;8.80;0.54;0.21;265.70;228.50;28.90;48.60;;;;;;;;;;;;;;;;;;;;;;;;;;;;;;;;;;;;;;;;;;
2009-12-22 07:30:00;1.35;1.69;2.62;1.51;0.97;1.83;8.10;8.70;6.30;8.90;15.70;1.23;1.39;0.033;0.131;1.20;252;0.080;2.881;0.13;1.51;8.00;6.20;8.80;0.53;0.22;170.70;228.00;40.20;45.30;;;;;;;;;;;;;;;;;;;;;;;;;;;;;;;;;;;;;;;;;;
2009-12-22 08:00:00;1.39;1.70;2.16;1.59;1.01;1.88;8.00;7.80;5.90;7.80;15.60;1.34;1.25;0.046;0.162;1.00;270;-0.039;2.819;0.11;1.55;14.70;5.80;8.70;0.57;0.22;266.00;237.70;30.90;48.60;;;;;;;;;;;;;;;;;;;;;;;;;;;;;;;;;;;;;;;;;;
2009-12-22 08:30:00;1.34;1.73;2.80;1.54;0.96;1.94;7.70;8.40;5.60;8.10;15.20;1.52;1.29;0.051;0.231;1.20;284;0.067;3.173;0.09;1.55;15.10;5.70;8.70;0.58;0.22;262.70;242.20;28.90;47.40;;;;;;;;;;;;;;;;;;;;;;;;;;;;;;;;;;;;;;;;;;
2009-12-22 09:00:00;1.40;1.74;2.16;1.58;0.98;1.99;7.60;8.20;5.70;6.90;14.40;1.41;1.24;0.044;0.255;1.20;276;0.161;2.949;0.10;1.58;14.70;5.80;8.60;0.56;0.22;262.00;240.20;25.80;46.10;;;;;;;;;;;;;;;;;;;;;;;;;;;;;;;;;;;;;;;;;;
2009-12-22 09:30:00;1.30;1.64;2.56;1.46;0.92;1.88;8.50;8.90;6.20;8.90;14.00;1.30;1.26;0.036;0.159;0.80;256;0.060;3.099;-0.01;1.46;14.70;6.00;9.20;0.58;0.24;264.40;245.70;27.90;47.80;;;;;;;;;;;;;;;;;;;;;;;;;;;;;;;;;;;;;;;;;;
2009-12-22 10:00:00;1.39;1.72;2.05;1.52;1.00;1.88;8.60;9.30;6.60;13.40;15.10;1.41;1.26;0.034;0.129;2.00;239;0.121;2.930;0.09;1.49;14.80;6.30;9.20;0.54;0.20;257.90;234.10;23.00;46.50;;;;;;;;;;;;;;;;;;;;;;;;;;;;;;;;;;;;;;;;;;
2009-12-22 10:30:00;1.42;1.70;2.46;1.55;1.02;1.89;8.80;9.20;6.70;9.80;16.80;1.28;1.37;0.033;0.201;1.00;236;0.004;2.915;0.07;1.54;15.10;6.60;9.40;0.52;0.22;266.00;239.60;22.80;46.30;;;;;;;;;;;;;;;;;;;;;;;;;;;;;;;;;;;;;;;;;;
2009-12-22 11:00:00;1.50;1.81;2.20;1.64;1.08;1.97;9.10;9.10;7.00;9.50;16.10;1.36;1.25;0.028;0.081;1.10;225;-0.093;2.850;0.16;1.57;14.70;6.80;9.20;0.48;0.16;264.60;232.10;24.30;46.50;;;;;;;;;;;;;;;;;;;;;;;;;;;;;;;;;;;;;;;;;;
2009-12-22 11:30:00;1.44;1.82;2.67;1.60;1.04;1.97;8.80;10.10;7.00;10.20;16.70;1.58;1.14;0.026;0.134;1.20;229;0.139;2.970;0.21;1.58;8.30;7.10;9.30;0.47;0.21;172.40;228.90;52.90;48.00;;;;;;;;;;;;;;;;;;;;;;;;;;;;;;;;;;;;;;;;;;
2009-12-22 12:00:00;1.40;1.79;2.31;1.54;1.00;2.07;8.40;9.10;6.80;8.60;13.90;1.27;1.18;0.026;0.061;1.60;231;0.005;2.968;0.16;1.52;8.30;6.80;8.90;0.46;0.25;184.30;229.60;53.00;49.00;;;;;;;;;;;;;;;;;;;;;;;;;;;;;;;;;;;;;;;;;;
2009-12-22 12:30:00;1.37;1.67;2.33;1.52;0.98;1.83;9.30;10.70;7.10;13.50;15.90;1.40;1.18;0.025;0.081;1.40;220;0.060;2.887;0.27;1.49;14.70;7.00;9.70;0.49;0.17;263.10;242.70;20.30;45.60;;;;;;;;;;;;;;;;;;;;;;;;;;;;;;;;;;;;;;;;;;
2009-12-22 13:00:00;1.33;1.60;1.91;1.44;0.96;1.70;8.70;9.10;7.10;9.20;18.10;1.03;1.07;0.025;0.104;1.20;225;-0.029;2.672;0.15;1.40;7.80;6.80;9.10;0.47;0.16;180.30;230.60;57.30;48.40;;;;;;;;;;;;;;;;;;;;;;;;;;;;;;;;;;;;;;;;;;
2009-12-22 13:30:00;1.43;1.75;2.24;1.53;1.01;1.95;9.60;9.60;7.40;8.80;16.50;1.15;1.12;0.021;0.084;1.30;214;0.064;2.919;0.05;1.48;14.10;7.10;9.40;0.47;0.17;267.00;237.30;24.70;48.50;;;;;;;;;;;;;;;;;;;;;;;;;;;;;;;;;;;;;;;;;;
2009-12-22 14:00:00;1.30;1.61;1.94;1.42;0.94;1.82;8.70;9.40;7.10;10.40;15.90;1.21;1.12;0.022;0.062;1.20;223;0.061;2.981;0.22;1.44;14.60;6.90;9.10;0.46;0.13;262.70;231.00;31.30;48.80;;;;;;;;;;;;;;;;;;;;;;;;;;;;;;;;;;;;;;;;;;
2009-12-22 14:30:00;1.38;1.65;2.03;1.51;0.99;1.81;8.90;9.20;7.20;13.90;15.00;1.15;1.15;0.022;0.061;2.70;220;-0.012;2.783;0.22;1.52;14.10;7.20;9.40;0.46;0.12;261.10;225.80;25.30;45.10;;;;;;;;;;;;;;;;;;;;;;;;;;;;;;;;;;;;;;;;;;
2009-12-22 15:00:00;1.34;1.57;1.84;1.49;0.98;1.80;9.40;9.00;7.30;10.20;15.90;1.07;1.10;0.023;0.108;1.30;149;0.013;2.574;0.00;999.999;999.999;999.999;999.999;999.999;999.999;999.999;999.999;999.999;999.999;;;;;;;;;;;;;;;;;;;;;;;;;;;;;;;;;;;;;;;;;;
2009-12-22 15:30:00;1.32;1.62;2.35;1.48;0.95;1.75;8.90;9.00;6.70;10.70;16.60;1.46;1.08;0.027;0.089;1.20;237;0.046;2.851;0.14;1.44;14.10;6.70;9.30;0.53;0.18;255.70;233.40;28.30;44.90;;;;;;;;;;;;;;;;;;;;;;;;;;;;;;;;;;;;;;;;;;
2009-12-22 16:00:00;1.25;1.52;2.01;1.36;0.88;1.70;8.30;9.00;6.20;15.20;15.20;1.17;1.05;0.033;0.355;0.90;254;0.058;2.924;0.31;1.34;14.00;6.20;8.90;0.56;0.19;258.90;234.50;34.10;46.40;;;;;;;;;;;;;;;;;;;;;;;;;;;;;;;;;;;;;;;;;;
2009-12-22 16:30:00;1.28;1.57;2.09;1.39;0.92;1.71;8.70;9.40;6.60;7.80;15.00;1.20;1.13;0.034;0.194;1.20;242;0.112;2.922;0.12;1.37;13.60;6.40;8.90;0.54;0.24;255.50;229.50;29.90;45.60;;;;;;;;;;;;;;;;;;;;;;;;;;;;;;;;;;;;;;;;;;
2009-12-22 17:00:00;1.38;1.65;2.29;1.50;0.98;1.76;9.30;10.80;6.60;9.40;16.20;1.24;1.21;0.037;0.105;1.50;240;-0.054;2.862;0.07;1.44;14.00;6.30;9.50;0.61;0.23;259.60;242.00;27.30;42.50;;;;;;;;;;;;;;;;;;;;;;;;;;;;;;;;;;;;;;;;;;
2009-12-22 17:30:00;1.34;1.72;2.37;1.49;0.93;1.91;8.70;8.90;6.00;9.60;14.20;1.46;1.33;0.048;0.434;1.10;266;0.076;3.285;0.13;1.47;12.80;6.10;9.10;0.59;0.28;258.10;240.10;28.50;43.50;;;;;;;;;;;;;;;;;;;;;;;;;;;;;;;;;;;;;;;;;;
2009-12-22 18:00:00;1.26;1.59;2.01;1.42;0.90;1.80;8.50;10.10;5.90;8.80;14.00;1.31;1.06;0.043;0.318;1.10;271;0.021;2.965;0.05;1.38;13.90;5.80;9.20;0.63;0.27;254.30;244.00;25.70;41.70;;;;;;;;;;;;;;;;;;;;;;;;;;;;;;;;;;;;;;;;;;
2009-12-22 18:30:00;1.31;1.68;2.59;1.47;0.93;1.83;8.30;9.40;5.90;11.90;14.30;1.35;1.24;0.052;0.201;0.90;269;0.045;3.224;0.08;1.45;13.20;5.80;9.00;0.62;0.33;254.60;248.20;32.20;43.10;;;;;;;;;;;;;;;;;;;;;;;;;;;;;;;;;;;;;;;;;;
2009-12-22 19:00:00;1.38;1.68;2.22;1.52;0.97;1.87;8.50;9.60;6.00;10.90;13.90;1.35;1.09;0.046;0.295;0.90;267;0.095;2.828;0.18;1.50;12.20;5.70;8.80;0.61;0.38;257.20;250.30;33.00;41.50;;;;;;;;;;;;;;;;;;;;;;;;;;;;;;;;;;;;;;;;;;
2009-12-22 19:30:00;1.34;1.67;2.18;1.52;0.96;1.93;7.90;8.70;5.60;8.60;13.40;1.28;1.23;0.050;0.273;0.90;282;0.044;2.894;0.19;1.49;11.30;5.40;8.10;0.57;0.35;244.20;247.80;39.00;44.10;;;;;;;;;;;;;;;;;;;;;;;;;;;;;;;;;;;;;;;;;;
2009-12-22 20:00:00;1.50;1.89;2.69;1.65;1.07;1.99;8.80;9.60;6.20;10.00;14.40;1.35;1.45;0.049;0.311;1.10;255;0.003;2.878;0.16;1.61;11.40;5.90;8.80;0.59;0.44;238.70;245.90;35.10;40.30;;;;;;;;;;;;;;;;;;;;;;;;;;;;;;;;;;;;;;;;;;
2009-12-22 20:30:00;1.47;1.82;2.19;1.64;1.04;2.04;8.70;9.40;6.00;9.80;14.10;1.36;1.32;0.044;0.336;1.00;266;-0.027;2.936;0.24;1.63;11.40;5.90;9.00;0.60;0.39;245.20;248.50;36.30;42.70;;;;;;;;;;;;;;;;;;;;;;;;;;;;;;;;;;;;;;;;;;
2009-12-22 21:00:00;1.49;1.89;2.58;1.67;1.06;2.11;8.40;9.60;6.10;9.20;13.30;1.34;1.24;0.044;0.161;1.10;262;0.081;2.906;0.21;1.69;11.00;6.00;8.70;0.57;0.38;243.00;251.90;33.20;39.20;;;;;;;;;;;;;;;;;;;;;;;;;;;;;;;;;;;;;;;;;;
2009-12-22 21:30:00;1.58;1.95;2.50;1.74;1.12;2.19;9.30;10.30;6.50;12.90;16.70;1.33;1.31;0.045;0.228;1.10;242;0.001;2.854;0.19;1.74;12.20;6.40;9.60;0.61;0.49;235.90;249.50;32.00;39.20;;;;;;;;;;;;;;;;;;;;;;;;;;;;;;;;;;;;;;;;;;
2009-12-22 22:00:00;1.74;2.14;3.30;1.87;1.23;2.31;10.00;10.40;7.00;10.40;15.00;1.62;1.68;0.038;0.100;1.50;226;-0.020;2.931;0.21;1.84;11.10;6.40;9.20;0.58;0.49;238.30;247.70;26.60;36.60;;;;;;;;;;;;;;;;;;;;;;;;;;;;;;;;;;;;;;;;;;
2009-12-22 22:30:00;1.65;2.09;2.60;1.83;1.15;2.25;9.60;10.70;6.10;10.80;13.40;1.48;1.43;0.064;0.349;1.10;261;0.004;2.883;0.15;1.83;11.70;6.20;9.30;0.61;0.49;237.30;250.50;31.20;38.30;;;;;;;;;;;;;;;;;;;;;;;;;;;;;;;;;;;;;;;;;;
2009-12-22 23:00:00;1.82;2.31;3.34;1.94;1.25;2.48;10.00;10.90;6.70;10.00;14.30;1.57;1.77;0.052;0.535;0.80;239;0.103;3.064;0.34;1.97;11.40;6.50;9.50;0.60;0.51;237.10;248.40;25.10;33.80;;;;;;;;;;;;;;;;;;;;;;;;;;;;;;;;;;;;;;;;;;
2009-12-22 23:30:00;1.60;2.02;2.74;1.76;1.13;2.38;9.10;10.40;6.20;10.70;14.10;1.63;1.44;0.057;0.349;1.00;259;0.049;3.066;0.26;1.76;11.40;6.00;9.00;0.61;0.49;236.90;253.00;31.60;37.40;;;;;;;;;;;;;;;;;;;;;;;;;;;;;;;;;;;;;;;;;;
2009-12-23 00:00:00;1.60;2.02;2.91;1.77;1.11;2.19;9.10;10.20;6.10;10.80;15.60;1.81;1.41;0.053;0.241;0.90;262;0.095;3.071;0.33;1.74;11.40;6.20;9.20;0.60;0.54;236.80;249.40;29.80;38.30;;;;;;;;;;;;;;;;;;;;;;;;;;;;;;;;;;;;;;;;;;
2009-12-23 00:30:00;1.63;2.07;2.85;1.83;1.16;2.33;9.00;10.90;6.20;11.30;14.60;1.58;1.40;0.051;0.196;1.30;253;0.110;2.872;0.29;1.81;11.40;6.00;9.00;0.61;0.51;238.40;249.10;28.20;36.30;;;;;;;;;;;;;;;;;;;;;;;;;;;;;;;;;;;;;;;;;;
2009-12-23 01:00:00;1.75;2.27;2.75;1.95;1.22;2.64;8.70;9.70;6.00;10.30;13.20;1.57;1.69;0.051;0.122;2.10;260;-0.004;3.000;0.21;1.92;11.10;6.20;8.90;0.57;0.51;237.50;247.10;25.80;34.70;;;;;;;;;;;;;;;;;;;;;;;;;;;;;;;;;;;;;;;;;;
2009-12-23 01:30:00;1.91;2.52;3.43;2.09;1.36;2.90;9.00;10.20;6.40;10.90;14.50;1.94;1.74;0.049;0.250;1.10;250;0.080;3.246;0.28;2.08;11.00;6.20;9.00;0.58;0.46;241.00;250.10;26.90;34.10;;;;;;;;;;;;;;;;;;;;;;;;;;;;;;;;;;;;;;;;;;
2009-12-23 02:00:00;2.07;2.68;3.45;2.26;1.44;3.14;8.60;10.40;6.00;9.60;12.80;1.86;1.89;0.059;0.222;2.00;267;0.027;3.163;0.34;2.26;11.30;6.00;8.60;0.55;0.40;231.00;243.20;24.40;32.50;;;;;;;;;;;;;;;;;;;;;;;;;;;;;;;;;;;;;;;;;;
2009-12-23 02:30:00;1.97;2.47;3.14;2.11;1.41;2.86;8.20;9.60;6.00;10.80;14.40;1.89;1.70;0.061;0.265;0.90;266;-0.033;3.104;0.27;2.10;11.00;5.70;8.20;0.53;0.35;237.20;244.10;31.30;35.80;;;;;;;;;;;;;;;;;;;;;;;;;;;;;;;;;;;;;;;;;;
2009-12-23 03:00:00;1.93;2.30;3.11;2.14;1.41;2.50;8.70;9.30;6.30;10.90;13.50;1.66;1.69;0.055;0.152;1.90;251;0.028;2.616;0.06;2.12;11.30;5.90;8.50;0.54;0.36;234.30;243.50;29.30;36.10;;;;;;;;;;;;;;;;;;;;;;;;;;;;;;;;;;;;;;;;;;
2009-12-23 03:30:00;1.93;2.40;3.17;2.17;1.40;2.63;7.70;8.20;5.70;9.70;13.90;2.24;1.75;0.060;0.239;1.20;279;0.113;2.977;0.09;2.16;10.70;5.60;7.80;0.50;0.28;237.70;239.90;27.10;35.30;;;;;;;;;;;;;;;;;;;;;;;;;;;;;;;;;;;;;;;;;;
2009-12-23 04:00:00;1.93;2.44;3.31;2.17;1.39;2.96;8.00;8.90;5.90;11.70;14.60;2.23;2.01;0.059;0.193;1.90;270;0.170;3.244;0.06;2.16;11.80;5.80;8.30;0.53;0.29;242.00;237.90;25.20;34.80;;;;;;;;;;;;;;;;;;;;;;;;;;;;;;;;;;;;;;;;;;
2009-12-23 04:30:00;1.80;2.22;3.05;2.03;1.30;2.46;8.00;8.50;5.90;9.50;12.90;1.87;1.58;0.056;0.237;1.30;264;0.075;2.985;0.14;2.02;11.70;5.80;8.20;0.52;0.26;241.70;240.30;30.10;35.80;;;;;;;;;;;;;;;;;;;;;;;;;;;;;;;;;;;;;;;;;;
2009-12-23 05:00:00;1.85;2.28;3.59;2.01;1.31;2.49;8.50;9.10;6.30;9.10;15.30;1.84;1.75;0.051;0.444;0.90;250;0.029;2.889;0.21;1.99;10.70;6.20;8.50;0.51;0.36;241.00;241.20;26.80;34.70;;;;;;;;;;;;;;;;;;;;;;;;;;;;;;;;;;;;;;;;;;
2009-12-23 05:30:00;1.84;2.29;2.71;2.01;1.29;2.54;9.30;10.50;6.60;10.10;13.10;1.56;1.56;0.041;0.162;1.80;238;0.018;2.924;0.39;1.93;10.90;6.40;8.90;0.54;0.43;232.20;239.70;23.70;33.30;;;;;;;;;;;;;;;;;;;;;;;;;;;;;;;;;;;;;;;;;;
2009-12-23 06:00:00;1.93;2.39;3.03;2.05;1.37;2.55;9.70;10.30;6.80;9.90;14.50;1.76;1.75;0.050;0.338;1.00;231;0.098;2.959;0.24;2.05;11.10;6.70;9.30;0.56;0.50;234.90;239.70;23.20;31.60;;;;;;;;;;;;;;;;;;;;;;;;;;;;;;;;;;;;;;;;;;
2009-12-23 06:30:00;1.79;2.20;2.86;1.99;1.29;2.49;8.80;10.20;6.40;10.00;13.40;1.62;1.54;0.050;0.172;1.40;246;0.057;2.859;0.11;1.98;10.70;6.20;8.70;0.54;0.41;238.00;241.70;27.00;32.90;;;;;;;;;;;;;;;;;;;;;;;;;;;;;;;;;;;;;;;;;;
2009-12-23 07:00:00;1.89;2.28;3.05;2.06;1.37;2.47;8.30;8.10;6.30;9.00;14.50;1.84;1.46;0.052;0.174;1.90;250;0.147;2.756;0.17;2.07;10.70;5.90;8.10;0.51;0.28;244.70;244.20;29.60;34.60;;;;;;;;;;;;;;;;;;;;;;;;;;;;;;;;;;;;;;;;;;
2009-12-23 07:30:00;1.91;2.29;2.75;2.12;1.39;2.54;7.90;8.60;6.00;9.10;14.20;1.55;1.62;0.057;0.389;0.90;264;0.002;2.759;0.05;2.11;11.40;5.80;8.20;0.52;0.28;246.40;242.10;31.50;35.10;;;;;;;;;;;;;;;;;;;;;;;;;;;;;;;;;;;;;;;;;;
2009-12-23 08:00:00;2.01;2.41;3.04;2.25;1.46;2.60;7.30;7.90;5.80;6.10;15.60;2.30;1.73;0.060;0.275;1.00;276;0.129;3.058;0.18;2.25;11.40;5.70;7.50;0.46;0.12;239.60;243.70;31.60;34.40;;;;;;;;;;;;;;;;;;;;;;;;;;;;;;;;;;;;;;;;;;
2009-12-23 08:30:00;2.04;2.64;4.08;2.26;1.45;2.97;7.60;7.60;5.80;7.80;13.80;2.34;1.76;0.052;0.205;1.70;276;0.108;3.361;0.04;2.26;11.40;5.90;8.00;0.49;0.18;247.50;243.50;29.70;34.90;;;;;;;;;;;;;;;;;;;;;;;;;;;;;;;;;;;;;;;;;;
2009-12-23 09:00:00;2.20;2.67;3.64;2.39;1.56;2.89;7.60;7.70;5.90;9.10;14.60;1.88;2.39;0.050;0.112;3.00;267;0.017;2.749;0.11;2.38;11.40;5.80;7.60;0.46;0.19;245.10;243.70;30.40;34.00;;;;;;;;;;;;;;;;;;;;;;;;;;;;;;;;;;;;;;;;;;
2009-12-23 09:30:00;2.23;2.72;3.43;2.44;1.60;2.93;7.60;8.30;6.00;10.50;13.10;2.00;2.35;0.062;0.466;1.10;265;-0.006;2.903;0.22;2.42;11.00;5.90;7.70;0.45;0.22;238.60;239.90;30.40;35.50;;;;;;;;;;;;;;;;;;;;;;;;;;;;;;;;;;;;;;;;;;
2009-12-23 10:00:00;2.32;2.89;3.83;2.52;1.68;3.39;7.20;7.30;6.00;6.60;12.70;2.26;1.80;0.062;0.330;1.20;264;0.091;2.858;0.08;2.51;10.70;5.80;7.50;0.44;0.19;243.30;239.60;31.50;34.90;;;;;;;;;;;;;;;;;;;;;;;;;;;;;;;;;;;;;;;;;;
2009-12-23 10:30:00;2.20;2.72;3.95;2.39;1.59;3.27;7.20;8.00;5.90;9.10;14.40;1.86;2.09;0.053;0.245;1.30;268;0.008;2.996;0.17;2.40;11.80;5.90;7.80;0.46;0.15;239.20;242.70;28.90;35.70;;;;;;;;;;;;;;;;;;;;;;;;;;;;;;;;;;;;;;;;;;
2009-12-23 11:00:00;2.19;2.72;3.21;2.34;1.57;3.06;7.90;8.00;6.10;8.40;14.40;2.18;1.86;0.060;0.484;1.20;259;0.087;3.015;0.25;2.35;11.10;5.90;7.80;0.47;0.23;247.80;242.90;29.20;36.00;;;;;;;;;;;;;;;;;;;;;;;;;;;;;;;;;;;;;;;;;;
2009-12-23 11:30:00;2.03;2.51;3.13;11.18;1.46;2.68;7.80;7.40;6.10;6.70;11.90;1.92;1.57;0.045;0.186;1.00;188;-1.300;999.999;0.17;999.999;999.999;999.999;999.999;999.999;999.999;999.999;999.999;999.999;999.999;;;;;;;;;;;;;;;;;;;;;;;;;;;;;;;;;;;;;;;;;;
